date,mcx_silver
2015-01-05,38830.0
2015-01-06,39029.0
2015-01-07,39339.0
2015-01-08,39354.0
2015-01-09,39354.0
2015-01-12,39354.0
2015-01-13,38892.0
2015-01-14,39491.0
2015-01-15,39536.0
2015-01-16,39527.0
2015-01-19,39527.0
2015-01-20,39527.0
2015-01-21,39527.0
2015-01-22,39305.0
2015-01-23,39346.0
2015-01-26,39455.0
2015-01-27,39478.0
2015-01-28,39478.0
2015-01-29,39478.0
2015-01-30,39478.0
2015-02-02,39296.0
2015-02-03,39271.0
2015-02-04,39377.0
2015-02-05,39338.0
2015-02-06,39338.0
2015-02-09,39338.0
2015-02-10,39311.0
2015-02-11,39082.0
2015-02-12,38688.0
2015-02-13,37974.0
2015-02-16,37974.0
2015-02-17,37974.0
2015-02-18,37974.0
2015-02-19,37619.0
2015-02-20,37585.0
2015-02-23,36800.0
2015-02-24,36469.0
2015-02-25,36469.0
2015-02-26,36469.0
2015-02-27,37158.0
2015-03-02,36398.0
2015-03-03,36398.0
2015-03-04,36644.0
2015-03-05,36644.0
2015-03-06,36644.0
2015-03-09,36873.0
2015-03-10,37027.0
2015-03-11,37180.0
2015-03-12,37098.0
2015-03-13,37097.0
2015-03-16,37097.0
2015-03-17,37097.0
2015-03-18,37097.0
2015-03-19,37547.0
2015-03-20,37867.0
2015-03-23,38350.0
2015-03-24,38350.0
2015-03-25,38350.0
2015-03-26,38350.0
2015-03-27,38715.0
2015-03-30,38575.0
2015-03-31,38642.0
2015-04-01,38643.0
2015-04-02,38643.0
2015-04-03,38643.0
2015-04-06,38643.0
2015-04-07,38562.0
2015-04-08,38565.0
2015-04-09,38730.0
2015-04-10,38567.0
2015-04-13,38567.0
2015-04-14,38567.0
2015-04-15,38567.0
2015-04-16,38732.0
2015-04-17,38767.0
2015-04-20,38763.0
2015-04-21,38714.0
2015-04-22,38714.0
2015-04-23,38714.0
2015-04-24,38714.0
2015-04-27,38715.0
2015-04-28,39007.0
2015-04-29,39700.0
2015-04-30,39700.0
2015-05-01,39700.0
2015-05-04,39700.0
2015-05-05,39197.0
2015-05-06,39040.0
2015-05-07,39065.0
2015-05-08,39237.0
2015-05-11,39237.0
2015-05-12,39237.0
2015-05-13,39237.0
2015-05-14,38710.0
2015-05-15,38788.0
2015-05-18,37709.0
2015-05-19,37792.0
2015-05-20,37792.0
2015-05-21,37792.0
2015-05-22,37792.0
2015-05-25,37792.0
2015-05-26,38175.0
2015-05-27,38653.0
2015-05-28,38709.0
2015-05-29,38709.0
2015-06-01,38709.0
2015-06-02,38468.0
2015-06-03,38263.0
2015-06-04,38104.0
2015-06-05,38315.0
2015-06-08,38315.0
2015-06-09,38315.0
2015-06-10,38315.0
2015-06-11,38512.0
2015-06-12,38449.0
2015-06-15,38010.0
2015-06-16,38010.0
2015-06-17,38010.0
2015-06-18,38010.0
2015-06-19,38010.0
2015-06-22,38477.0
2015-06-23,38571.0
2015-06-24,38347.0
2015-06-25,38313.0
2015-06-26,38313.0
2015-06-29,38313.0
2015-06-30,38164.0
2015-07-01,38260.0
2015-07-02,38355.0
2015-07-03,38212.0
2015-07-06,38212.0
2015-07-07,38212.0
2015-07-08,38212.0
2015-07-09,37903.0
2015-07-10,37948.0
2015-07-13,38409.0
2015-07-14,38219.0
2015-07-15,38219.0
2015-07-16,38219.0
2015-07-17,38219.0
2015-07-20,38587.0
2015-07-21,38325.0
2015-07-22,38325.0
2015-07-23,38325.0
2015-07-24,38325.0
2015-07-27,38325.0
2015-07-28,38168.0
2015-07-29,38315.0
2015-07-30,38305.0
2015-07-31,37824.0
2015-08-03,37824.0
2015-08-04,37824.0
2015-08-05,37824.0
2015-08-06,38023.0
2015-08-07,38212.0
2015-08-10,38453.0
2015-08-11,38485.0
2015-08-12,38485.0
2015-08-13,38485.0
2015-08-14,38485.0
2015-08-17,38874.0
2015-08-18,39496.0
2015-08-19,40104.0
2015-08-20,40106.0
2015-08-21,40106.0
2015-08-24,40106.0
2015-08-25,39854.0
2015-08-26,39262.0
2015-08-27,39411.0
2015-08-28,39297.0
2015-08-31,39297.0
2015-09-01,39297.0
2015-09-02,39297.0
2015-09-03,38777.0
2015-09-04,38777.0
2015-09-07,38963.0
2015-09-08,38981.0
2015-09-09,38981.0
2015-09-10,38981.0
2015-09-11,38981.0
2015-09-14,39232.0
2015-09-15,39374.0
2015-09-16,39713.0
2015-09-17,39687.0
2015-09-18,39687.0
2015-09-21,39687.0
2015-09-22,39956.0
2015-09-23,39635.0
2015-09-24,39069.0
2015-09-25,39427.0
2015-09-28,39427.0
2015-09-29,39427.0
2015-09-30,39427.0
2015-10-01,39447.0
2015-10-02,40099.0
2015-10-05,40128.0
2015-10-06,40229.0
2015-10-07,40229.0
2015-10-08,40229.0
2015-10-09,40229.0
2015-10-12,39701.0
2015-10-13,39415.0
2015-10-14,39803.0
2015-10-15,39246.0
2015-10-16,39246.0
2015-10-19,39246.0
2015-10-20,39298.0
2015-10-21,39225.0
2015-10-22,39493.0
2015-10-23,39805.0
2015-10-26,39805.0
2015-10-27,39805.0
2015-10-28,39805.0
2015-10-29,40165.0
2015-10-30,40388.0
2015-11-02,41008.0
2015-11-03,41364.0
2015-11-04,41364.0
2015-11-05,41364.0
2015-11-06,41364.0
2015-11-09,39686.0
2015-11-10,39483.0
2015-11-11,39392.0
2015-11-12,39626.0
2015-11-13,39626.0
2015-11-16,39626.0
2015-11-17,39425.0
2015-11-18,39438.0
2015-11-19,39554.0
2015-11-20,39425.0
2015-11-23,39425.0
2015-11-24,39425.0
2015-11-25,39425.0
2015-11-26,39105.0
2015-11-27,38930.0
2015-11-30,39093.0
2015-12-01,39264.0
2015-12-02,39264.0
2015-12-03,39264.0
2015-12-04,39264.0
2015-12-07,39150.0
2015-12-08,39060.0
2015-12-09,38777.0
2015-12-10,38649.0
2015-12-11,38649.0
2015-12-14,38649.0
2015-12-15,38688.0
2015-12-16,38526.0
2015-12-17,37882.0
2015-12-18,37653.0
2015-12-21,37653.0
2015-12-22,37653.0
2015-12-23,37653.0
2015-12-24,38149.0
2015-12-25,38149.0
2015-12-28,38231.0
2015-12-29,38187.0
2015-12-30,37774.0
2015-12-31,37774.0
2016-01-01,37774.0
2016-01-04,37969.0
2016-01-05,37792.0
2016-01-06,37828.0
2016-01-07,37780.0
2016-01-08,37653.0
2016-01-11,37653.0
2016-01-12,37653.0
2016-01-13,37645.0
2016-01-14,37861.0
2016-01-15,37590.0
2016-01-18,37763.0
2016-01-19,37763.0
2016-01-20,37763.0
2016-01-21,37763.0
2016-01-22,37849.0
2016-01-25,37849.0
2016-01-26,36660.0
2016-01-27,36660.0
2016-01-28,36660.0
2016-01-29,36660.0
2016-02-01,36846.0
2016-02-02,36993.0
2016-02-03,36993.0
2016-02-04,36556.0
2016-02-05,36640.0
2016-02-08,36640.0
2016-02-09,36640.0
2016-02-10,36992.0
2016-02-11,37475.0
2016-02-12,37039.0
2016-02-15,37096.0
2016-02-16,37096.0
2016-02-17,37096.0
2016-02-18,37096.0
2016-02-19,37096.0
2016-02-22,36398.0
2016-02-23,36701.0
2016-02-24,36389.0
2016-02-25,36389.0
2016-02-26,36389.0
2016-02-29,36389.0
2016-03-01,36682.0
2016-03-02,36547.0
2016-03-03,36547.0
2016-03-04,36565.0
2016-03-07,36565.0
2016-03-08,36565.0
2016-03-09,36702.0
2016-03-10,36914.0
2016-03-11,36689.0
2016-03-14,36882.0
2016-03-15,36882.0
2016-03-16,36882.0
2016-03-17,36882.0
2016-03-18,37077.0
2016-03-21,37480.0
2016-03-22,37300.0
2016-03-23,37006.0
2016-03-24,37006.0
2016-03-25,37006.0
2016-03-28,37006.0
2016-03-29,37777.0
2016-03-30,37777.0
2016-03-31,38448.0
2016-04-01,38291.0
2016-04-04,38291.0
2016-04-05,38291.0
2016-04-06,38291.0
2016-04-07,38117.0
2016-04-08,37855.0
2016-04-11,37990.0
2016-04-12,38267.0
2016-04-13,38267.0
2016-04-14,38267.0
2016-04-15,38267.0
2016-04-18,38589.0
2016-04-19,38412.0
2016-04-20,38412.0
2016-04-21,38248.0
2016-04-22,38248.0
2016-04-25,38248.0
2016-04-26,38315.0
2016-04-27,38563.0
2016-04-28,38523.0
2016-04-29,38441.0
2016-05-02,38441.0
2016-05-03,38441.0
2016-05-04,38441.0
2016-05-05,38379.0
2016-05-06,37899.0
2016-05-09,37884.0
2016-05-10,38299.0
2016-05-11,38299.0
2016-05-12,38299.0
2016-05-13,38299.0
2016-05-16,38205.0
2016-05-17,38205.0
2016-05-18,38205.0
2016-05-19,38205.0
2016-05-20,38205.0
2016-05-23,38205.0
2016-05-24,36947.0
2016-05-25,36462.0
2016-05-26,36105.0
2016-05-27,36490.0
2016-05-30,36490.0
2016-05-31,36490.0
2016-06-01,36490.0
2016-06-02,36859.0
2016-06-03,36752.0
2016-06-06,36798.0
2016-06-07,36798.0
2016-06-08,36798.0
2016-06-09,36798.0
2016-06-10,36798.0
2016-06-13,36146.0
2016-06-14,35733.0
2016-06-15,35804.0
2016-06-16,35519.0
2016-06-17,35519.0
2016-06-20,35519.0
2016-06-21,36111.0
2016-06-22,36639.0
2016-06-23,36400.0
2016-06-24,36308.0
2016-06-27,36308.0
2016-06-28,36308.0
2016-06-29,36308.0
2016-06-30,36995.0
2016-07-01,37379.0
2016-07-04,37493.0
2016-07-05,37375.0
2016-07-06,37375.0
2016-07-07,37375.0
2016-07-08,37375.0
2016-07-11,37073.0
2016-07-12,36890.0
2016-07-13,36839.0
2016-07-14,36635.0
2016-07-15,36635.0
2016-07-18,36635.0
2016-07-19,36717.0
2016-07-20,36717.0
2016-07-21,37124.0
2016-07-22,37722.0
2016-07-25,37722.0
2016-07-26,37722.0
2016-07-27,37722.0
2016-07-28,38270.0
2016-07-29,38264.0
2016-08-01,38764.0
2016-08-02,38775.0
2016-08-03,38775.0
2016-08-04,38775.0
2016-08-05,38775.0
2016-08-08,38693.0
2016-08-09,38989.0
2016-08-10,39177.0
2016-08-11,39129.0
2016-08-12,39129.0
2016-08-15,39129.0
2016-08-16,39129.0
2016-08-17,39129.0
2016-08-18,39296.0
2016-08-19,39220.0
2016-08-22,39220.0
2016-08-23,39220.0
2016-08-24,39220.0
2016-08-25,38601.0
2016-08-26,38782.0
2016-08-29,38718.0
2016-08-30,38826.0
2016-08-31,38826.0
2016-09-01,38826.0
2016-09-02,38826.0
2016-09-05,38826.0
2016-09-06,39964.0
2016-09-07,40051.0
2016-09-08,40293.0
2016-09-09,40439.0
2016-09-12,40439.0
2016-09-13,40439.0
2016-09-14,40158.0
2016-09-15,40310.0
2016-09-16,40028.0
2016-09-19,39880.0
2016-09-20,39880.0
2016-09-21,39880.0
2016-09-22,39880.0
2016-09-23,39761.0
2016-09-26,39511.0
2016-09-27,39407.0
2016-09-28,39767.0
2016-09-29,39767.0
2016-09-30,39767.0
2016-10-03,40144.0
2016-10-04,40220.0
2016-10-05,40596.0
2016-10-06,40273.0
2016-10-07,40121.0
2016-10-10,40121.0
2016-10-11,40121.0
2016-10-12,40324.0
2016-10-13,40092.0
2016-10-14,40128.0
2016-10-17,39195.0
2016-10-18,39195.0
2016-10-19,39195.0
2016-10-20,39195.0
2016-10-21,39195.0
2016-10-24,38076.0
2016-10-25,37779.0
2016-10-26,37826.0
2016-10-27,37826.0
2016-10-28,38225.0
2016-10-31,38362.0
2016-11-01,38491.0
2016-11-02,37804.0
2016-11-03,37993.0
2016-11-04,37993.0
2016-11-07,37993.0
2016-11-08,37614.0
2016-11-09,37986.0
2016-11-10,37713.0
2016-11-11,37713.0
2016-11-14,37713.0
2016-11-15,37713.0
2016-11-16,37713.0
2016-11-17,38172.0
2016-11-18,38067.0
2016-11-21,37571.0
2016-11-22,37270.0
2016-11-23,37270.0
2016-11-24,37270.0
2016-11-25,37270.0
2016-11-28,37123.0
2016-11-29,37183.0
2016-11-30,37209.0
2016-12-01,37561.0
2016-12-02,37561.0
2016-12-05,37561.0
2016-12-06,37650.0
2016-12-07,37765.0
2016-12-08,37670.0
2016-12-09,37274.0
2016-12-12,37274.0
2016-12-13,37274.0
2016-12-14,37274.0
2016-12-15,37019.0
2016-12-16,37180.0
2016-12-19,37191.0
2016-12-20,37191.0
2016-12-21,37191.0
2016-12-22,37191.0
2016-12-23,37191.0
2016-12-26,37455.0
2016-12-27,37012.0
2016-12-28,37381.0
2016-12-29,37532.0
2016-12-30,37532.0
2017-01-02,37532.0
2017-01-03,37532.0
2017-01-04,37272.0
2017-01-05,37272.0
2017-01-06,36474.0
2017-01-09,36474.0
2017-01-10,36474.0
2017-01-11,36474.0
2017-01-12,36905.0
2017-01-13,36901.0
2017-01-16,37101.0
2017-01-17,36983.0
2017-01-18,36983.0
2017-01-19,36983.0
2017-01-20,36983.0
2017-01-23,37181.0
2017-01-24,37279.0
2017-01-25,37070.0
2017-01-26,36383.0
2017-01-27,36383.0
2017-01-30,36383.0
2017-01-31,36052.0
2017-02-01,36109.0
2017-02-02,36106.0
2017-02-03,36367.0
2017-02-06,36367.0
2017-02-07,36367.0
2017-02-08,36367.0
2017-02-09,36412.0
2017-02-10,36225.0
2017-02-13,36108.0
2017-02-14,36357.0
2017-02-15,36357.0
2017-02-16,36357.0
2017-02-17,36357.0
2017-02-20,36518.0
2017-02-21,36518.0
2017-02-22,36966.0
2017-02-23,36937.0
2017-02-24,36937.0
2017-02-27,36937.0
2017-02-28,36657.0
2017-03-01,36414.0
2017-03-02,36629.0
2017-03-03,36720.0
2017-03-06,36720.0
2017-03-07,36720.0
2017-03-08,36720.0
2017-03-09,36858.0
2017-03-10,36979.0
2017-03-13,37910.0
2017-03-14,37860.0
2017-03-15,37860.0
2017-03-16,37860.0
2017-03-17,37860.0
2017-03-20,38028.0
2017-03-21,37647.0
2017-03-22,37526.0
2017-03-23,37425.0
2017-03-24,37425.0
2017-03-27,37425.0
2017-03-28,37391.0
2017-03-29,37020.0
2017-03-30,37152.0
2017-03-31,37152.0
2017-04-03,37152.0
2017-04-04,37152.0
2017-04-05,37152.0
2017-04-06,37511.0
2017-04-07,37390.0
2017-04-10,37916.0
2017-04-11,37733.0
2017-04-12,37733.0
2017-04-13,37733.0
2017-04-14,37733.0
2017-04-17,37733.0
2017-04-18,37733.0
2017-04-19,38944.0
2017-04-20,40076.0
2017-04-21,40624.0
2017-04-24,40624.0
2017-04-25,40624.0
2017-04-26,40773.0
2017-04-27,40772.0
2017-04-28,41074.0
2017-05-01,40811.0
2017-05-02,40811.0
2017-05-03,40811.0
2017-05-04,40811.0
2017-05-05,40682.0
2017-05-08,40900.0
2017-05-09,40105.0
2017-05-10,40746.0
2017-05-11,40746.0
2017-05-12,40746.0
2017-05-15,42040.0
2017-05-16,41830.0
2017-05-17,42735.0
2017-05-18,42879.0
2017-05-19,43009.0
2017-05-22,43009.0
2017-05-23,43009.0
2017-05-24,43009.0
2017-05-25,44111.0
2017-05-26,43568.0
2017-05-29,43624.0
2017-05-30,43624.0
2017-05-31,43624.0
2017-06-01,43624.0
2017-06-02,43242.0
2017-06-05,43672.0
2017-06-06,43629.0
2017-06-07,43708.0
2017-06-08,43708.0
2017-06-09,43708.0
2017-06-12,45057.0
2017-06-13,45245.0
2017-06-14,46572.0
2017-06-15,47086.0
2017-06-16,46688.0
2017-06-19,46688.0
2017-06-20,46688.0
2017-06-21,46688.0
2017-06-22,47977.0
2017-06-23,49846.0
2017-06-26,46935.0
2017-06-27,46935.0
2017-06-28,46935.0
2017-06-29,46935.0
2017-06-30,46905.0
2017-07-03,46814.0
2017-07-04,46601.0
2017-07-05,46250.0
2017-07-06,46250.0
2017-07-07,46250.0
2017-07-10,45859.0
2017-07-11,46114.0
2017-07-12,45709.0
2017-07-13,45455.0
2017-07-14,45686.0
2017-07-17,45686.0
2017-07-18,45686.0
2017-07-19,46800.0
2017-07-20,47352.0
2017-07-21,47375.0
2017-07-24,44604.0
2017-07-25,44604.0
2017-07-26,44604.0
2017-07-27,44604.0
2017-07-28,44190.0
2017-07-31,44190.0
2017-08-01,45135.0
2017-08-02,45086.0
2017-08-03,45086.0
2017-08-04,45086.0
2017-08-07,44815.0
2017-08-08,44815.0
2017-08-09,45682.0
2017-08-10,45727.0
2017-08-11,45257.0
2017-08-14,45257.0
2017-08-15,45257.0
2017-08-16,45424.0
2017-08-17,45798.0
2017-08-18,44804.0
2017-08-21,45203.0
2017-08-22,45203.0
2017-08-23,45203.0
2017-08-24,45203.0
2017-08-25,45203.0
2017-08-28,45464.0
2017-08-29,45444.0
2017-08-30,46820.0
2017-08-31,46820.0
2017-09-01,46820.0
2017-09-04,46820.0
2017-09-05,46820.0
2017-09-06,46820.0
2017-09-07,46749.0
2017-09-08,46736.0
2017-09-11,46736.0
2017-09-12,46736.0
2017-09-13,46758.0
2017-09-14,46503.0
2017-09-15,45540.0
2017-09-18,44240.0
2017-09-19,44240.0
2017-09-20,44240.0
2017-09-21,44240.0
2017-09-22,44178.0
2017-09-25,44601.0
2017-09-26,44830.0
2017-09-27,44323.0
2017-09-28,44323.0
2017-09-29,44323.0
2017-10-02,44071.0
2017-10-03,44728.0
2017-10-04,44937.0
2017-10-05,44682.0
2017-10-06,44942.0
2017-10-09,44942.0
2017-10-10,44942.0
2017-10-11,44194.0
2017-10-12,44181.0
2017-10-13,44319.0
2017-10-16,44303.0
2017-10-17,44303.0
2017-10-18,44303.0
2017-10-19,44303.0
2017-10-20,44132.0
2017-10-23,44671.0
2017-10-24,43892.0
2017-10-25,44062.0
2017-10-26,44062.0
2017-10-27,44062.0
2017-10-30,43202.0
2017-10-31,43201.0
2017-11-01,43214.0
2017-11-02,43640.0
2017-11-03,43884.0
2017-11-06,43884.0
2017-11-07,43884.0
2017-11-08,44128.0
2017-11-09,44199.0
2017-11-10,44183.0
2017-11-13,44222.0
2017-11-14,44222.0
2017-11-15,44222.0
2017-11-16,44222.0
2017-11-17,45018.0
2017-11-20,45018.0
2017-11-21,46458.0
2017-11-22,46192.0
2017-11-23,46192.0
2017-11-24,46192.0
2017-11-27,46049.0
2017-11-28,46595.0
2017-11-29,46055.0
2017-11-30,46257.0
2017-12-01,47307.0
2017-12-04,47307.0
2017-12-05,47307.0
2017-12-06,47941.0
2017-12-07,47099.0
2017-12-08,47752.0
2017-12-11,46155.0
2017-12-12,46155.0
2017-12-13,46155.0
2017-12-14,46155.0
2017-12-15,46189.0
2017-12-18,46189.0
2017-12-19,46281.0
2017-12-20,46527.0
2017-12-21,46527.0
2017-12-22,46527.0
2017-12-25,46527.0
2017-12-26,46617.0
2017-12-27,46425.0
2017-12-28,46070.0
2017-12-29,45807.0
2018-01-01,45807.0
2018-01-02,45807.0
2018-01-03,45807.0
2018-01-04,47320.0
2018-01-05,46573.0
2018-01-08,46116.0
2018-01-09,46383.0
2018-01-10,46383.0
2018-01-11,46383.0
2018-01-12,46383.0
2018-01-15,45996.0
2018-01-16,45510.0
2018-01-17,46143.0
2018-01-18,46205.0
2018-01-19,46205.0
2018-01-22,46205.0
2018-01-23,46205.0
2018-01-24,45961.0
2018-01-25,45644.0
2018-01-26,45842.0
2018-01-29,45842.0
2018-01-30,45842.0
2018-01-31,45842.0
2018-02-01,46128.0
2018-02-02,46433.0
2018-02-05,47551.0
2018-02-06,47551.0
2018-02-07,47551.0
2018-02-08,47551.0
2018-02-09,47551.0
2018-02-12,48062.0
2018-02-13,47143.0
2018-02-14,46974.0
2018-02-15,45509.0
2018-02-16,45509.0
2018-02-19,45509.0
2018-02-20,45015.0
2018-02-21,45190.0
2018-02-22,46103.0
2018-02-23,46114.0
2018-02-26,46114.0
2018-02-27,46114.0
2018-02-28,46114.0
2018-03-01,45854.0
2018-03-02,45854.0
2018-03-05,45316.0
2018-03-06,42984.0
2018-03-07,42984.0
2018-03-08,42984.0
2018-03-09,42984.0
2018-03-12,34867.0
2018-03-13,35889.0
2018-03-14,34977.0
2018-03-15,37379.0
2018-03-16,37379.0
2018-03-19,37379.0
2018-03-20,36871.0
2018-03-21,36871.0
2018-03-22,36871.0
2018-03-23,36871.0
2018-03-26,36871.0
2018-03-27,36871.0
2018-03-28,36871.0
2018-03-29,36871.0
2018-03-30,36871.0
2018-04-02,36871.0
2018-04-03,36871.0
2018-04-04,36871.0
2018-04-05,36871.0
2018-04-06,36871.0
2018-04-09,36871.0
2018-04-10,36871.0
2018-04-11,36871.0
2018-04-12,36871.0
2018-04-13,36871.0
2018-04-16,36871.0
2018-04-17,36871.0
2018-04-18,36871.0
2018-04-19,36871.0
2018-04-20,36871.0
2018-04-23,36871.0
2018-04-24,36871.0
2018-04-25,36871.0
2018-04-26,36871.0
2018-04-27,36871.0
2018-04-30,36871.0
2018-05-01,36871.0
2018-05-02,36871.0
2018-05-03,36871.0
2018-05-04,36871.0
2018-05-07,36871.0
2018-05-08,36871.0
2018-05-09,36871.0
2018-05-10,36871.0
2018-05-11,36871.0
2018-05-14,36871.0
2018-05-15,36871.0
2018-05-16,36871.0
2018-05-17,36871.0
2018-05-18,36871.0
2018-05-21,36871.0
2018-05-22,36871.0
2018-05-23,36871.0
2018-05-24,36871.0
2018-05-25,36871.0
2018-05-28,36871.0
2018-05-29,36871.0
2018-05-30,36871.0
2018-05-31,36871.0
2018-06-01,36871.0
2018-06-04,36871.0
2018-06-05,36871.0
2018-06-06,36871.0
2018-06-07,36871.0
2018-06-08,36871.0
2018-06-11,36871.0
2018-06-12,36871.0
2018-06-13,36871.0
2018-06-14,36871.0
2018-06-15,36871.0
2018-06-18,36871.0
2018-06-19,36871.0
2018-06-20,36871.0
2018-06-21,36871.0
2018-06-22,36871.0
2018-06-25,48314.0
2018-06-26,48016.0
2018-06-27,47781.0
2018-06-28,47781.0
2018-06-29,47781.0
2018-07-02,47633.0
2018-07-03,47557.0
2018-07-04,47438.0
2018-07-05,48309.0
2018-07-06,47705.0
2018-07-09,47705.0
2018-07-10,47705.0
2018-07-11,46691.0
2018-07-12,47666.0
2018-07-13,47973.0
2018-07-16,48069.0
2018-07-17,48069.0
2018-07-18,48069.0
2018-07-19,48069.0
2018-07-20,48657.0
2018-07-23,48506.0
2018-07-24,47545.0
2018-07-25,48280.0
2018-07-26,48280.0
2018-07-27,48280.0
2018-07-30,48486.0
2018-07-31,48399.0
2018-08-01,49585.0
2018-08-02,48374.0
2018-08-03,48458.0
2018-08-06,48458.0
2018-08-07,48458.0
2018-08-08,49051.0
2018-08-09,48740.0
2018-08-10,50008.0
2018-08-13,50838.0
2018-08-14,50838.0
2018-08-15,50838.0
2018-08-16,50838.0
2018-08-17,51543.0
2018-08-20,52099.0
2018-08-21,51971.0
2018-08-22,51575.0
2018-08-23,51575.0
2018-08-24,51575.0
2018-08-27,52472.0
2018-08-28,54694.0
2018-08-29,59075.0
2018-08-30,60675.0
2018-08-31,59821.0
2018-09-03,59821.0
2018-09-04,59821.0
2018-09-05,64063.0
2018-09-06,62874.0
2018-09-07,64155.0
2018-09-10,63877.0
2018-09-11,63877.0
2018-09-12,63877.0
2018-09-13,63877.0
2018-09-14,63877.0
2018-09-17,70994.0
2018-09-18,72825.0
2018-09-19,73755.0
2018-09-20,73755.0
2018-09-21,73755.0
2018-09-24,72776.0
2018-09-25,69412.0
2018-09-26,69412.0
2018-09-27,66716.0
2018-09-28,67317.0
2018-10-01,67317.0
2018-10-02,67317.0
2018-10-03,67668.0
2018-10-04,69591.0
2018-10-05,66444.0
2018-10-08,65633.0
2018-10-09,65633.0
2018-10-10,65633.0
2018-10-11,65633.0
2018-10-12,65333.0
2018-10-15,62783.0
2018-10-16,65140.0
2018-10-17,64613.0
2018-10-18,64613.0
2018-10-19,64613.0
2018-10-22,65701.0
2018-10-23,68067.0
2018-10-24,65445.0
2018-10-25,64411.0
2018-10-26,64098.0
2018-10-29,64098.0
2018-10-30,64098.0
2018-10-31,65094.0
2018-11-01,64374.0
2018-11-02,64653.0
2018-11-05,65200.0
2018-11-06,65200.0
2018-11-07,65200.0
2018-11-08,65200.0
2018-11-09,65139.0
2018-11-12,65940.0
2018-11-13,64896.0
2018-11-14,65454.0
2018-11-15,65454.0
2018-11-16,65454.0
2018-11-19,63618.0
2018-11-20,59542.0
2018-11-21,58211.0
2018-11-22,56206.0
2018-11-23,57323.0
2018-11-26,57323.0
2018-11-27,57323.0
2018-11-28,57626.0
2018-11-29,59739.0
2018-11-30,59539.0
2018-12-03,59539.0
2018-12-04,59539.0
2018-12-05,59539.0
2018-12-06,59539.0
2018-12-07,60009.0
2018-12-10,58663.0
2018-12-11,60016.0
2018-12-12,60813.0
2018-12-13,60813.0
2018-12-14,60813.0
2018-12-17,62625.0
2018-12-18,61952.0
2018-12-19,60634.0
2018-12-20,60060.0
2018-12-21,61330.0
2018-12-24,61330.0
2018-12-25,61330.0
2018-12-26,61330.0
2018-12-27,62337.0
2018-12-28,61836.0
2018-12-31,62565.0
2019-01-01,62578.0
2019-01-02,62578.0
2019-01-03,62578.0
2019-01-04,62578.0
2019-01-07,61689.0
2019-01-08,60732.0
2019-01-09,59836.0
2019-01-10,60471.0
2019-01-11,60471.0
2019-01-14,60471.0
2019-01-15,61711.0
2019-01-16,62171.0
2019-01-17,61208.0
2019-01-18,62543.0
2019-01-21,62543.0
2019-01-22,62543.0
2019-01-23,62543.0
2019-01-24,65748.0
2019-01-25,61655.0
2019-01-28,62704.0
2019-01-29,62609.0
2019-01-30,62609.0
2019-01-31,62609.0
2019-02-01,62609.0
2019-02-04,62609.0
2019-02-05,62609.0
2019-02-06,61480.0
2019-02-07,62028.0
2019-02-08,62028.0
2019-02-11,62028.0
2019-02-12,61450.0
2019-02-13,59701.0
2019-02-14,60305.0
2019-02-15,60258.0
2019-02-18,60258.0
2019-02-19,60258.0
2019-02-20,60258.0
2019-02-21,59990.0
2019-02-22,60599.0
2019-02-25,63125.0
2019-02-26,62992.0
2019-02-27,62992.0
2019-02-28,62992.0
2019-03-01,62992.0
2019-03-04,63825.0
2019-03-05,62857.0
2019-03-06,62221.0
2019-03-07,62215.0
2019-03-08,62215.0
2019-03-11,62215.0
2019-03-12,62077.0
2019-03-13,63089.0
2019-03-14,65483.0
2019-03-15,66327.0
2019-03-18,66327.0
2019-03-19,66327.0
2019-03-20,66327.0
2019-03-21,66880.0
2019-03-22,66953.0
2019-03-25,66223.0
2019-03-26,66223.0
2019-03-27,66223.0
2019-03-28,66223.0
2019-03-29,66223.0
2019-04-01,67005.0
2019-04-02,67122.0
2019-04-03,67281.0
2019-04-04,67281.0
2019-04-05,67281.0
2019-04-08,67281.0
2019-04-09,68861.0
2019-04-10,69328.0
2019-04-11,69939.0
2019-04-12,68396.0
2019-04-15,68396.0
2019-04-16,68396.0
2019-04-17,68396.0
2019-04-18,64727.0
2019-04-19,64727.0
2019-04-22,65174.0
2019-04-23,65174.0
2019-04-24,65174.0
2019-04-25,65174.0
2019-04-26,65174.0
2019-04-29,64845.0
2019-04-30,65764.0
2019-05-01,65917.0
2019-05-02,67085.0
2019-05-03,65477.0
2019-05-06,65477.0
2019-05-07,65477.0
2019-05-08,66609.0
2019-05-09,66609.0
2019-05-10,65702.0
2019-05-13,69944.0
2019-05-14,69944.0
2019-05-15,69944.0
2019-05-16,69944.0
2019-05-17,72915.0
2019-05-20,67215.0
2019-05-21,66788.0
2019-05-22,67485.0
2019-05-23,67485.0
2019-05-24,67485.0
2019-05-27,68727.0
2019-05-28,69980.0
2019-05-29,68970.0
2019-05-30,68367.0
2019-05-31,68353.0
2019-06-03,68353.0
2019-06-04,68353.0
2019-06-05,69577.0
2019-06-06,70046.0
2019-06-07,68535.0
2019-06-10,68173.0
2019-06-11,68173.0
2019-06-12,68173.0
2019-06-13,68173.0
2019-06-14,69385.0
2019-06-17,69342.0
2019-06-18,70219.0
2019-06-19,68551.0
2019-06-20,68551.0
2019-06-21,68551.0
2019-06-24,68374.0
2019-06-25,67247.0
2019-06-26,67593.0
2019-06-27,65940.0
2019-06-28,64964.0
2019-07-01,64964.0
2019-07-02,64964.0
2019-07-03,65306.0
2019-07-04,65934.0
2019-07-05,66172.0
2019-07-08,65835.0
2019-07-09,65835.0
2019-07-10,65835.0
2019-07-11,65835.0
2019-07-12,66834.0
2019-07-15,66595.0
2019-07-16,66917.0
2019-07-17,66744.0
2019-07-18,66744.0
2019-07-19,66744.0
2019-07-22,65657.0
2019-07-23,65712.0
2019-07-24,65036.0
2019-07-25,63777.0
2019-07-26,64693.0
2019-07-29,64693.0
2019-07-30,64693.0
2019-07-31,64693.0
2019-08-01,63666.0
2019-08-02,62789.0
2019-08-05,62789.0
2019-08-06,62789.0
2019-08-07,62789.0
2019-08-08,62789.0
2019-08-09,65215.0
2019-08-12,66017.0
2019-08-13,66945.0
2019-08-14,66994.0
2019-08-15,66994.0
2019-08-16,66994.0
2019-08-19,67199.0
2019-08-20,66868.0
2019-08-21,66868.0
2019-08-22,67936.0
2019-08-23,68970.0
2019-08-26,68970.0
2019-08-27,68970.0
2019-08-28,69264.0
2019-08-29,68926.0
2019-08-30,68926.0
2019-09-02,68926.0
2019-09-03,69875.0
2019-09-04,69875.0
2019-09-05,69875.0
2019-09-06,69875.0
2019-09-09,69875.0
2019-09-10,69875.0
2019-09-11,69875.0
2019-09-12,69875.0
2019-09-13,69875.0
2019-09-16,69875.0
2019-09-17,69875.0
2019-09-18,69875.0
2019-09-19,69875.0
2019-09-20,69875.0
2019-09-23,69875.0
2019-09-24,69875.0
2019-09-25,69875.0
2019-09-26,69875.0
2019-09-27,69875.0
2019-09-30,69875.0
2019-10-01,69875.0
2019-10-02,69875.0
2019-10-03,69875.0
2019-10-04,69875.0
2019-10-07,69875.0
2019-10-08,69875.0
2019-10-09,69875.0
2019-10-10,69875.0
2019-10-11,69875.0
2019-10-14,69875.0
2019-10-15,70915.0
2019-10-16,70879.0
2019-10-17,71887.0
2019-10-18,70582.0
2019-10-21,70582.0
2019-10-22,70582.0
2019-10-23,70582.0
2019-10-24,71456.0
2019-10-25,71365.0
2019-10-28,70337.0
2019-10-29,70337.0
2019-10-30,70337.0
2019-10-31,70337.0
2019-11-01,70787.0
2019-11-04,70880.0
2019-11-05,71249.0
2019-11-06,72336.0
2019-11-07,72336.0
2019-11-08,72336.0
2019-11-11,71385.0
2019-11-12,71241.0
2019-11-13,71382.0
2019-11-14,69528.0
2019-11-15,68675.0
2019-11-18,68675.0
2019-11-19,68675.0
2019-11-20,67877.0
2019-11-21,68077.0
2019-11-22,67958.0
2019-11-25,68388.0
2019-11-26,68388.0
2019-11-27,68388.0
2019-11-28,68388.0
2019-11-29,68152.0
2019-12-02,67639.0
2019-12-03,68901.0
2019-12-04,68919.0
2019-12-05,68919.0
2019-12-06,68919.0
2019-12-09,69525.0
2019-12-10,69845.0
2019-12-11,69393.0
2019-12-12,68895.0
2019-12-13,68756.0
2019-12-16,68756.0
2019-12-17,68756.0
2019-12-18,68756.0
2019-12-19,68983.0
2019-12-20,69007.0
2019-12-23,68924.0
2019-12-24,68924.0
2019-12-25,68924.0
2019-12-26,68924.0
2019-12-27,68924.0
2019-12-30,67061.0
2019-12-31,67061.0
2020-01-01,66857.0
2020-01-02,67049.0
2020-01-03,67049.0
2020-01-06,67049.0
2020-01-07,67461.0
2020-01-08,66999.0
2020-01-09,66369.0
2020-01-10,67971.0
2020-01-13,67971.0
2020-01-14,67971.0
2020-01-15,67971.0
2020-01-16,67871.0
2020-01-17,67695.0
2020-01-20,67463.0
2020-01-21,66516.0
2020-01-22,66516.0
2020-01-23,66516.0
2020-01-24,66516.0
2020-01-27,62850.0
2020-01-28,62668.0
2020-01-29,62707.0
2020-01-30,62604.0
2020-01-31,62604.0
2020-02-03,63009.0
2020-02-04,63945.0
2020-02-05,63365.0
2020-02-06,63365.0
2020-02-07,62066.0
2020-02-10,62066.0
2020-02-11,62066.0
2020-02-12,62688.0
2020-02-13,63290.0
2020-02-14,63457.0
2020-02-17,63006.0
2020-02-18,63006.0
2020-02-19,63006.0
2020-02-20,63006.0
2020-02-21,63006.0
2020-02-24,63006.0
2020-02-25,63681.0
2020-02-26,63264.0
2020-02-27,63264.0
2020-02-28,63264.0
2020-03-02,64871.0
2020-03-03,64205.0
2020-03-04,64420.0
2020-03-05,63806.0
2020-03-06,63806.0
2020-03-09,63806.0
2020-03-10,63806.0
2020-03-11,62923.0
2020-03-12,62656.0
2020-03-13,63027.0
2020-03-16,61067.0
2020-03-17,61067.0
2020-03-18,61067.0
2020-03-19,61067.0
2020-03-20,59920.0
2020-03-23,60622.0
2020-03-24,60656.0
2020-03-25,60385.0
2020-03-26,60385.0
2020-03-27,60385.0
2020-03-30,60288.0
2020-03-31,59585.0
2020-04-01,60061.0
2020-04-02,58064.0
2020-04-03,59451.0
2020-04-06,59451.0
2020-04-07,59451.0
2020-04-08,60004.0
2020-04-09,60472.0
2020-04-10,60472.0
2020-04-13,61062.0
2020-04-14,60927.0
2020-04-15,60927.0
2020-04-16,60927.0
2020-04-17,60927.0
2020-04-20,61537.0
2020-04-21,61852.0
2020-04-22,62957.0
2020-04-23,62957.0
2020-04-24,62957.0
2020-04-27,62957.0
2020-04-28,62935.0
2020-04-29,63756.0
2020-04-30,64276.0
2020-05-01,64678.0
2020-05-04,64678.0
2020-05-05,64678.0
2020-05-06,64678.0
2020-05-07,65446.0
2020-05-08,65231.0
2020-05-11,64550.0
2020-05-12,64289.0
2020-05-13,64289.0
2020-05-14,64289.0
2020-05-15,64289.0
2020-05-18,64054.0
2020-05-19,62908.0
2020-05-20,62908.0
2020-05-21,62908.0
2020-05-22,62908.0
2020-05-25,62908.0
2020-05-26,62908.0
2020-05-27,62908.0
2020-05-28,64746.0
2020-05-29,64414.0
2020-06-01,66124.0
2020-06-02,66124.0
2020-06-03,66124.0
2020-06-04,66124.0
2020-06-05,66854.0
2020-06-08,66388.0
2020-06-09,66238.0
2020-06-10,66238.0
2020-06-11,66238.0
2020-06-12,66238.0
2020-06-15,65798.0
2020-06-16,63773.0
2020-06-17,62881.0
2020-06-18,63090.0
2020-06-19,63374.0
2020-06-22,63374.0
2020-06-23,63374.0
2020-06-24,62820.0
2020-06-25,61968.0
2020-06-26,61821.0
2020-06-29,60685.0
2020-06-30,60685.0
2020-07-01,60685.0
2020-07-02,60685.0
2020-07-03,60755.0
2020-07-06,61224.0
2020-07-07,60880.0
2020-07-08,59963.0
2020-07-09,59963.0
2020-07-10,59963.0
2020-07-13,60710.0
2020-07-14,60738.0
2020-07-15,60152.0
2020-07-16,60890.0
2020-07-17,61792.0
2020-07-20,61792.0
2020-07-21,61792.0
2020-07-22,60999.0
2020-07-23,61434.0
2020-07-24,61356.0
2020-07-27,61676.0
2020-07-28,61676.0
2020-07-29,61676.0
2020-07-30,61676.0
2020-07-31,61278.0
2020-08-03,61855.0
2020-08-04,60870.0
2020-08-05,61764.0
2020-08-06,61764.0
2020-08-07,61764.0
2020-08-10,62088.0
2020-08-11,61447.0
2020-08-12,61750.0
2020-08-13,60191.0
2020-08-14,59924.0
2020-08-17,59924.0
2020-08-18,59924.0
2020-08-19,60169.0
2020-08-20,60262.0
2020-08-21,60632.0
2020-08-24,61558.0
2020-08-25,61558.0
2020-08-26,61558.0
2020-08-27,61558.0
2020-08-28,61596.0
2020-08-31,63319.0
2020-09-01,64356.0
2020-09-02,64656.0
2020-09-03,64656.0
2020-09-04,64656.0
2020-09-07,64467.0
2020-09-08,63687.0
2020-09-09,63687.0
2020-09-10,62988.0
2020-09-11,61247.0
2020-09-14,61247.0
2020-09-15,61247.0
2020-09-16,60936.0
2020-09-17,61359.0
2020-09-18,61369.0
2020-09-21,60869.0
2020-09-22,60869.0
2020-09-23,60869.0
2020-09-24,60869.0
2020-09-25,61175.0
2020-09-28,62328.0
2020-09-29,62705.0
2020-09-30,62161.0
2020-10-01,62161.0
2020-10-02,62161.0
2020-10-05,63995.0
2020-10-06,62936.0
2020-10-07,63230.0
2020-10-08,63607.0
2020-10-09,63626.0
2020-10-12,63626.0
2020-10-13,63626.0
2020-10-14,63554.0
2020-10-15,64197.0
2020-10-16,64032.0
2020-10-19,64757.0
2020-10-20,64757.0
2020-10-21,64757.0
2020-10-22,64757.0
2020-10-23,65065.0
2020-10-26,66792.0
2020-10-27,67790.0
2020-10-28,67601.0
2020-10-29,67601.0
2020-10-30,67601.0
2020-11-02,70169.0
2020-11-03,70533.0
2020-11-04,70498.0
2020-11-05,68617.0
2020-11-06,69263.0
2020-11-09,69263.0
2020-11-10,69263.0
2020-11-11,67954.0
2020-11-12,67037.0
2020-11-13,67671.0
2020-11-16,67671.0
2020-11-17,67671.0
2020-11-18,67671.0
2020-11-19,67475.0
2020-11-20,67525.0
2020-11-23,67732.0
2020-11-24,68730.0
2020-11-25,68730.0
2020-11-26,68730.0
2020-11-27,68730.0
2020-11-30,66783.0
2020-12-01,66972.0
2020-12-02,66740.0
2020-12-03,66954.0
2020-12-04,66954.0
2020-12-07,66954.0
2020-12-08,66505.0
2020-12-09,66340.0
2020-12-10,66071.0
2020-12-11,66302.0
2020-12-14,66302.0
2020-12-15,66302.0
2020-12-16,66302.0
2020-12-17,67564.0
2020-12-18,67777.0
2020-12-21,69153.0
2020-12-22,69153.0
2020-12-23,69153.0
2020-12-24,69153.0
2020-12-25,69153.0
2020-12-28,69877.0
2020-12-29,70186.0
2020-12-30,68342.0
2020-12-31,67447.0
2021-01-01,66137.0
2021-01-04,66137.0
2021-01-05,66137.0
2021-01-06,65158.0
2021-01-07,65390.0
2021-01-08,65010.0
2021-01-11,64735.0
2021-01-12,64735.0
2021-01-13,64735.0
2021-01-14,64735.0
2021-01-15,62731.0
2021-01-18,62498.0
2021-01-19,63126.0
2021-01-20,62412.0
2021-01-21,62412.0
2021-01-22,62412.0
2021-01-25,61637.0
2021-01-26,61418.0
2021-01-27,61235.0
2021-01-28,60103.0
2021-01-29,58935.0
2021-02-01,58935.0
2021-02-02,58935.0
2021-02-03,60048.0
2021-02-04,61369.0
2021-02-05,61228.0
2021-02-08,61942.0
2021-02-09,61942.0
2021-02-10,61942.0
2021-02-11,61942.0
2021-02-12,62021.0
2021-02-15,61371.0
2021-02-16,61324.0
2021-02-17,62376.0
2021-02-18,62376.0
2021-02-19,62376.0
2021-02-22,61899.0
2021-02-23,61230.0
2021-02-24,60508.0
2021-02-25,61899.0
2021-02-26,62566.0
2021-03-01,62566.0
2021-03-02,62566.0
2021-03-03,62411.0
2021-03-04,61728.0
2021-03-05,61666.0
2021-03-08,60737.0
2021-03-09,60737.0
2021-03-10,60737.0
2021-03-11,60737.0
2021-03-12,60844.0
2021-03-15,60644.0
2021-03-16,60535.0
2021-03-17,61432.0
2021-03-18,61432.0
2021-03-19,61432.0
2021-03-22,60818.0
2021-03-23,60995.0
2021-03-24,60381.0
2021-03-25,59972.0
2021-03-26,59214.0
2021-03-29,59214.0
2021-03-30,59214.0
2021-03-31,60676.0
2021-04-01,60423.0
2021-04-02,59503.0
2021-04-05,58893.0
2021-04-06,58893.0
2021-04-07,58893.0
2021-04-08,58893.0
2021-04-09,57942.0
2021-04-12,56391.0
2021-04-13,56828.0
2021-04-14,56292.0
2021-04-15,56292.0
2021-04-16,56292.0
2021-04-19,56622.0
2021-04-20,55746.0
2021-04-21,55993.0
2021-04-22,55721.0
2021-04-23,54285.0
2021-04-26,54285.0
2021-04-27,54285.0
2021-04-28,55574.0
2021-04-29,55399.0
2021-04-30,55314.0
2021-05-03,54840.0
2021-05-04,54840.0
2021-05-05,54840.0
2021-05-06,54840.0
2021-05-07,54496.0
2021-05-10,54500.0
2021-05-11,55864.0
2021-05-12,57485.0
2021-05-13,57485.0
2021-05-14,57485.0
2021-05-17,58226.0
2021-05-18,57547.0
2021-05-19,56975.0
2021-05-20,57855.0
2021-05-21,57335.0
2021-05-24,57335.0
2021-05-25,57335.0
2021-05-26,57727.0
2021-05-27,57727.0
2021-05-28,58388.0
2021-05-31,58122.0
2021-06-01,58122.0
2021-06-02,58122.0
2021-06-03,58122.0
2021-06-04,58122.0
2021-06-07,57210.0
2021-06-08,56961.0
2021-06-09,56961.0
2021-06-10,56961.0
2021-06-11,56961.0
2021-06-14,54893.0
2021-06-15,54894.0
2021-06-16,55049.0
2021-06-17,55615.0
2021-06-18,55482.0
2021-06-21,55482.0
2021-06-22,55482.0
2021-06-23,54187.0
2021-06-24,54149.0
2021-06-25,54149.0
2021-06-28,52341.0
2021-06-29,52341.0
2021-06-30,52341.0
2021-07-01,52341.0
2021-07-02,53180.0
2021-07-05,53193.0
2021-07-06,54104.0
2021-07-07,54548.0
2021-07-08,54548.0
2021-07-09,54548.0
2021-07-12,55587.0
2021-07-13,56983.0
2021-07-14,56333.0
2021-07-15,56339.0
2021-07-16,55042.0
2021-07-19,55042.0
2021-07-20,55042.0
2021-07-21,56075.0
2021-07-22,55952.0
2021-07-23,56534.0
2021-07-26,56549.0
2021-07-27,56549.0
2021-07-28,56549.0
2021-07-29,56549.0
2021-07-30,55130.0
2021-08-02,54345.0
2021-08-03,55434.0
2021-08-04,56084.0
2021-08-05,56084.0
2021-08-06,56084.0
2021-08-09,57053.0
2021-08-10,60667.0
2021-08-11,60667.0
2021-08-12,60492.0
2021-08-13,60591.0
2021-08-16,60591.0
2021-08-17,60591.0
2021-08-18,58615.0
2021-08-19,57320.0
2021-08-20,57079.0
2021-08-23,55870.0
2021-08-24,55870.0
2021-08-25,55870.0
2021-08-26,55870.0
2021-08-27,55426.0
2021-08-30,55564.0
2021-08-31,56105.0
2021-09-01,55272.0
2021-09-02,55272.0
2021-09-03,55272.0
2021-09-06,55272.0
2021-09-07,55272.0
2021-09-08,55272.0
2021-09-09,55272.0
2021-09-10,55272.0
2021-09-13,55272.0
2021-09-14,55272.0
2021-09-15,56992.0
2021-09-16,58875.0
2021-09-17,58435.0
2021-09-20,58682.0
2021-09-21,58682.0
2021-09-22,58682.0
2021-09-23,58682.0
2021-09-24,60115.0
2021-09-27,61134.0
2021-09-28,60899.0
2021-09-29,61699.0
2021-09-30,61699.0
2021-10-01,61699.0
2021-10-04,61316.0
2021-10-05,62005.0
2021-10-06,62288.0
2021-10-07,60854.0
2021-10-08,61164.0
2021-10-11,61164.0
2021-10-12,61164.0
2021-10-13,60335.0
2021-10-14,61296.0
2021-10-15,61366.0
2021-10-18,61654.0
2021-10-19,61654.0
2021-10-20,61654.0
2021-10-21,61654.0
2021-10-22,61900.0
2021-10-25,61765.0
2021-10-26,63092.0
2021-10-27,64304.0
2021-10-28,64304.0
2021-10-29,64304.0
2021-11-01,65422.0
2021-11-02,64529.0
2021-11-03,64317.0
2021-11-04,65156.0
2021-11-05,65919.0
2021-11-08,65919.0
2021-11-09,65919.0
2021-11-10,66842.0
2021-11-11,66866.0
2021-11-12,67533.0
2021-11-15,65686.0
2021-11-16,65686.0
2021-11-17,65686.0
2021-11-18,65686.0
2021-11-19,66578.0
2021-11-22,67881.0
2021-11-23,67219.0
2021-11-24,67264.0
2021-11-25,67264.0
2021-11-26,67264.0
2021-11-29,67290.0
2021-11-30,68420.0
2021-12-01,67369.0
2021-12-02,67296.0
2021-12-03,67780.0
2021-12-06,67780.0
2021-12-07,67780.0
2021-12-08,68139.0
2021-12-09,69125.0
2021-12-10,69022.0
2021-12-13,67573.0
2021-12-14,67573.0
2021-12-15,67573.0
2021-12-16,67573.0
2021-12-17,68613.0
2021-12-20,68072.0
2021-12-21,67737.0
2021-12-22,67815.0
2021-12-23,67815.0
2021-12-24,67815.0
2021-12-27,68865.0
2021-12-28,68564.0
2021-12-29,68744.0
2021-12-30,67292.0
2021-12-31,68206.0
2022-01-03,68206.0
2022-01-04,68206.0
2022-01-05,68140.0
2022-01-06,68044.0
2022-01-07,67801.0
2022-01-10,68173.0
2022-01-11,68173.0
2022-01-12,68173.0
2022-01-13,68173.0
2022-01-14,68224.0
2022-01-17,69365.0
2022-01-18,71238.0
2022-01-19,69424.0
2022-01-20,69424.0
2022-01-21,69424.0
2022-01-24,67482.0
2022-01-25,67205.0
2022-01-26,67328.0
2022-01-27,67331.0
2022-01-28,66586.0
2022-01-31,66586.0
2022-02-01,66586.0
2022-02-02,66047.0
2022-02-03,65933.0
2022-02-04,65214.0
2022-02-07,64410.0
2022-02-08,64410.0
2022-02-09,64410.0
2022-02-10,64410.0
2022-02-11,65635.0
2022-02-14,65729.0
2022-02-15,64981.0
2022-02-16,64217.0
2022-02-17,64217.0
2022-02-18,64217.0
2022-02-21,63312.0
2022-02-22,62761.0
2022-02-23,63985.0
2022-02-24,63468.0
2022-02-25,63846.0
2022-02-28,63846.0
2022-03-01,63846.0
2022-03-02,64164.0
2022-03-03,64164.0
2022-03-04,64164.0
2022-03-07,61606.0
2022-03-08,61606.0
2022-03-09,61606.0
2022-03-10,61606.0
2022-03-11,63514.0
2022-03-14,66599.0
2022-03-15,66902.0
2022-03-16,66545.0
2022-03-17,66545.0
2022-03-18,66545.0
2022-03-21,68088.0
2022-03-22,68230.0
2022-03-23,68144.0
2022-03-24,69133.0
2022-03-25,69907.0
2022-03-28,69907.0
2022-03-29,69907.0
2022-03-30,69134.0
2022-03-31,69294.0
2022-04-01,69987.0
2022-04-04,71389.0
2022-04-05,71389.0
2022-04-06,71389.0
2022-04-07,71389.0
2022-04-08,71509.0
2022-04-11,73866.0
2022-04-12,74098.0
2022-04-13,74098.0
2022-04-14,74098.0
2022-04-15,74098.0
2022-04-18,74098.0
2022-04-19,74282.0
2022-04-20,74380.0
2022-04-21,74789.0
2022-04-22,75750.0
2022-04-25,75750.0
2022-04-26,75750.0
2022-04-27,75750.0
2022-04-28,75466.0
2022-04-29,74563.0
2022-05-02,75406.0
2022-05-03,74615.0
2022-05-04,74615.0
2022-05-05,74615.0
2022-05-06,74615.0
2022-05-09,74250.0
2022-05-10,74207.0
2022-05-11,74208.0
2022-05-12,73697.0
2022-05-13,73697.0
2022-05-16,73697.0
2022-05-17,73697.0
2022-05-18,73789.0
2022-05-19,75233.0
2022-05-20,76065.0
2022-05-23,76065.0
2022-05-24,76065.0
2022-05-25,76065.0
2022-05-26,76095.0
2022-05-27,76163.0
2022-05-30,74585.0
2022-05-31,71977.0
2022-06-01,71977.0
2022-06-02,71977.0
2022-06-03,71977.0
2022-06-06,71929.0
2022-06-07,71696.0
2022-06-08,71475.0
2022-06-09,71785.0
2022-06-10,71785.0
2022-06-13,71785.0
2022-06-14,72504.0
2022-06-15,70650.0
2022-06-16,71090.0
2022-06-17,70401.0
2022-06-20,70401.0
2022-06-21,70401.0
2022-06-22,70401.0
2022-06-23,70615.0
2022-06-24,70786.0
2022-06-27,71206.0
2022-06-28,72265.0
2022-06-29,72265.0
2022-06-30,72265.0
2022-07-01,72265.0
2022-07-04,71708.0
2022-07-05,71687.0
2022-07-06,71867.0
2022-07-07,73496.0
2022-07-08,73496.0
2022-07-11,73496.0
2022-07-12,73327.0
2022-07-13,73041.0
2022-07-14,72034.0
2022-07-15,70946.0
2022-07-18,70946.0
2022-07-19,70946.0
2022-07-20,70946.0
2022-07-21,72320.0
2022-07-22,72320.0
2022-07-25,68901.0
2022-07-26,68120.0
2022-07-27,68120.0
2022-07-28,68120.0
2022-07-29,68120.0
2022-08-01,69477.0
2022-08-02,69010.0
2022-08-03,69010.0
2022-08-04,68284.0
2022-08-05,68284.0
2022-08-08,68284.0
2022-08-09,69187.0
2022-08-10,69795.0
2022-08-11,69558.0
2022-08-12,70647.0
2022-08-15,70647.0
2022-08-16,70647.0
2022-08-17,70647.0
2022-08-18,70516.0
2022-08-19,70764.0
2022-08-22,73354.0
2022-08-23,74718.0
2022-08-24,74718.0
2022-08-25,74718.0
2022-08-26,74718.0
2022-08-29,75123.0
2022-08-30,75441.0
2022-08-31,75752.0
2022-09-01,74435.0
2022-09-02,74435.0
2022-09-05,74435.0
2022-09-06,74014.0
2022-09-07,73871.0
2022-09-08,74370.0
2022-09-09,75226.0
2022-09-12,75226.0
2022-09-13,75226.0
2022-09-14,75226.0
2022-09-15,73499.0
2022-09-16,74166.0
2022-09-19,71998.0
2022-09-20,71894.0
2022-09-21,71894.0
2022-09-22,71894.0
2022-09-23,71894.0
2022-09-26,70939.0
2022-09-27,69998.0
2022-09-28,70111.0
2022-09-29,69973.0
2022-09-30,69973.0
2022-10-03,69973.0
2022-10-04,70139.0
2022-10-05,70139.0
2022-10-06,70223.0
2022-10-07,70089.0
2022-10-10,70089.0
2022-10-11,70089.0
2022-10-12,70089.0
2022-10-13,70583.0
2022-10-14,71930.0
2022-10-17,73467.0
2022-10-18,73606.0
2022-10-19,73606.0
2022-10-20,73606.0
2022-10-21,73606.0
2022-10-24,73610.0
2022-10-25,73610.0
2022-10-26,74454.0
2022-10-27,74649.0
2022-10-28,74649.0
2022-10-31,74649.0
2022-11-01,73254.0
2022-11-02,72249.0
2022-11-03,72087.0
2022-11-04,72087.0
2022-11-07,72087.0
2022-11-08,72087.0
2022-11-09,72087.0
2022-11-10,71209.0
2022-11-11,70996.0
2022-11-14,70181.0
2022-11-15,71564.0
2022-11-16,71564.0
2022-11-17,71564.0
2022-11-18,71564.0
2022-11-21,71980.0
2022-11-22,72055.0
2022-11-23,71892.0
2022-11-24,71892.0
2022-11-25,71892.0
2022-11-28,71892.0
2022-11-29,72814.0
2022-11-30,71485.0
2022-12-01,70904.0
2022-12-02,70343.0
2022-12-05,70343.0
2022-12-06,70343.0
2022-12-07,70343.0
2022-12-08,70343.0
2022-12-09,67124.0
2022-12-12,67189.0
2022-12-13,66907.0
2022-12-14,66907.0
2022-12-15,66907.0
2022-12-16,66907.0
2022-12-19,68523.0
2022-12-20,69316.0
2022-12-21,69574.0
2022-12-22,69431.0
2022-12-23,69431.0
2022-12-26,69431.0
2022-12-27,70582.0
2022-12-28,70813.0
2022-12-29,71953.0
2022-12-30,71214.0
2023-01-02,71214.0
2023-01-03,71214.0
2023-01-04,71214.0
2023-01-05,71920.0
2023-01-06,71920.0
2023-01-09,71451.0
2023-01-10,70870.0
2023-01-11,70870.0
2023-01-12,70870.0
2023-01-13,70870.0
2023-01-16,71985.0
2023-01-17,70731.0
2023-01-18,71537.0
2023-01-19,70556.0
2023-01-20,70556.0
2023-01-23,70556.0
2023-01-24,71830.0
2023-01-25,70751.0
2023-01-26,69869.0
2023-01-27,70133.0
2023-01-30,70133.0
2023-01-31,70133.0
2023-02-01,70133.0
2023-02-02,70396.0
2023-02-03,70396.0
2023-02-06,70396.0
2023-02-07,70396.0
2023-02-08,70396.0
2023-02-09,70396.0
2023-02-10,70396.0
2023-02-13,72757.0
2023-02-14,73251.0
2023-02-15,72884.0
2023-02-16,72859.0
2023-02-17,72859.0
2023-02-20,72859.0
2023-02-21,72859.0
2023-02-22,74707.0
2023-02-23,75439.0
2023-02-24,75932.0
2023-02-27,75932.0
2023-02-28,75932.0
2023-03-01,75932.0
2023-03-02,76221.0
2023-03-03,74457.0
2023-03-06,73768.0
2023-03-07,73528.0
2023-03-08,73528.0
2023-03-09,73528.0
2023-03-10,73528.0
2023-03-13,71283.0
2023-03-14,70642.0
2023-03-15,73735.0
2023-03-16,74173.0
2023-03-17,74173.0
2023-03-20,74173.0
2023-03-21,73592.0
2023-03-22,73545.0
2023-03-23,73698.0
2023-03-24,74253.0
2023-03-27,74253.0
2023-03-28,74253.0
2023-03-29,74253.0
2023-03-30,74253.0
2023-03-31,74461.0
2023-04-03,74453.0
2023-04-04,73019.0
2023-04-05,73019.0
2023-04-06,73019.0
2023-04-07,73019.0
2023-04-10,74035.0
2023-04-11,72520.0
2023-04-12,71547.0
2023-04-13,71284.0
2023-04-14,71284.0
2023-04-17,71284.0
2023-04-18,71271.0
2023-04-19,71780.0
2023-04-20,71253.0
2023-04-21,71284.0
2023-04-24,71284.0
2023-04-25,71284.0
2023-04-26,71284.0
2023-04-27,71232.0
2023-04-28,71605.0
2023-05-01,70776.0
2023-05-02,71121.0
2023-05-03,71121.0
2023-05-04,71121.0
2023-05-05,71121.0
2023-05-08,70101.0
2023-05-09,70865.0
2023-05-10,71175.0
2023-05-11,71175.0
2023-05-12,71175.0
2023-05-15,71175.0
2023-05-16,71280.0
2023-05-17,71632.0
2023-05-18,71487.0
2023-05-19,70677.0
2023-05-22,70677.0
2023-05-23,70677.0
2023-05-24,70677.0
2023-05-25,70188.0
2023-05-26,69813.0
2023-05-29,69872.0
2023-05-30,70427.0
2023-05-31,70427.0
2023-06-01,70427.0
2023-06-02,70427.0
2023-06-05,70999.0
2023-06-06,68903.0
2023-06-07,70102.0
2023-06-08,70806.0
2023-06-09,70806.0
2023-06-12,70806.0
2023-06-13,71051.0
2023-06-14,70741.0
2023-06-15,70608.0
2023-06-16,70334.0
2023-06-19,70334.0
2023-06-20,70334.0
2023-06-21,70334.0
2023-06-22,69351.0
2023-06-23,69622.0
2023-06-26,69195.0
2023-06-27,69826.0
2023-06-28,69826.0
2023-06-29,69826.0
2023-06-30,69826.0
2023-07-03,72035.0
2023-07-04,71567.0
2023-07-05,72170.0
2023-07-06,72170.0
2023-07-07,72170.0
2023-07-10,72170.0
2023-07-11,72448.0
2023-07-12,72584.0
2023-07-13,72128.0
2023-07-14,73632.0
2023-07-17,73632.0
2023-07-18,73632.0
2023-07-19,73632.0
2023-07-20,73855.0
2023-07-21,73630.0
2023-07-24,74936.0
2023-07-25,73890.0
2023-07-26,73890.0
2023-07-27,73890.0
2023-07-28,73890.0
2023-07-31,74093.0
2023-08-01,73865.0
2023-08-02,74028.0
2023-08-03,74028.0
2023-08-04,74028.0
2023-08-07,74028.0
2023-08-08,74931.0
2023-08-09,76145.0
2023-08-10,77482.0
2023-08-11,79124.0
2023-08-14,79124.0
2023-08-15,79124.0
2023-08-16,79124.0
2023-08-17,81396.0
2023-08-18,81923.0
2023-08-21,82267.0
2023-08-22,83961.0
2023-08-23,83961.0
2023-08-24,83961.0
2023-08-25,83961.0
2023-08-28,83287.0
2023-08-29,83287.0
2023-08-30,83221.0
2023-08-31,82807.0
2023-09-01,82807.0
2023-09-04,82807.0
2023-09-05,81594.0
2023-09-06,79659.0
2023-09-07,80549.0
2023-09-08,80755.0
2023-09-11,80755.0
2023-09-12,80755.0
2023-09-13,80755.0
2023-09-14,80972.0
2023-09-15,79950.0
2023-09-18,79500.0
2023-09-19,79911.0
2023-09-20,79911.0
2023-09-21,79911.0
2023-09-22,79911.0
2023-09-25,81124.0
2023-09-26,81330.0
2023-09-27,82084.0
2023-09-28,84267.0
2023-09-29,84267.0
2023-10-02,84267.0
2023-10-03,83372.0
2023-10-04,83983.0
2023-10-05,84390.0
2023-10-06,85863.0
2023-10-09,85863.0
2023-10-10,85863.0
2023-10-11,85863.0
2023-10-12,86256.0
2023-10-13,92749.0
2023-10-16,89828.0
2023-10-17,89690.0
2023-10-18,89690.0
2023-10-19,89690.0
2023-10-20,89690.0
2023-10-23,92886.0
2023-10-24,94181.0
2023-10-25,92544.0
2023-10-26,92323.0
2023-10-27,92323.0
2023-10-30,92323.0
2023-10-31,90090.0
2023-11-01,88999.0
2023-11-02,88286.0
2023-11-03,90202.0
2023-11-06,90202.0
2023-11-07,90202.0
2023-11-08,90202.0
2023-11-09,88805.0
2023-11-10,87996.0
2023-11-13,87723.0
2023-11-14,87723.0
2023-11-15,87723.0
2023-11-16,87723.0
2023-11-17,87723.0
2023-11-20,88144.0
2023-11-21,89910.0
2023-11-22,90237.0
2023-11-23,90237.0
2023-11-24,90237.0
2023-11-27,88591.0
2023-11-28,88438.0
2023-11-29,86646.0
2023-11-30,86965.0
2023-12-01,87840.0
2023-12-04,87840.0
2023-12-05,87840.0
2023-12-06,87645.0
2023-12-07,87827.0
2023-12-08,89442.0
2023-12-11,90579.0
2023-12-12,90579.0
2023-12-13,90579.0
2023-12-14,90579.0
2023-12-15,91663.0
2023-12-18,91760.0
2023-12-19,91944.0
2023-12-20,91516.0
2023-12-21,91516.0
2023-12-22,91516.0
2023-12-25,91516.0
2023-12-26,91612.0
2023-12-27,91848.0
2023-12-28,91848.0
2023-12-29,91324.0
2024-01-01,91324.0
2024-01-02,91324.0
2024-01-03,91324.0
2024-01-04,88252.0
2024-01-05,84687.0
2024-01-08,81496.0
2024-01-09,81181.0
2024-01-10,81181.0
2024-01-11,81181.0
2024-01-12,81181.0
2024-01-15,81149.0
2024-01-16,82817.0
2024-01-17,83400.0
2024-01-18,83371.0
2024-01-19,83371.0
2024-01-22,79975.0
2024-01-23,79000.0
2024-01-24,79092.0
2024-01-25,78617.0
2024-01-26,79988.0
2024-01-29,79988.0
2024-01-30,79988.0
2024-01-31,80984.0
2024-02-01,80510.0
2024-02-02,80842.0
2024-02-05,81482.0
2024-02-06,81482.0
2024-02-07,81482.0
2024-02-08,81482.0
2024-02-09,81482.0
2024-02-12,84748.0
2024-02-13,84761.0
2024-02-14,84230.0
2024-02-15,84230.0
2024-02-16,84230.0
2024-02-19,84230.0
2024-02-20,85546.0
2024-02-21,84731.0
2024-02-22,84989.0
2024-02-23,84910.0
2024-02-26,84910.0
2024-02-27,84910.0
2024-02-28,82832.0
2024-02-29,82046.0
2024-03-01,82808.0
2024-03-04,82808.0
2024-03-05,82808.0
2024-03-06,82808.0
2024-03-07,81319.0
2024-03-08,82054.0
2024-03-11,83118.0
2024-03-12,86002.0
2024-03-13,86002.0
2024-03-14,86002.0
2024-03-15,86002.0
2024-03-18,87423.0
2024-03-19,87197.0
2024-03-20,88588.0
2024-03-21,88560.0
2024-03-22,88560.0
2024-03-25,88560.0
2024-03-26,87518.0
2024-03-27,88369.0
2024-03-28,90489.0
2024-03-29,90489.0
2024-04-01,90951.0
2024-04-02,90951.0
2024-04-03,90951.0
2024-04-04,90951.0
2024-04-05,89537.0
2024-04-08,89537.0
2024-04-09,90576.0
2024-04-10,92053.0
2024-04-11,92053.0
2024-04-12,92053.0
2024-04-15,91760.0
2024-04-16,90005.0
2024-04-17,88364.0
2024-04-18,88293.0
2024-04-19,89807.0
2024-04-22,89807.0
2024-04-23,89807.0
2024-04-24,90283.0
2024-04-25,89811.0
2024-04-26,91414.0
2024-04-29,92122.0
2024-04-30,92122.0
2024-05-01,92122.0
2024-05-02,92122.0
2024-05-03,97038.0
2024-05-06,98726.0
2024-05-07,97780.0
2024-05-08,95128.0
2024-05-09,95128.0
2024-05-10,95128.0
2024-05-13,96000.0
2024-05-14,97756.0
2024-05-15,98234.0
2024-05-16,96548.0
2024-05-17,96548.0
2024-05-20,96548.0
2024-05-21,96548.0
2024-05-22,96548.0
2024-05-23,93155.0
2024-05-24,90328.0
2024-05-27,90328.0
2024-05-28,90328.0
2024-05-29,90328.0
2024-05-30,90841.0
2024-05-31,88137.0
2024-06-03,86726.0
2024-06-04,86726.0
2024-06-05,86726.0
2024-06-06,86726.0
2024-06-07,86726.0
2024-06-10,90944.0
2024-06-11,90944.0
2024-06-12,90124.0
2024-06-13,90756.0
2024-06-14,90756.0
2024-06-17,90756.0
2024-06-18,89147.0
2024-06-19,88410.0
2024-06-20,88560.0
2024-06-21,87494.0
2024-06-24,87494.0
2024-06-25,87494.0
2024-06-26,87494.0
2024-06-27,88409.0
2024-06-28,89980.0
2024-07-01,91121.0
2024-07-02,90813.0
2024-07-03,90813.0
2024-07-04,90813.0
2024-07-05,90813.0
2024-07-08,92584.0
2024-07-09,92479.0
2024-07-10,93651.0
2024-07-11,89893.0
2024-07-12,89893.0
2024-07-15,89893.0
2024-07-16,89448.0
2024-07-17,88506.0
2024-07-18,89011.0
2024-07-19,86909.0
2024-07-22,86909.0
2024-07-23,86909.0
2024-07-24,86909.0
2024-07-25,87234.0
2024-07-26,87493.0
2024-07-29,87889.0
2024-07-30,87737.0
2024-07-31,87737.0
2024-08-01,87737.0
2024-08-02,87737.0
2024-08-05,85851.0
2024-08-06,85913.0
2024-08-07,87041.0
2024-08-08,87850.0
2024-08-09,87850.0
2024-08-12,87850.0
2024-08-13,88129.0
2024-08-14,89388.0
2024-08-15,89487.0
2024-08-16,89682.0
2024-08-19,89682.0
2024-08-20,89682.0
2024-08-21,89682.0
2024-08-22,89724.0
2024-08-23,89724.0
2024-08-26,91702.0
2024-08-27,90406.0
2024-08-28,90406.0
2024-08-29,90406.0
2024-08-30,90406.0
2024-09-02,90407.0
2024-09-03,91135.0
2024-09-04,90409.0
2024-09-05,91011.0
2024-09-06,91011.0
2024-09-09,91011.0
2024-09-10,90183.0
2024-09-11,89740.0
2024-09-12,90366.0
2024-09-13,92161.0
2024-09-16,92161.0
2024-09-17,92161.0
2024-09-18,92161.0
2024-09-19,93083.0
2024-09-20,93652.0
2024-09-23,94669.0
2024-09-24,95133.0
2024-09-25,95133.0
2024-09-26,95133.0
2024-09-27,95133.0
2024-09-30,94051.0
2024-10-01,94054.0
2024-10-02,95501.0
2024-10-03,97780.0
2024-10-04,97780.0
2024-10-07,97780.0
2024-10-08,95685.0
2024-10-09,95938.0
2024-10-10,97329.0
2024-10-11,97642.0
2024-10-14,97642.0
2024-10-15,97642.0
2024-10-16,97642.0
2024-10-17,95918.0
2024-10-18,95544.0
2024-10-21,94665.0
2024-10-22,93287.0
2024-10-23,93287.0
2024-10-24,93287.0
2024-10-25,93287.0
2024-10-28,95153.0
2024-10-29,96088.0
2024-10-30,96343.0
2024-10-31,96614.0
2024-11-01,96614.0
2024-11-04,96614.0
2024-11-05,96620.0
2024-11-06,96523.0
2024-11-07,97687.0
2024-11-08,97981.0
2024-11-11,97981.0
2024-11-12,97981.0
2024-11-13,97981.0
2024-11-14,99506.0
2024-11-15,100186.0
2024-11-18,97976.0
2024-11-19,97198.0
2024-11-20,97198.0
2024-11-21,97198.0
2024-11-22,97198.0
2024-11-25,97507.0
2024-11-26,98731.0
2024-11-27,99485.0
2024-11-28,100693.0
2024-11-29,100693.0
2024-12-02,100693.0
2024-12-03,100693.0
2024-12-04,99557.0
2024-12-05,99522.0
2024-12-06,95636.0
2024-12-09,95636.0
2024-12-10,95636.0
2024-12-11,95636.0
2024-12-12,89933.0
2024-12-13,89846.0
2024-12-16,90329.0
2024-12-17,92962.0
2024-12-18,92962.0
2024-12-19,92962.0
2024-12-20,92962.0
2024-12-23,95044.0
2024-12-24,96393.0
2024-12-25,96393.0
2024-12-26,94830.0
2024-12-27,94830.0
2024-12-30,94830.0
2024-12-31,94830.0
2025-01-01,95988.0
2025-01-02,95467.0
2025-01-03,96273.0
2025-01-06,97442.0
2025-01-07,97442.0
2025-01-08,97442.0
2025-01-09,97442.0
2025-01-10,96008.0
2025-01-13,93975.0
2025-01-14,93975.0
2025-01-15,94156.0
2025-01-16,94156.0
2025-01-17,94156.0
2025-01-20,93967.0
2025-01-21,95631.0
2025-01-22,95487.0
2025-01-23,95343.0
2025-01-24,95600.0
2025-01-27,95600.0
2025-01-28,95600.0
2025-01-29,93788.0
2025-01-30,96785.0
2025-01-31,94386.0
2025-02-03,94386.0
2025-02-04,94386.0
2025-02-05,94386.0
2025-02-06,95429.0
2025-02-07,95376.0
2025-02-10,97528.0
2025-02-11,96855.0
2025-02-12,96855.0
2025-02-13,96855.0
2025-02-14,96855.0
2025-02-17,96661.0
2025-02-18,97694.0
2025-02-19,97775.0
2025-02-20,97252.0
2025-02-21,97252.0
2025-02-24,97252.0
2025-02-25,97432.0
2025-02-26,100156.0
2025-02-27,101138.0
2025-02-28,103981.0
2025-03-03,103981.0
2025-03-04,103981.0
2025-03-05,103981.0
2025-03-06,105520.0
2025-03-07,106357.0
2025-03-10,104988.0
2025-03-11,105912.0
2025-03-12,105912.0
2025-03-13,105912.0
2025-03-14,105912.0
2025-03-17,108285.0
2025-03-18,109174.0
2025-03-19,107235.0
2025-03-20,106478.0
2025-03-21,106478.0
2025-03-24,106478.0
2025-03-25,106829.0
2025-03-26,105997.0
2025-03-27,105109.0
2025-03-28,107047.0
2025-03-31,107047.0
2025-04-01,107047.0
2025-04-02,107047.0
2025-04-03,105720.0
2025-04-04,106624.0
2025-04-07,107340.0
2025-04-08,107276.0
2025-04-09,107276.0
2025-04-10,107276.0
2025-04-11,107276.0
2025-04-14,107381.0
2025-04-15,107040.0
2025-04-16,107207.0
2025-04-17,110253.0
2025-04-18,110253.0
2025-04-21,110253.0
2025-04-22,110253.0
2025-04-23,113788.0
2025-04-24,111813.0
2025-04-25,111312.0
2025-04-28,112616.0
2025-04-29,112616.0
2025-04-30,112616.0
2025-05-01,112616.0
2025-05-02,113288.0
2025-05-05,115808.0
2025-05-06,114832.0
2025-05-07,114327.0
2025-05-08,114327.0
2025-05-09,114327.0
2025-05-12,112840.0
2025-05-13,113219.0
2025-05-14,113405.0
2025-05-15,110005.0
2025-05-16,109416.0
2025-05-19,109416.0
2025-05-20,109416.0
2025-05-21,111504.0
2025-05-22,112100.0
2025-05-23,113215.0
2025-05-26,114746.0
2025-05-27,114746.0
2025-05-28,114746.0
2025-05-29,114746.0
2025-05-30,113583.0
2025-06-02,115115.0
2025-06-03,114810.0
2025-06-04,114810.0
2025-06-05,114810.0
2025-06-06,114810.0
2025-06-09,113995.0
2025-06-10,113424.0
2025-06-11,110794.0
2025-06-12,112725.0
2025-06-13,113735.0
2025-06-16,113735.0
2025-06-17,113735.0
2025-06-18,116085.0
2025-06-19,115723.0
2025-06-20,115723.0
2025-06-23,117468.0
2025-06-24,117468.0
2025-06-25,117468.0
2025-06-26,117468.0
2025-06-27,122818.0
2025-06-30,122836.0
2025-07-01,123335.0
2025-07-02,123238.0
2025-07-03,123238.0
2025-07-04,123238.0
2025-07-07,124300.0
2025-07-08,124650.0
2025-07-09,124412.0
2025-07-10,124314.0
2025-07-11,128024.0
2025-07-14,128024.0
2025-07-15,128024.0
2025-07-16,127575.0
2025-07-17,128940.0
2025-07-18,125427.0
2025-07-21,127953.0
2025-07-22,127953.0
2025-07-23,127953.0
2025-07-24,127953.0
2025-07-25,132681.0
2025-07-28,134199.0
2025-07-29,137254.0
2025-07-30,138079.0
2025-07-31,138079.0
2025-08-01,138079.0
2025-08-04,143892.0
2025-08-05,141918.0
2025-08-06,144888.0
2025-08-07,144888.0
2025-08-08,145111.0
2025-08-11,145111.0
2025-08-12,145111.0
2025-08-13,148848.0
2025-08-14,149271.0
2025-08-15,152814.0
2025-08-18,162432.0
2025-08-19,162432.0
2025-08-20,162432.0
2025-08-21,162432.0
2025-08-22,170902.0
2025-08-25,175109.0
2025-08-26,169095.0
2025-08-27,170695.0
2025-08-28,170695.0
2025-08-29,170695.0
2025-09-01,158644.0
2025-09-02,158644.0
2025-09-03,158644.0
2025-09-04,158644.0
2025-09-05,158644.0
2025-09-08,158644.0
2025-09-09,158644.0
2025-09-10,145967.0
2025-09-11,141993.0
2025-09-12,146995.0
2025-09-15,148699.0
2025-09-16,148699.0
2025-09-17,148699.0
2025-09-18,148699.0
2025-09-19,148717.0
2025-09-22,145756.0
2025-09-23,147765.0
2025-09-24,148346.0
2025-09-25,148346.0
2025-09-26,148346.0
2025-09-29,151435.0
2025-09-30,154110.0
2025-10-01,156411.0
2025-10-02,163720.0
2025-10-03,159939.0
2025-10-06,159939.0
2025-10-07,159939.0
2025-10-08,155409.0
2025-10-09,153466.0
2025-10-10,158061.0
2025-10-13,150920.0
2025-10-14,150920.0
2025-10-15,150920.0
2025-10-16,150920.0
2025-10-17,153227.0
2025-10-20,158746.0
2025-10-21,162269.0
2025-10-22,164052.0
2025-10-23,164052.0
2025-10-24,164052.0
2025-10-27,175351.0
2025-10-28,174202.0
2025-10-29,178007.0
2025-10-30,175556.0
2025-10-31,178236.0
2025-11-03,178236.0
2025-11-04,178236.0
2025-11-05,178846.0
2025-11-06,178861.0
2025-11-07,185082.0
2025-11-10,193844.0
2025-11-11,193844.0
2025-11-12,193844.0
2025-11-13,193844.0
2025-11-14,193201.0
2025-11-17,199866.0
2025-11-18,200307.0
2025-11-19,200144.0
2025-11-20,200144.0
2025-11-21,200144.0
2025-11-24,208062.0
2025-11-25,210225.0
2025-11-26,219007.0
2025-11-27,219007.0
2025-11-28,228948.0
2025-12-01,228948.0
2025-12-02,228948.0
2025-12-03,233311.0
2025-12-04,231189.0
2025-12-05,229452.0
2025-12-08,232720.0
2025-12-09,232720.0
2025-12-10,232720.0
2025-12-11,232720.0
2025-12-12,238274.0
2025-12-15,246290.0
2025-12-16,235641.0
2025-12-17,242189.0
2025-12-18,242189.0
2025-12-19,242189.0
2025-12-22,256358.99999999997
2025-12-23,262087.0
2025-12-24,262087.0
2025-12-25,262087.0
2025-12-26,262087.0
2025-12-29,262087.0
2025-12-30,262087.0
2025-12-31,262087.0
2026-01-01,292101.0
2026-01-02,307804.0
2026-01-05,294940.0
2026-01-06,316357.0
2026-01-07,316357.0
2026-01-08,316357.0
2026-01-09,316357.0
2026-01-12,345375.0
2026-01-13,359374.0
2026-01-14,379983.0
2026-01-15,333292.0
2026-01-16,333292.0
2026-01-19,333292.0
2026-01-20,250254.0
2026-01-21,264841.0
2026-01-22,282346.0
2026-01-23,251152.0
2026-01-26,251152.0
2026-01-27,251152.0
2026-01-28,251152.0
2026-01-29,252799.0
2026-01-30,259773.00000000003
2026-02-02,246032.0
2026-02-03,246032.0
2026-02-04,246032.0
2026-02-05,246032.0
2026-02-06,241318.0
2026-02-09,237025.0
2026-02-10,244657.0
2026-02-11,250110.0
2026-02-12,250110.0
2026-02-13,250110.0
2026-02-16,265164.0
2026-02-17,265321.0
2026-02-18,266718.0
2026-02-19,260394.0
2026-02-20,266127.0
2026-02-23,266127.0
2026-02-24,266127.0
2026-02-25,289760.0
2026-02-26,260906.0
2026-02-27,260906.0
2026-03-02,260856.0
2026-03-03,260856.0
2026-03-04,260856.0
2026-03-05,260856.0
2026-03-06,261168.99999999997
2026-03-09,266054.0
2026-03-10,268601.0
2026-03-11,260297.00000000003
2026-03-12,260297.00000000003
2026-03-13,260297.00000000003
2026-03-16,244741.0
2026-03-17,252296.0
2026-03-18,249093.0
2026-03-19,230054.0
2026-03-20,231236.0
2026-03-23,231236.0
2026-03-24,231236.0
2026-03-25,231236.0
2026-03-26,231236.0
2026-03-27,231236.0
