date,actual_close,point_forecast,pred_lo,pred_hi,actual_ret,pred_ret,signal_scheme_1prime,blocked,tc_cost,pnl
2024-03-04,63289.0,63293.19818246554,61963.06568548862,63745.005707837976,0.013473412494205679,0.013539743819263464,0.0,1,0.0,0.0
2024-03-05,64413.0,63940.77597787167,62583.95662005822,64364.70614167134,0.017603937714696833,0.010245741211845929,0.0,1,0.0,0.0
2024-03-06,64420.0,64611.611338789706,63122.3769421107,64919.22725756232,0.0001086678103730116,0.0030786606307308807,0.0,1,0.0,0.0
2024-03-07,65007.0,64953.55454986251,63860.01496045273,65676.46541361493,0.0090708125018764,0.008248325196623985,0.0,1,0.0,0.0
2024-03-08,65007.0,65295.784128487016,63748.055611190735,65564.36657446378,0.0,0.004432516208076304,0.0,1,0.0,0.0
2024-03-11,65548.0,65299.3486383699,64184.46662985769,65981.48980926958,0.00828774227904857,0.004487104917597633,0.0,1,0.0,0.0
2024-03-12,65531.0,65487.213066747674,64409.883396420555,66201.51398709782,-0.00025938556283336075,-0.0009277954557426053,-0.0,1,0.0,0.0
2024-03-13,65182.0,65514.16619980283,64630.59975775506,66415.72537061002,-0.005339955923505896,-0.00025691600503753966,-0.0,1,0.0,0.0
2024-03-14,65309.0,65429.06734604078,64738.10816722557,66543.95446687385,0.0019464950088295123,0.003783257357149487,0.0,1,0.0,0.0
2024-03-15,65365.0,65450.392165595615,64479.6044671177,66254.362073028,0.0008570948073555311,0.0021626319664117184,0.0,1,0.0,0.0
2024-03-18,65258.0,65389.24792551171,64623.407017196434,66390.8474014652,-0.0016383029624592784,0.0003708931246880776,0.0,1,0.0,-0.0
2024-03-19,65349.0,65476.83124374173,64513.23076382771,66315.96009353295,0.0013934936829649207,0.0033477145460549715,0.0,1,0.0,0.0
2024-03-20,65446.0,65777.49445717929,64868.979011451884,66658.88808587758,0.001483237398727394,0.006535612565352535,0.0,1,0.0,0.0
2024-03-21,66679.0,65935.85965937334,64977.894230178325,66755.89138000342,0.018664685636480653,0.0074570710240696595,0.0,1,0.0,0.0
2024-03-22,65975.0,66351.95729608231,65207.47044230442,66999.41592372398,-0.010614178380149513,-0.004916800862259855,-0.0,1,0.0,0.0
2024-03-25,65975.0,66264.08549568082,65757.71663544104,67555.48209319041,0.0,0.004372171133933386,0.0,1,0.0,0.0
2024-03-26,66432.0,66188.43044001037,65176.923344062496,67002.22459344738,0.006902985713980982,0.0032297985128687833,0.0,1,0.0,0.0
2024-03-27,66501.0,66658.35021721628,64944.950444968636,66731.01585915893,0.0010381170393612843,0.0034014552532804793,0.0,1,0.0,0.0
2024-03-28,66987.0,66843.90082798967,65978.21398067802,67794.30171120494,0.007281585571263053,0.005143077563616392,0.0,1,0.0,0.0
2024-03-29,66987.0,67039.3669533637,65831.94924049432,67654.2177268749,0.0,0.000781442595497039,0.0,1,0.0,0.0
2024-04-01,66987.0,67543.32212836758,66218.52305508207,68049.46376479219,0.0,0.008270630602128013,0.0,1,0.0,0.0
2024-04-02,68431.0,67785.71568286415,66635.24246473369,68480.03644473609,0.02132736761726014,0.01185291889194903,0.0,1,0.0,0.0
2024-04-03,68807.0,68670.04090738067,67918.31518520623,69766.30682863503,0.00547954561850267,0.0034870800107897615,0.0,1,0.0,0.0
2024-04-04,69101.0,69064.82339083648,68087.89368585082,69938.024462733,0.004263718499182098,0.003740049054707225,0.0,1,0.0,0.0
2024-04-05,69656.0,69377.67861998401,68299.7283204463,70160.5024072793,0.007999639077376408,0.003995979610793507,0.0,1,0.0,0.0
2024-04-08,69656.0,70259.85198204983,68156.94161636136,70259.85198204983,0.0,0.0086316985919518,0.0,1,0.0,0.0
2024-04-09,71011.0,70430.71145556601,69575.24238835087,71392.13649438134,0.019265953092118118,0.01106056877825166,0.0,1,0.0,0.0
2024-04-10,71607.0,71179.00132494779,70012.63665571916,71851.44327595938,0.008358039932574127,0.0023630550890968924,0.0,1,0.0,0.0
2024-04-11,71536.0,71494.59352616803,70359.38585393308,72214.57487683176,-0.0009920150593819058,-0.0015710027286334302,-0.0,1,0.0,0.0
2024-04-12,71536.0,71626.21164520594,70710.96029766668,72580.68914409746,0.0,0.0012602719126700442,0.0,1,0.0,0.0
2024-04-15,71536.0,71898.6706102179,70638.34539803388,72456.09757324579,0.0,0.005056955637711762,0.0,1,0.0,0.0
2024-04-16,72266.0,71907.37032398292,71494.37182145438,73312.55577771983,0.010152936270954259,0.005177947964864562,0.0,1,0.0,0.0
2024-04-17,73012.0,72397.69359819614,71617.85035100579,73426.97250464559,0.010270055437958685,0.0018206867431600118,0.0,1,0.0,0.0
2024-04-18,73012.0,72995.487330849,72366.62316824235,74160.12216485776,0.0,-0.00022618934854999191,-0.0,1,0.0,-0.0
2024-04-19,73119.0,72929.5887688544,71766.31890836768,73584.42626288944,0.001464439703040957,-0.0011293729306405332,-0.0,1,0.0,-0.0
2024-04-22,73119.0,72669.64040888194,71860.53138937363,73668.8152889193,0.0,-0.006164554561916468,-0.0,1,0.0,-0.0
2024-04-23,72723.0,72464.32082548724,71738.41733257375,73534.90216855607,-0.005430547759870799,-0.008993936721965124,-0.0,1,0.0,0.0
2024-04-24,71315.0,72079.56964792134,71324.82645914276,73141.45947990139,-0.01955101916832237,-0.008887060339787622,-0.0,1,0.0,0.0
2024-04-25,71700.0,71686.04604380741,70709.32117201069,72509.52001918534,0.005384063630189123,0.005189428843588256,0.0,1,0.0,0.0
2024-04-26,71794.0,71573.00848847076,71129.01138227581,72910.65833073258,0.0013101594972062265,-0.0017727211304533316,-0.0,1,0.0,-0.0
2024-04-29,71794.0,71652.07339996028,70934.3411233814,72719.61688081338,0.0,-0.0019788153553139953,-0.0,1,0.0,-0.0
2024-04-30,72228.0,71482.47526702807,71225.71105339182,73084.86937799108,0.006026875250853187,-0.0043485886054638965,-0.0,1,0.0,-0.0
2024-05-01,71529.0,71705.64817871082,70689.12821552543,72536.82075104503,-0.00972482047925433,-0.007258262694301751,-0.0,1,0.0,0.0
2024-05-02,71529.0,71484.64732366071,70719.2655935693,72539.05804268601,0.0,-0.0006202579766510477,-0.0,1,0.0,-0.0
2024-05-03,70997.0,71403.08010237194,70012.02689865396,71860.17263117597,-0.007465339246896181,-0.0017619547706048742,-0.0,1,0.0,0.0
2024-05-06,70997.0,71041.11124727542,70095.63235924422,71913.93578396022,0.0,0.0006211184914556015,0.0,1,0.0,0.0
2024-05-07,71525.0,70908.14026341776,70013.00338371914,71822.94779297036,0.007409416308690439,-0.0012523823736294492,-0.0,1,0.0,-0.0
2024-05-08,71525.0,71402.99988364692,70773.20983068093,72571.08932105645,0.0,-0.0017071552961204172,-0.0,1,0.0,-0.0
2024-05-09,71389.0,71521.49285342732,70794.95049927081,72603.1856069311,-0.001903243083996196,-4.903505851032933e-05,-0.0,1,0.0,0.0
2024-05-10,71216.0,71335.87744722783,70529.23270482989,72343.97759206267,-0.002426283578679192,-0.0007444049863684834,-0.0,1,0.0,0.0
2024-05-13,71216.0,71672.21805411651,70888.53302024413,72676.08569060374,0.0,0.006385685406319738,0.0,1,0.0,0.0
2024-05-14,71995.0,71674.25726210221,71674.25726210221,73618.76398162707,0.010879159886735186,0.0064141368625739775,0.0,1,0.0,0.0
2024-05-15,72129.0,72154.40498874804,71226.17348225815,73076.05777486069,0.0018595104023183746,0.002211664401076031,0.0,1,0.0,0.0
2024-05-16,72720.0,72391.27831490943,71574.96883034638,73401.39071953228,0.008160267306671349,0.003629644308913977,0.0,1,0.0,0.0
2024-05-17,73016.0,72848.24293885077,71649.07921737035,73485.68824988206,0.0040621453453527625,0.001761963590950692,0.0,1,0.0,0.0
2024-05-20,73016.0,73315.86680014551,71975.39807674501,73804.73041019056,0.0,0.004098454102299358,0.0,1,0.0,0.0
2024-05-21,73932.0,73159.622969507,72268.46781082137,74109.64994628413,0.012467156605857786,0.0019650747888909146,0.0,1,0.0,0.0
2024-05-22,73912.0,73283.87197313803,72040.26429481531,73842.72794826055,-0.0002705554519898951,-0.008805194789058961,-0.0,1,0.0,0.0
2024-05-23,72557.0,73027.9906254156,72452.87012557281,74252.04433421386,-0.018502736510010293,-0.012032395486915166,-0.0,1,0.0,0.0
2024-05-24,71754.0,72499.9986117448,72198.82043662803,74049.24424913661,-0.01112885764370825,-0.0007859171461523796,-0.0,1,0.0,0.0
2024-05-27,71926.0,71982.96112026821,71246.00311570358,73076.14173739147,0.0023942104978027508,0.0031858376876520477,0.0,1,0.0,0.0
2024-05-28,71973.0,71972.27704558779,70988.62365324463,72763.89752776589,0.0006532359734440291,0.000643191122691694,0.0,1,0.0,0.0
2024-05-29,72178.0,72003.33716343193,71246.3291679103,73031.83969754764,0.002844241638271088,0.00042141874808880917,0.0,1,0.0,0.0
2024-05-30,71751.0,71996.84317575213,71139.60538408921,72948.52051613496,-0.005933498499405828,-0.0025130170506188635,-0.0,1,0.0,0.0
2024-05-31,72127.0,71865.88864043428,71445.80118661183,73254.02209894914,0.005226662255015392,0.0015999325153106176,0.0,1,0.0,0.0
2024-06-03,71486.0,72163.15093647105,71150.28678228051,72949.53530062825,-0.00892682774783934,0.0005010866922357297,0.0,1,0.0,-0.0
2024-06-04,71969.0,71941.38238071099,71121.67144875339,72938.15463666728,0.006733844412829329,0.006350027496062344,0.0,1,0.0,0.0
2024-06-05,71696.0,71824.07540369249,70615.41434970697,72447.08375933966,-0.003800512701055533,-0.0020157388660356637,-0.0,1,0.0,0.0
2024-06-06,72527.0,71805.45225443314,71296.11129924134,73090.89077826813,0.011523948281140827,0.0015254518186159833,0.0,1,0.0,0.0
2024-06-07,71748.0,71900.30928051709,70657.82678338504,72487.51130303359,-0.01079892663816038,-0.008678340070084205,-0.0,1,0.0,0.0
2024-06-10,70855.0,71512.94278192296,70196.80052253518,72079.34236571107,-0.012524444409933952,-0.0032815284395816147,-0.0,1,0.0,0.0
2024-06-11,71164.0,71166.16091654831,71166.16091654831,73232.96710921088,0.004351537295695184,0.0043819021394439365,0.0,1,0.0,0.0
2024-06-12,71318.0,71365.60089624683,69948.95573213651,71785.81223598077,0.0021616774044192193,0.0028289005150467653,0.0,1,0.0,0.0
2024-06-13,71384.0,71518.0205997642,70228.16291284925,72087.20770109064,0.0009250046209020594,0.002800704327524352,0.0,1,0.0,0.0
2024-06-14,71596.0,71282.70882912121,70258.15489856231,72098.48853854167,0.0029654518864031224,-0.001419969504163339,-0.0,1,0.0,-0.0
2024-06-17,71596.0,71420.07003399196,70191.91466584962,72025.10458758633,0.0,-0.0024602837248732584,-0.0,1,0.0,-0.0
2024-06-18,71029.0,71453.32773647136,70949.04893529005,72757.02251886911,-0.007950962131994345,-0.001994728854630415,-0.0,1,0.0,0.0
2024-06-19,71527.0,71496.4146747082,70570.64458578569,72390.91879433137,0.006986756443939526,0.006559059680754327,0.0,1,0.0,0.0
2024-06-20,71807.0,71664.32891929644,70666.47411957168,72492.38871601009,0.003906963542054308,0.0019181184005721893,0.0,1,0.0,0.0
2024-06-21,72442.0,71588.4104357874,70683.88247192613,72480.1707100939,0.008804277351606894,-0.0030487688952379995,-0.0,1,0.0,-0.0
2024-06-24,71452.0,71872.55206383904,71143.92239648031,72960.65474575685,-0.013760346103221953,-0.007891801394579949,-0.0,1,0.0,0.0
2024-06-25,71580.0,71381.2345278663,70850.0542310921,72675.21167688048,0.001789809751241682,-0.0009908825233523905,-0.0,1,0.0,-0.0
2024-06-26,71077.0,71299.33095322782,70290.30965173678,72119.96754670577,-0.0070519089072356685,-0.003928761506847112,-0.0,1,0.0,0.0
2024-06-27,71100.0,71261.03297067442,70590.1428648944,72376.52508122874,0.00032354037855110044,0.002585859441511712,0.0,1,0.0,0.0
2024-06-28,71563.0,71282.49075607407,70117.18371778356,71945.18716185914,0.00649084381451874,0.002563389009889399,0.0,1,0.0,0.0
2024-07-01,71511.0,71482.1301471299,70479.15130416998,72279.10234634527,-0.0007268966030116029,-0.001130690173131605,-0.0,1,0.0,0.0
2024-07-02,71447.0,71696.55130501164,70940.40053907814,72750.42796043339,-0.0008953679301003511,0.002591363474268251,0.0,1,0.0,-0.0
2024-07-03,71975.0,71702.50923155766,70759.98249546313,72588.79912105823,0.007362920407637679,0.003569827158652389,0.0,1,0.0,0.0
2024-07-04,72169.0,72089.78523801976,70993.11702982336,72802.41792634875,0.002691754317019592,0.0015935228323808494,0.0,1,0.0,0.0
2024-07-05,72348.0,72273.6703253866,71419.5277414847,73221.26329701429,0.0024772184800095935,0.0014492994829326976,0.0,1,0.0,0.0
2024-07-08,72550.0,72560.06172687223,71583.11399472979,73396.46789695052,0.0027881700349279637,0.0029268472123560756,0.0,1,0.0,0.0
2024-07-09,72271.0,72663.80857919417,71648.68103310918,73448.61082908964,-0.0038530371308992035,0.00156746253830031,0.0,1,0.0,-0.0
2024-07-10,72438.0,72404.19142560262,71820.85996789658,73626.12178213322,0.0023080813790075953,0.0018412481354807121,0.0,1,0.0,0.0
2024-07-11,72524.0,72677.40564548085,71828.51933623037,73619.98230589113,0.0011865179852570558,0.0032995237357994933,0.0,1,0.0,0.0
2024-07-12,72743.0,72637.92033263778,71859.58598037699,73635.96209879854,0.003015139927333604,0.0015695625376665528,0.0,1,0.0,0.0
2024-07-15,73011.0,72823.99071154905,72054.37603053951,73849.76197872066,0.0036774332371681076,0.001112762165520032,0.0,1,0.0,0.0
2024-07-16,73320.0,73130.64028896691,72001.34835081131,73806.74192159207,0.004223308243440251,0.001637320006237232,0.0,1,0.0,0.0
2024-07-17,73320.0,73115.59250556823,72278.062875804,74101.06840318113,0.0,-0.0027917751920427804,-0.0,1,0.0,-0.0
2024-07-18,73926.0,72996.82749383568,72557.03536038059,74365.6670283522,0.008231169899081977,-0.0044174417560346735,-0.0,1,0.0,-0.0
2024-07-19,73168.0,72791.5608356311,71873.62426828445,73688.36115228236,-0.010306425954886836,-0.015464566974973263,-0.0,1,0.0,0.0
2024-07-22,72875.0,71948.65986674243,71934.6126652345,73775.63821452706,-0.004012522245042887,-0.016805359652347907,-0.0,1,0.0,0.0
2024-07-23,69296.0,70988.00221499414,70909.12720319288,72733.4054480459,-0.05035846019838562,-0.026234764795964375,-0.0,1,0.0,0.0
2024-07-24,68918.0,69312.42801068827,69172.03466647617,71085.48433166496,-0.005469792386246461,0.00023704201830953718,0.0,1,0.0,-0.0
2024-07-25,67984.0,68494.58358552583,67727.90766781472,69636.51514011525,-0.013645008713568657,-0.006162721688328331,-0.0,1,0.0,0.0
2024-07-26,67884.0,68271.85610479061,67658.22678722464,69462.88857699954,-0.001472017223436746,0.004225235395648139,0.0,1,0.0,-0.0
2024-07-29,68527.0,68132.8110261534,67380.89158565595,69251.53627008988,0.00942746204222596,0.0036585375263845634,0.0,1,0.0,0.0
2024-07-30,68481.0,68650.15555832656,67489.79752144095,69264.16338237998,-0.0006714936606396974,0.0017955699826814613,0.0,1,0.0,-0.0
2024-07-31,69046.0,69099.71767721213,68356.2432909938,70140.94914862835,0.008216614609814923,0.008994310521389373,0.0,1,0.0,0.0
2024-08-01,69405.0,69409.06024586801,68316.490065263,70113.93521361181,0.005185961886652805,0.005244460944485601,0.0,1,0.0,0.0
2024-08-02,70095.0,69658.76961808688,68520.51592802303,70299.48387848632,0.009892553793426581,0.0036496910801888218,0.0,1,0.0,0.0
2024-08-05,69257.0,69467.73220381509,68739.89424465448,70543.81551705152,-0.012027241829105757,-0.008989104900522826,-0.0,1,0.0,0.0
2024-08-06,68996.0,69187.4703973375,68657.73616820807,70484.28793257708,-0.003775691089010961,-0.00100444038405659,-0.0,1,0.0,0.0
2024-08-07,68639.0,68936.36180917808,68035.07034230742,69883.93837512049,-0.005187645593369803,-0.0008647454992585682,-0.0,1,0.0,0.0
2024-08-08,68656.0,68825.14661279724,67960.078214513,69756.23434136981,0.00024764194015623097,0.0027082949432846704,0.0,1,0.0,0.0
2024-08-09,69236.0,69312.42325960024,68123.89950813289,69921.06096984382,0.008412430314983534,0.009515629695433207,0.0,1,0.0,0.0
2024-08-12,69677.0,69661.69115892261,68130.04274097428,69934.7089748715,0.006349319092282186,0.006129583410661314,0.0,1,0.0,0.0
2024-08-13,70158.0,70141.27904470614,69009.21197830205,70818.20477031235,0.0068795637298019055,0.0066412024853694735,0.0,1,0.0,0.0
2024-08-14,70448.0,70340.36869225765,69430.00498517625,71229.6650240051,0.004125007627161605,0.0025960272190453017,0.0,1,0.0,0.0
2024-08-15,70448.0,70563.00077682697,69329.29199065901,71145.21066596247,0.0,0.0016310897971026203,0.0,1,0.0,0.0
2024-08-16,70265.0,70738.43922769534,69634.20993113259,71469.04161786774,-0.002601040460689652,0.004114271016085764,0.0,1,0.0,-0.0
2024-08-19,70265.0,70938.86307223517,69769.52863787195,71599.23406528016,0.0,0.009544614053614998,0.0,1,0.0,0.0
2024-08-20,71676.0,71070.61558554175,69970.049451378,71782.76417532266,0.019882154985460903,0.011400159927797415,0.0,1,0.0,0.0
2024-08-21,71417.0,71379.88668572178,69416.64577746292,71379.88668572178,-0.003620027294708175,-0.004139832956796052,-0.0,1,0.0,0.0
2024-08-22,71379.0,71453.12128273142,71027.55103331734,72863.73562472989,-0.0005322278060591452,0.0005056520310438424,0.0,1,0.0,-0.0
2024-08-23,71096.0,71377.84823627392,70561.67312408573,72424.53826106674,-0.003972632001227834,-1.6136020657993483e-05,-0.0,1,0.0,0.0
2024-08-26,71096.0,71406.33258468092,70164.6322958338,71985.54467974779,0.0,0.004355480638689471,0.0,1,0.0,0.0
2024-08-27,71433.0,71449.12683234851,70489.75371633883,72303.29562496062,0.004728871008783765,0.004954607184112566,0.0,1,0.0,0.0
2024-08-28,71420.0,71574.30765767746,70434.2877669609,72224.40680351619,-0.00018200527865553656,0.0019762305294959456,0.0,1,0.0,-0.0
2024-08-29,71703.0,71462.69232946582,70911.35070836272,72715.22206043925,0.00395464556814609,0.0005975857543033767,0.0,1,0.0,0.0
2024-08-30,71679.0,71409.85630583813,70575.60103464815,72383.04115343782,-0.0003347700579451464,-0.004096684416903295,-0.0,1,0.0,0.0
2024-09-02,71259.0,71592.03516189441,70916.9567144551,72713.68829900405,-0.00587669071543729,-0.00121399065327971,-0.0,1,0.0,0.0
2024-09-03,71135.0,71295.20596614998,70575.57800133177,72392.47030765959,-0.001741646857935638,0.000507960697239283,0.0,1,0.0,-0.0
2024-09-04,71004.0,71254.11375381678,70537.2768097127,72336.16099824553,-0.0018432666205730113,0.0016730742745933783,0.0,1,0.0,-0.0
2024-09-05,71590.0,71330.4717994513,70471.24218910676,72262.78842192632,0.00821918592553632,0.004587397105594893,0.0,1,0.0,0.0
2024-09-06,71604.0,71420.77024840392,70146.53654596864,71957.57736120283,0.00019553891985146348,-0.002366672528119022,-0.0,1,0.0,-0.0
2024-09-09,71059.0,71467.19665265857,70963.2181136128,72760.54386908976,-0.0076404204487761015,-0.0019123819781378057,-0.0,1,0.0,0.0
2024-09-10,71352.0,71350.8016941808,70554.66692634787,72386.68786033358,0.0041148564847371715,0.004098062058769306,0.0,1,0.0,0.0
2024-09-11,71698.0,71674.44563714313,70523.30615127117,72335.92873001129,0.00483747884983409,0.0045089029792877355,0.0,1,0.0,0.0
2024-09-12,71543.0,72162.76896142622,71124.65433251103,72908.47743283947,-0.0021641856800466842,0.0064613943297293875,0.0,1,0.0,-0.0
2024-09-13,72761.0,72234.1637983546,71395.07961855854,73210.08105979885,0.01688142983706555,0.009614449252102615,0.0,1,0.0,0.0
2024-09-16,73267.0,72771.03673089592,71451.69928560994,73250.81808005116,0.006930205510839477,0.00013793156664746307,0.0,1,0.0,0.0
2024-09-17,72947.0,73273.81384806221,72314.84258230837,74099.41159816892,-0.004377152815995036,9.299590862361645e-05,0.0,1,0.0,-0.0
2024-09-18,72855.0,73275.80789096587,72321.63687291832,74174.6869070837,-0.0012619855997859216,0.004497361935817889,0.0,1,0.0,-0.0
2024-09-19,73282.0,73353.89264923462,72438.07324023091,74277.18572552048,0.005843848104040556,0.006824408234253526,0.0,1,0.0,0.0
2024-09-20,73715.0,73637.47123498173,72175.30300400907,73987.71437321359,0.005891293731924622,0.0048390036478486815,0.0,1,0.0,0.0
2024-09-23,74152.0,74196.66893020319,73235.98118184449,75053.84007416607,0.005910734271748409,0.006512949739878913,0.0,1,0.0,0.0
2024-09-24,74492.0,74577.61459976633,73388.5338819016,75200.72455704103,0.004574696495727942,0.005723349216264435,0.0,1,0.0,0.0
2024-09-25,75029.0,74787.5118085218,73663.92202271751,75488.16685010723,0.007182968397426954,0.003959179541202928,0.0,1,0.0,0.0
2024-09-26,75402.0,75160.89012416435,74022.02421743881,75843.27365322124,0.004959094394376285,0.0017563120654528915,0.0,1,0.0,0.0
2024-09-27,75340.0,75357.85895748084,74391.21523362304,76204.35383909846,-0.0008225975971674574,-0.0005855808580048666,-0.0,1,0.0,0.0
2024-09-30,75051.0,75234.95608084869,74564.48773092047,76390.60369592921,-0.003843319822827317,-0.0013952378127948452,-0.0,1,0.0,0.0
2024-10-01,75213.0,75163.23328692855,74179.11843076251,76019.707582741,0.002156205914450769,0.0014943098980315654,0.0,1,0.0,0.0
2024-10-02,75213.0,75203.83060282521,74619.1390157858,76453.31741463338,0.0,-0.00012191982970787353,-0.0,1,0.0,-0.0
2024-10-03,75320.0,75266.93139388777,74481.5773318883,76290.12497066222,0.0014216154334331613,0.0007167918764626988,0.0,1,0.0,0.0
2024-10-04,75694.0,75313.07542936374,74413.94277222654,76240.41708894273,0.004953193275412035,-9.193957729925311e-05,-0.0,1,0.0,-0.0
2024-10-07,75656.0,75348.75284390115,74545.24137407503,76358.47725099287,-0.0005021473511527367,-0.004571523636452733,-0.0,1,0.0,0.0
2024-10-08,75279.0,75242.61064125776,74361.2860557015,76191.42895593,-0.004995538265017848,-0.005479048364280521,-0.0,1,0.0,0.0
2024-10-09,74590.0,75063.76481305988,74493.6620796769,76345.07835529736,-0.009194761481121324,-0.0028632616175979183,-0.0,1,0.0,0.0
2024-10-10,74534.0,74938.31199605427,74186.29362109219,76018.29096427475,-0.0007510528504113805,0.004658818405715929,0.0,1,0.0,-0.0
2024-10-11,75319.0,74953.46457445844,73816.05378005709,75637.75337598528,0.010477029898016087,0.005612051506471628,0.0,1,0.0,0.0
2024-10-14,75743.0,75385.08113702183,74169.01500708947,75980.23352403531,0.005613603863880928,0.0008769655175672491,0.0,1,0.0,0.0
2024-10-15,75690.0,75828.06703025485,75014.09790660153,76821.12837947617,-0.0006999795574813612,0.001122470677988721,0.0,1,0.0,-0.0
2024-10-16,76188.0,76003.7966041811,75095.2289384829,76940.16141869893,0.006557918655237174,0.0041372430357020365,0.0,1,0.0,0.0
2024-10-17,76520.0,76542.49196670737,75432.10303663756,77248.94754182841,0.004348174595739038,0.004642067195817086,0.0,1,0.0,0.0
2024-10-18,77164.0,76907.32933588461,75776.96392292007,77579.60336047634,0.008380882453590692,0.005049037357328279,0.0,1,0.0,0.0
2024-10-21,77767.0,77375.68714527194,76211.73887867527,78037.86074442463,0.007784149651063513,0.002739584654022368,0.0,1,0.0,0.0
2024-10-22,77909.0,77825.35013165869,76826.74380003888,78631.38567411382,0.0018243022608785172,0.0007500386020876759,0.0,1,0.0,0.0
2024-10-23,78387.0,77973.69585527171,77162.5704871618,78980.71624018782,0.006116618343199662,0.0008300582515764007,0.0,1,0.0,0.0
2024-10-24,77997.0,78070.27609012788,77217.64359863533,79032.16618402733,-0.004987732869318292,-0.004048700711545191,-0.0,1,0.0,0.0
2024-10-25,77622.0,77949.55523532818,77342.42364787344,79159.4404297996,-0.0048194722476463826,-0.0006084746926798728,-0.0,1,0.0,0.0
2024-10-28,77917.0,78053.09640275668,77261.11827247898,79096.3610416011,0.0037932654025823053,0.005538426051150922,0.0,1,0.0,0.0
2024-10-29,78493.0,78373.61154540982,77357.68315609946,79172.63615592971,0.0073652912713815764,0.005843125700699597,0.0,1,0.0,0.0
2024-10-30,79362.0,78690.1918036998,77863.69398233746,79674.72732171867,0.011010215434181672,0.00250907116578707,0.0,1,0.0,0.0
2024-10-31,79181.0,79076.63327982691,78045.68794264787,79865.53071787351,-0.002283293221849726,-0.003602240474377319,-0.0,1,0.0,0.0
2024-11-01,79181.0,78975.4516877152,78258.84982505118,80098.524171975,0.0,-0.0025993050023778315,-0.0,1,0.0,-0.0
2024-11-04,79181.0,78784.44158494238,78117.79602242616,79958.03671599535,0.0,-0.005020835495935283,-0.0,1,0.0,-0.0
2024-11-05,79181.0,78641.38457728879,78041.88803883003,79843.2018396418,0.0,-0.006838288839127385,-0.0,1,0.0,-0.0
2024-11-06,78026.0,77982.62027344081,77855.12840021147,79649.103039508,-0.014694266570403347,-0.01525038619509022,-1.0,0,0.0005,0.014194266570403347
2024-11-07,76503.0,77102.0947854922,77102.0947854922,79198.39101989407,-0.01971214872986231,-0.011911654558478311,-0.0,1,0.0005,-0.0005
2024-11-08,77031.0,76403.11652213117,76120.50115595676,77976.81056331017,0.006877982485842356,-0.0013064682348613323,-0.0,1,0.0,-0.0
2024-11-11,76577.0,76136.71689289523,75290.2407653349,77084.2014359253,-0.005911167673140793,-0.011677307558324248,-0.0,1,0.0,0.0
2024-11-12,74631.0,75661.50915137646,75631.53140764312,77415.72744839267,-0.02574080007180316,-0.012027205067349164,-0.0,1,0.0,0.0
2024-11-13,74916.0,74406.86921560689,74290.89507006417,76198.37874447118,0.003811515376859395,-0.0030077047469255183,-0.0,1,0.0,-0.0
2024-11-14,73281.0,74420.28437746842,73531.59782374791,75373.34616995744,-0.02206611930663265,-0.006638941705848498,-0.0,1,0.0,0.0
2024-11-15,73281.0,74139.1010952119,73500.08479117419,75335.50843559767,0.0,0.011641706664207904,0.0,1,0.0,0.0
2024-11-18,74468.0,74133.6573028038,72904.78265094376,74789.4273956976,0.016068136348675818,0.011568277229571945,0.0,1,0.0,0.0
2024-11-19,75564.0,74961.14583386316,73222.48261853185,75021.46173723665,0.014610476384955502,0.006600420841029509,0.0,1,0.0,0.0
2024-11-20,75564.0,75784.51709483833,74448.7424015389,76286.03224974732,0.0,0.002914032527257696,0.0,1,0.0,0.0
2024-11-21,76529.0,76262.1138306613,75332.26903103261,77186.53528307348,0.012689774670651932,0.009196293484739515,0.0,1,0.0,0.0
2024-11-22,77518.0,76508.90101652904,74795.06115575509,76637.65946872906,0.012840413490830767,-0.0002626667440290155,-0.0,1,0.0,-0.0
2024-11-25,76487.0,76478.02260764928,75200.95545087039,77039.48183582007,-0.01338937570464848,-0.01350675407269607,-0.0,1,0.0,0.0
2024-11-26,75383.0,76442.23457724601,76259.02031924971,78132.65737166652,-0.014539006349383089,-0.0005854397186556657,-0.0,1,0.0,0.0
2024-11-27,75953.0,75610.19726428845,74679.97301419584,76572.29132612555,0.00753294253046925,0.0030093731356007724,0.0,1,0.0,0.0
2024-11-28,75983.0,75876.71408316604,74561.31747553332,76384.73982307894,0.0003949031222338906,-0.0010048879261096082,-0.0,1,0.0,-0.0
2024-11-29,76400.0,76082.88504322976,75030.07475065248,76847.52276479261,0.005473065117714272,0.0013137076414835428,0.0,1,0.0,0.0
2024-12-02,75950.0,76064.73051410934,75288.40317563785,77133.84032695068,-0.005907467130692916,-0.004398001100583104,-0.0,1,0.0,0.0
2024-12-03,76046.0,76155.74867110363,75100.70375858797,76939.12272309317,0.0012631913045767719,0.0027053388631040403,0.0,1,0.0,0.0
2024-12-04,76031.0,76339.45019291698,75394.47610226789,77233.60454527059,-0.00019726848962884692,0.003851424860915051,0.0,1,0.0,-0.0
2024-12-05,76160.0,76309.57646212455,75478.04713264326,77280.48828986505,0.0016952386263800999,0.0036572892017138823,0.0,1,0.0,0.0
2024-12-06,75910.0,76211.10123978737,75459.55006933614,77278.64178288385,-0.0032879624544330777,0.0006707471598938492,0.0,1,0.0,-0.0
2024-12-09,76375.0,76430.762599156,75574.89651033313,77388.91760906608,0.006106989463082479,0.00683683892272089,0.0,1,0.0,0.0
2024-12-10,76757.0,76956.03668816015,75490.48324157487,77315.33953727971,0.004989170028331066,0.007578889204889469,0.0,1,0.0,0.0
2024-12-11,77509.0,76976.80454006053,76126.86199392406,77932.10196115104,0.009749471129014852,0.00285954921231546,0.0,1,0.0,0.0
2024-12-12,77933.0,77242.81050295882,76335.22645779823,78149.31243654464,0.005455424551640162,-0.0034402151252015366,-0.0,1,0.0,-0.0
2024-12-13,76735.0,77249.07963325549,76485.65088684102,78307.00428313752,-0.015491555573687239,-0.008814481626479543,-0.0,1,0.0,0.0
2024-12-16,76588.0,76769.76809544611,76261.8482239482,78139.79569687815,-0.0019175211160995338,0.0004529904376525127,0.0,1,0.0,-0.0
2024-12-17,76082.0,76423.89781279681,75690.58859326856,77561.0138038637,-0.00662870050157959,-0.002144960652948725,-0.0,1,0.0,0.0
2024-12-18,76391.0,75970.86279600768,75150.61584154668,76972.08947125974,0.004053182176886934,-0.0014618234966404995,-0.0,1,0.0,-0.0
2024-12-19,75696.0,75836.09880800302,74930.86022886014,76781.44096204019,-0.00913956929747382,-0.007290471330462612,-0.0,1,0.0,0.0
2024-12-20,75233.0,75703.84841685857,74949.32038065739,76786.15295800514,-0.0061353544033956944,0.00010367800163168976,0.0,1,0.0,-0.0
2024-12-23,75671.0,75533.34761590415,74666.0753336746,76521.98993249719,0.0058050314105728236,0.003984284530021907,0.0,1,0.0,0.0
2024-12-24,75640.0,75673.1048066423,74396.5429597437,76205.77149813768,-0.0004097521057125268,2.781484809220043e-05,0.0,1,0.0,-0.0
2024-12-25,75640.0,75810.49902155725,75376.42793040308,77189.20916311773,0.0,0.002251548785736253,0.0,1,0.0,0.0
2024-12-26,75640.0,75763.92644492774,74982.69107015384,76805.96807999862,0.0,0.0016370311591409718,0.0,1,0.0,0.0
2024-12-27,75990.0,75972.59815852974,75151.82179798878,76947.90120484628,0.004616508891436813,0.004387480936437357,0.0,1,0.0,0.0
2024-12-30,75990.0,76062.77746826818,75130.00130195645,76940.5837097886,0.0,0.0009572659577479762,0.0,1,0.0,0.0
2024-12-31,75874.0,76087.99926937718,75682.37414377504,77505.57264691168,-0.0015276829605464894,0.001288802896051034,0.0,1,0.0,-0.0
2025-01-01,75913.0,76220.13956110591,75297.22929633514,77119.01471734897,0.0005138780114006126,0.004551656752881717,0.0,1,0.0,0.0
2025-01-02,76308.0,76311.0912728566,75408.76216933665,77215.34094462333,0.005189834340723294,0.005230343989041328,0.0,1,0.0,0.0
2025-01-03,76720.0,76704.14811975264,75590.44355675069,77407.92564567414,0.005384648501911823,0.00517800723327134,0.0,1,0.0,0.0
2025-01-06,76720.0,76813.56929588482,76203.39901221561,78021.53959418106,0.0,0.0012188775119122129,0.0,1,0.0,0.0
2025-01-07,76670.0,76929.56062112424,76350.04425386264,78182.3080753453,-0.0006519330043797336,0.002727775467992419,0.0,1,0.0,-0.0
2025-01-08,76811.0,77061.65061014783,75985.51611143639,77808.2032035022,0.001837361493172425,0.0050952612024772245,0.0,1,0.0,0.0
2025-01-09,77122.0,77267.03954030269,76364.48870581623,78166.31903082367,0.00404072451200311,0.005919608963941536,0.0,1,0.0,0.0
2025-01-10,77355.0,77540.45116585735,76638.36370859662,78437.40961001435,0.0030166325950535867,0.005411167141718129,0.0,1,0.0,0.0
2025-01-13,77355.0,77633.22314006362,76973.87141944109,78779.96249688802,0.0,0.0035902526434949222,0.0,1,0.0,0.0
2025-01-14,77971.0,77871.33237708025,77197.67053456634,79011.1030461344,0.007931746513915571,0.006652663546047114,0.0,1,0.0,0.0
2025-01-15,77971.0,78286.88652734656,77516.67530555838,79338.81710798854,0.0,0.004043148985110628,0.0,1,0.0,0.0
2025-01-16,78098.0,78378.22785694311,77340.85907549015,79154.53878528229,0.0016274856381751062,0.0052092201976511755,0.0,1,0.0,0.0
2025-01-17,78708.0,78442.64931931683,77366.21554265561,79201.07943795266,0.007780353776476182,0.004403327540684719,0.0,1,0.0,0.0
2025-01-20,78708.0,78919.76501986942,77943.93035215413,79765.14238292252,0.0,0.002686901603214123,0.0,1,0.0,0.0
2025-01-21,79002.0,79058.47820064226,78329.59926636,80154.79513497134,0.0037283665026628604,0.004443006919911682,0.0,1,0.0,0.0
2025-01-22,79177.0,79240.43655203478,78424.9193330627,80267.02014382892,0.002212684002295739,0.003013562451110391,0.0,1,0.0,0.0
2025-01-23,79765.0,79503.52215713536,78510.14105454026,80318.3761152321,0.007398959148403494,0.004115471937679591,0.0,1,0.0,0.0
2025-01-24,79630.0,79720.43539455497,78975.36081615872,80806.94668725914,-0.0016939054836074023,-0.0005588548759282879,-1.0,0,0.0005,0.0011939054836074023
2025-01-27,79630.0,79929.09873839091,79151.00988995211,80966.46777295248,0.0,0.0037490696687084006,0.0,1,0.0005,-0.0005
2025-01-28,80028.0,80056.9571074779,79240.68741434751,81079.61940962015,0.004985667168816028,0.0053474389219767,1.0,0,0.0005,0.004485667168816028
2025-01-29,79999.0,80334.46445855226,79139.30362532468,80981.92134878965,-0.00036243884241354905,0.0038221516821639475,1.0,0,0.0,-0.00036243884241354905
2025-01-30,80581.0,80768.571039714,79968.55671805842,81785.24509281619,0.007248755117743585,0.009573782981186161,1.0,0,0.0,0.007248755117743585
2025-01-31,81798.0,81482.83979333108,79968.31760117304,81826.27499565374,0.014989903718548067,0.011129553680513885,1.0,0,0.0,0.014989903718548067
2025-02-03,82313.0,82273.00158243383,80930.92298149182,82783.55494116856,0.006276260464544447,0.0057902116150791985,1.0,0,0.0,0.006276260464544447
2025-02-04,82792.0,82833.29962823432,81360.53232447234,83216.44321397868,0.00580238446927985,0.006301096069295257,1.0,0,0.0,0.00580238446927985
2025-02-05,84377.0,83485.46374438689,82073.10915610468,83941.18910834467,0.018963414249597403,0.008341091442485581,1.0,0,0.0,0.018963414249597403
2025-02-06,84252.0,84387.15831521693,81502.84992256148,84387.15831521693,-0.0014825447923571722,0.00012038474674487739,1.0,0,0.0,-0.0014825447923571722
2025-02-07,84288.0,84494.24756454788,84040.34089163787,85899.2966515208,0.0004271982977037953,0.0028711480635326405,0.0,1,0.0005,-0.0005
2025-02-10,85379.0,84569.87445926148,83466.37407025418,85344.73546728215,0.012860662795598738,0.0033386032127296823,1.0,0,0.0005,0.012360662795598738
2025-02-11,85081.0,85001.41126798825,83335.70987389251,85181.67017123863,-0.003496425009822077,-0.004432309411125889,-1.0,0,0.001,0.0024964250098220768
2025-02-12,84688.0,85099.94976968142,84660.3013479544,86515.74437437786,-0.0046298287909607334,0.00022270142204973515,1.0,0,0.001,-0.0056298287909607335
2025-02-13,85443.0,85045.72886084692,84447.09478843336,86331.91922116403,0.008875571839379074,0.004215183309976078,1.0,0,0.0,0.008875571839379074
2025-02-14,85769.0,85218.87836435475,84098.47699833149,85931.36261582607,0.003808148891092359,-0.002626500617891632,-1.0,0,0.001,-0.0048081488910923596
2025-02-17,84923.0,85540.682296167,84825.73387096645,86648.57429204704,-0.009912672268110975,-0.0026655567386440517,-1.0,0,0.0,0.009912672268110975
2025-02-18,85387.0,85502.00236464756,84730.56611776602,86610.31125927222,0.005448900804801438,0.006794831560052968,1.0,0,0.001,0.004448900804801438
2025-02-19,86360.0,85576.85959367828,84505.33889968623,86346.24193759193,0.011330741263812819,0.002221050369108926,1.0,0,0.0,0.011330741263812819
2025-02-20,86243.0,85972.38002996339,84742.349967302,86552.91524964682,-0.0013557124490313319,-0.004498523419087047,-1.0,0,0.001,0.00035571244903133186
2025-02-21,85695.0,86236.80599986344,85995.70942523977,87849.73142757913,-0.006374412353039776,-7.182290243562675e-05,-1.0,0,0.0,0.006374412353039776
2025-02-24,86086.0,85843.9481510861,85257.09563275766,87119.36829790067,0.004552315742055723,0.0017366107245599827,1.0,0,0.001,0.0035523157420557228
2025-02-25,86275.0,85853.65747541652,84824.26455985967,86658.15742992822,0.002193072397475843,-0.002702607058961709,-1.0,0,0.001,-0.003193072397475843
2025-02-26,86275.0,85920.15208183527,85280.66506013155,87104.6022617507,0.0,-0.004121468185096798,-1.0,0,0.0,-0.0
2025-02-27,85225.0,85620.61055430952,85364.13734195857,87199.5900566402,-0.012245050960100288,-0.007613837315005819,-1.0,0,0.0,0.012245050960100288
2025-02-28,84789.0,85166.43340144544,84797.51511851502,86650.51401261044,-0.00512900062121676,-0.0006874359783449055,-1.0,0,0.0,0.00512900062121676
2025-03-03,84828.0,85091.17147434418,84495.8912334491,86344.83957994473,0.000459859574067317,0.00355746983772787,1.0,0,0.001,-0.000540140425932683
2025-03-04,86022.0,85309.32542502448,84209.66807813423,86023.15818364399,0.013977400515368653,0.005658096574865923,1.0,0,0.0,0.013977400515368653
2025-03-05,85992.0,85645.60345052854,83950.26868387584,85800.99088605765,-0.00034880882142353,-0.00438518561541635,-1.0,0,0.001,-0.00065119117857647
2025-03-06,85468.0,85847.46604777945,85780.90891496422,87622.72984389546,-0.006112231790020578,-0.0016821978050577113,-1.0,0,0.0,0.006112231790020578
2025-03-07,85730.0,85784.49976741549,84718.56957758257,86614.35442305396,0.003060785809922857,0.003696297901596225,1.0,0,0.001,0.002060785809922857
2025-03-10,85721.0,85901.00595856892,85059.22119502058,86944.99835411539,-0.00010498626439349303,0.0019927170408567925,1.0,0,0.0,-0.00010498626439349303
2025-03-11,85663.0,85965.64691382197,85146.4468226499,86974.09346831507,-0.0006768426715938828,0.0028499255335968938,1.0,0,0.0,-0.0006768426715938828
2025-03-12,85765.0,85958.96167041006,85133.77165516817,86990.72703811132,0.0011900041071113187,0.0034489987285541944,1.0,0,0.0,0.0011900041071113187
2025-03-13,86410.0,86360.475629628,85253.79216919918,87087.51295231361,0.007492411991519604,0.006919115291976995,1.0,0,0.0,0.007492411991519604
2025-03-14,86410.0,86965.28871110427,85798.78213317828,87616.12452550368,0.0,0.0064056488553111916,1.0,0,0.0,0.0
2025-03-17,87722.0,87233.64473222767,86361.79996997176,88194.1562349206,0.015069313254069069,0.009486680731975502,1.0,0,0.0,0.015069313254069069
2025-03-18,88025.0,87766.96261398129,86214.42709349738,88057.3743889247,0.0034481419337391898,0.0005124266996102667,1.0,0,0.0,0.0034481419337391898
2025-03-19,88288.0,88247.00231180603,87500.29312972992,89325.52558486431,0.0029833329937593157,0.0025188620571844956,1.0,0,0.0,0.0029833329937593157
2025-03-20,88153.0,88320.72235365625,87352.66623664305,89221.38384485648,-0.001530256871633721,0.0003705632835637964,1.0,0,0.0,-0.001530256871633721
2025-03-21,87821.0,88121.49037155097,87224.09500348807,89090.01287627459,-0.003773289166694092,-0.0003575063949210146,-1.0,0,0.001,0.002773289166694092
2025-03-24,87447.0,87927.6390251909,87389.62134248538,89261.80322450919,-0.0042677564377016294,0.001213540416238673,1.0,0,0.001,-0.0052677564377016295
2025-03-25,87438.0,87723.58188994309,87212.55837306567,89064.75832435675,-0.00010292477923143142,0.0031578603758737047,1.0,0,0.0,-0.00010292477923143142
2025-03-26,87363.0,87873.82391147267,86895.84862682773,88743.21394858314,-0.0008581187133059749,0.0049719956084255295,1.0,0,0.0,-0.0008581187133059749
2025-03-27,88112.0,88012.81940675783,87039.2293174755,88882.74927680606,0.008536880453816974,0.007410626879107727,1.0,0,0.0,0.008536880453816974
2025-03-28,88691.0,88524.19348592781,87100.14238311008,88959.80142034248,0.0065496860329937266,0.004667154856592317,1.0,0,0.0,0.0065496860329937266
2025-03-31,88691.0,89267.34450226095,88219.97427794093,90068.20412799472,0.0,0.006477319385590132,1.0,0,0.0,0.0
2025-04-01,90797.0,89450.36183404842,88820.73679844744,90697.6578888119,0.023467826860729974,0.00852543649178877,1.0,0,0.0,0.023467826860729974
2025-04-02,90764.0,90385.42536345542,88579.4416926134,90441.21448912505,-0.00036351419482590433,-0.004543214869263008,-1.0,0,0.001,-0.0006364858051740957
2025-04-03,90121.0,90442.24517662832,89669.69235739252,91543.2592689707,-0.007109519400520315,-0.0035512590772719963,-1.0,0,0.0,0.007109519400520315
2025-04-04,89762.0,89688.9106146506,88902.01459399794,90858.07397679423,-0.00399148865242025,-0.004806077880645837,-1.0,0,0.0,0.00399148865242025
2025-04-07,88314.0,89173.3009464826,88906.15329785366,90802.15832932014,-0.01626307772757823,-0.006580045127784865,-1.0,0,0.0,0.01626307772757823
2025-04-08,88047.0,88744.18854199613,88039.68440422275,89932.48969086864,-0.0030278826269934424,0.004859299556087123,1.0,0,0.001,-0.004027882626993442
2025-04-09,89297.0,89140.21001250889,87457.21999180948,89367.09607744848,0.014097129881770216,0.012339760689190578,1.0,0,0.0,0.014097129881770216
2025-04-10,89297.0,90460.61862390999,88686.69679070917,90520.98250462023,0.0,0.012946709978953105,1.0,0,0.0,0.0
2025-04-11,93127.0,90929.21934009955,90022.91435869085,91868.14430518495,0.041996260285892505,0.0181135017233969,1.0,0,0.0,0.041996260285892505
2025-04-14,93127.0,93173.19319616286,89718.06507434526,93173.19319616286,0.0,0.000495900689280218,1.0,0,0.0,0.0
2025-04-15,92822.0,93657.48860038612,92982.7618923396,94837.62259115875,-0.0032804723179083984,0.005680236412728193,0.0,1,0.0005,-0.0005
2025-04-16,94304.0,93544.61586598206,92785.98733522328,94749.15556229981,0.015839925894018808,0.007754816858813284,1.0,0,0.0005,0.015339925894018808
2025-04-17,94629.0,94456.48005536175,91956.37769460492,94456.48005536175,0.0034403764357037697,0.001615593353897418,1.0,0,0.0,0.0034403764357037697
2025-04-18,94629.0,94786.78688188229,94116.55725615374,95951.66030578963,0.0,0.0016660376727507624,0.0,1,0.0005,-0.0005
2025-04-21,94629.0,94967.33601831742,94203.10817003486,96101.34905052421,0.0,0.003569018099856659,1.0,0,0.0005,-0.0005
2025-04-22,96276.0,95252.52303736038,94552.47328763672,96384.28643267819,0.017255083568531084,0.006567519246217388,1.0,0,0.0,0.017255083568531084
2025-04-23,98228.0,95588.11329983898,95302.33486647763,97147.34141380944,0.020072240541280584,-0.007170592100550194,-1.0,0,0.001,-0.021072240541280585
2025-04-24,95641.0,96841.91841716162,96441.42387367034,98426.76546538615,-0.02668970868913573,-0.014211365054075303,-1.0,0,0.0,0.02668970868913573
2025-04-25,95719.0,95584.29340296655,94966.50339113022,96934.64608572269,0.0008152174364523443,-0.0005930868002505808,-1.0,0,0.0,-0.0008152174364523443
2025-04-28,95719.0,95767.62220499982,94183.94233803159,96112.72989396458,0.0,0.0005078391950820482,1.0,0,0.001,-0.001
2025-04-29,94600.0,95566.01177594141,93807.28611613472,95674.31990183552,-0.011759339790283974,-0.0015995843611450672,-1.0,0,0.001,0.010759339790283973
2025-04-30,95561.0,94677.51325121231,94646.85105755946,96535.72328451296,0.010107310974574369,0.0008190434691798172,1.0,0,0.001,0.00910731097457437
2025-05-01,93928.0,94658.33158628075,93221.42912354681,95181.41374161455,-0.017236255704496346,-0.009490888039437054,-1.0,0,0.001,0.016236255704496345
2025-05-02,93928.0,94107.62769474438,94107.62769474438,96137.3626114197,0.0,0.0019105714335899608,1.0,0,0.001,-0.001
2025-05-05,93928.0,94506.47916164646,92792.47641500813,94743.64892312867,0.0,0.006139863378587087,1.0,0,0.0,0.0
2025-05-06,94883.0,95015.0223181942,90995.37084220465,95015.0223181942,0.010116022308653197,0.011506477436654573,1.0,0,0.0,0.010116022308653197
2025-05-07,96708.0,95430.35105983842,95430.35105983842,97652.21633969793,0.019051575493810518,0.005752119501523112,0.0,1,0.0005,-0.0005
2025-05-08,97192.0,96042.96983386349,95417.74150997686,97331.9443582921,0.004992274422066438,-0.006900435370548636,-0.0,1,0.0,-0.0
2025-05-09,96664.0,96407.27620508426,94781.52301973959,96838.67909986635,-0.005447355827433906,-0.008106725478507267,-1.0,0,0.0005,0.004947355827433907
2025-05-12,96664.0,95513.88405966813,94733.8436446855,96723.96899837947,0.0,-0.011969427981631031,-1.0,0,0.0,-0.0
2025-05-13,92631.0,95288.89996249566,92655.28491674509,95288.89996249566,-0.0426171888787814,-0.014327718533803685,-1.0,0,0.0,0.0426171888787814
2025-05-14,94036.0,93185.61093822564,93185.61093822564,95570.71695946407,0.015053828829550036,0.005969461851267705,0.0,1,0.0005,-0.0005
2025-05-15,93407.0,93100.7777426742,92687.41036775436,94617.1773444685,-0.006711398782515458,-0.00999514958581932,-0.0,1,0.0,0.0
2025-05-16,92020.0,92751.03368575498,90936.63835437786,92876.72583385003,-0.01496034416593764,-0.007047442607927187,-1.0,0,0.0005,0.01446034416593764
2025-05-19,92020.0,92770.3422172433,91807.07970861832,93807.0394767944,0.0,0.008121055809390546,1.0,0,0.001,-0.001
2025-05-20,93428.0,93284.41313046913,92375.80944465016,94216.0566154561,0.015185141447907679,0.013647087331104955,1.0,0,0.0,0.015185141447907679
2025-05-21,93190.0,94011.10158698236,92504.66001021235,94427.39635586111,-0.002550666377666099,0.006221791110456775,1.0,0,0.0,-0.002550666377666099
2025-05-22,95215.0,93988.17057166761,93985.94292621745,95891.08436994685,0.02149707261321586,0.008528509571036154,1.0,0,0.0,0.02149707261321586
2025-05-23,95395.0,94953.44344437012,93975.53600815522,95881.11555377232,0.0018886737684940332,-0.0027507899399324435,-1.0,0,0.001,-0.002888673768494033
2025-05-26,95395.0,95156.03882544598,93517.60863056128,95428.1122392649,0.0,-0.0025081080774422035,-1.0,0,0.0,-0.0
2025-05-27,95488.0,95764.2529882269,94706.4438539799,96667.17886496146,0.0009744189619668702,0.003863307077395727,1.0,0,0.001,-2.5581038033129812e-05
2025-05-28,94936.0,95516.17210962664,93782.66843895664,95680.1983565544,-0.0057976047784029944,0.00029498947085583165,1.0,0,0.0,-0.0057976047784029944
2025-05-29,95521.0,95089.51409765767,94455.63704584545,96323.93136535591,0.006143138238379668,0.0016157212549382481,1.0,0,0.0,0.006143138238379668
2025-05-30,94954.0,95175.51438417855,93990.21662609075,95909.74981383776,-0.005953554794765811,-0.003623411732829608,-1.0,0,0.001,0.004953554794765811
2025-06-02,94954.0,95228.63455173846,94442.02596149663,96324.00138375978,0.0,0.0028881158711943924,1.0,0,0.001,-0.001
2025-06-03,96153.0,95623.19019049476,94908.29200549528,96770.0295451443,0.01254810898963801,0.007022802048673876,1.0,0,0.0,0.01254810898963801
2025-06-04,96449.0,96522.05493429746,95711.26540661356,97586.14515471956,0.0030736984355439374,0.003830857977553711,1.0,0,0.0,0.0030736984355439374
2025-06-05,96722.0,96810.17665109666,96296.72370602807,98173.55133714399,0.002826513107596239,0.003737748218200803,1.0,0,0.0,0.002826513107596239
2025-06-06,97553.0,96992.46356788816,95698.52808965408,97612.07775784694,0.008554935716776558,0.0027923959693156395,1.0,0,0.0,0.008554935716776558
2025-06-09,97553.0,96962.86509196987,96087.68943879336,98002.44854626387,0.0,-0.00606774895571073,-1.0,0,0.001,-0.001
2025-06-10,95677.0,96741.34816215713,95474.1955364301,97367.62512737057,-0.019417884860298173,-0.00835491682528696,-1.0,0,0.0,0.019417884860298173
2025-06-11,95802.0,96259.00044224884,95024.33228760469,96913.98009031522,0.0013056263899108944,0.0060645446885955545,1.0,0,0.001,0.0003056263899108944
2025-06-12,95848.0,96289.64996440527,94999.68190825598,96862.35687971728,0.0004800417519787126,0.005077274437255899,1.0,0,0.0,0.0004800417519787126
2025-06-13,96795.0,96473.65484428003,95907.84972000516,97722.90634930528,0.009831736718314806,0.006506360939177556,1.0,0,0.0,0.009831736718314806
2025-06-16,96795.0,97260.65493818434,97260.65493818434,99783.16531570171,0.0,0.004799198787495804,1.0,0,0.0,0.0
2025-06-17,98858.0,97713.60438545038,97713.60438545038,100744.76030613152,0.021089136989086057,0.00944545582349573,0.0,1,0.0005,-0.0005
2025-06-18,98768.0,98629.58822447798,97473.93865020515,99421.97925086261,-0.0009108113934586488,-0.0023131770398752273,-0.0,1,0.0,0.0
2025-06-19,98931.0,98817.48296057849,97587.79496351327,99501.39000073518,0.0016489717897870257,0.0005008764902316803,1.0,0,0.0005,0.0011489717897870256
2025-06-20,98886.0,98776.62011006851,97270.70771096207,99228.38445387341,-0.000454965961229074,-0.001561699252886863,-1.0,0,0.001,-0.000545034038770926
2025-06-23,98886.0,98217.9013300445,96591.8733942186,98511.42732533565,0.0,-0.0067791781300155654,-1.0,0,0.0,-0.0
2025-06-24,98718.0,98083.94718792297,97098.05368973938,99001.92773880687,-0.001700370847529922,-0.008143955526916855,-1.0,0,0.0,0.001700370847529922
2025-06-25,96781.0,97698.06779719157,97048.65107976153,98964.26760958388,-0.019816606607407094,-0.010385518676104927,-1.0,0,0.0,0.019816606607407094
2025-06-26,96813.0,97206.12727666472,96054.19110748603,97930.35021767451,0.00033058876092688415,0.004383053280200992,1.0,0,0.001,-0.0006694112390731159
2025-06-27,96733.0,96691.78442141494,96182.84739884101,98031.59665199481,-0.0008266769094268776,-0.001252843383719622,-1.0,0,0.001,-0.00017332309057312243
2025-06-30,96733.0,96500.76012178643,95590.15613171566,97450.63289210308,0.0,-0.002403720653039476,-1.0,0,0.0,-0.0
2025-07-01,95676.0,96220.7330977236,95169.9230200033,97051.96759128378,-0.01098712256830218,-0.00530975065990648,-1.0,0,0.0,0.01098712256830218
2025-07-02,96900.0,96301.52825928813,95572.2289900677,97393.62580000327,0.012712035588361944,0.006516705144336942,1.0,0,0.001,0.011712035588361945
2025-07-03,97057.0,96843.28342424675,96247.22694439202,98137.68065387517,0.001618915886407451,-0.0005854817402801079,-1.0,0,0.001,-0.0026189158864074512
2025-07-04,96933.0,97034.1792116977,96544.54224380228,98422.87831565115,-0.0012784165873320423,-0.0002351553378175369,-1.0,0,0.0,0.0012784165873320423
2025-07-07,96933.0,96978.2790895002,96811.51990496207,98750.42893313456,0.0,0.0004670083198433325,1.0,0,0.001,-0.001
2025-07-08,96317.0,96419.74009545452,95104.81467644905,96988.86003188824,-0.006375183299739298,-0.005309064767954396,-1.0,0,0.001,0.005375183299739298
2025-07-09,96537.0,96057.62421249418,95101.97034102732,96971.1357507115,0.002281519651457268,-0.002696571294040861,-1.0,0,0.0,-0.002281519651457268
2025-07-10,95654.0,96125.64702887072,95755.48860647318,97647.26745905516,-0.009188840403394563,-0.004270195624768371,-1.0,0,0.0,0.009188840403394563
2025-07-11,96499.0,96346.17965697276,95639.57957354811,97471.31343976286,0.008795131452827345,0.007210229250051164,1.0,0,0.001,0.0077951314528273445
2025-07-14,96499.0,96948.14838931158,96394.78158154525,98262.56765880622,0.0,0.00464363729470286,1.0,0,0.0,0.0
2025-07-15,97961.0,97384.98100905614,96888.88624054499,98726.41493672438,0.01503679468318111,0.009139354075975539,1.0,0,0.0,0.01503679468318111
2025-07-16,97604.0,97504.59178188934,97181.0484468632,99094.88970383933,-0.0036509640943286673,-0.004669968186405355,-1.0,0,0.001,0.0026509640943286673
2025-07-17,97196.0,97160.8563023393,96152.2008661604,98035.2225673771,-0.004188917829557856,-0.0045505587689342545,-1.0,0,0.0,0.004188917829557856
2025-07-18,97100.0,97281.61764932408,96425.53318614897,98316.98859221872,-0.0009881830589620036,0.0008804885198644991,1.0,0,0.001,-0.001988183058962004
2025-07-21,97100.0,97489.64154289065,96075.66492633117,97913.02931992305,0.0,0.0040047564768545185,1.0,0,0.0,0.0
2025-07-22,98351.0,98100.36614994706,98084.44263166175,99925.04047876582,0.012801337254272268,0.010249723682435128,1.0,0,0.0,0.012801337254272268
2025-07-23,99026.0,98646.77560012664,98251.16239087374,100108.81472353727,0.006839729365424542,0.003002834133295201,1.0,0,0.0,0.006839729365424542
2025-07-24,100130.0,98930.36580768727,98535.9816413277,100390.59868041213,0.011086899802735296,-0.0009662149470429924,-1.0,0,0.001,-0.012086899802735297
2025-07-25,98442.0,99132.72352587612,98254.34126958539,100192.07908579995,-0.017001799458911056,-0.010009747767275548,-1.0,0,0.0,0.017001799458911056
2025-07-28,98442.0,98704.64828721565,97319.49587183181,99229.93761079494,0.0,0.0026644981782636586,1.0,0,0.001,-0.001
2025-07-29,98040.0,98468.41955951718,97543.10805002028,99433.49527409846,-0.004091983600888519,0.0002683409007486698,1.0,0,0.0,-0.004091983600888519
2025-07-30,97912.0,98125.15103094226,96905.71949964116,98743.80504983017,-0.0013064425798745259,0.0008681566103143642,1.0,0,0.0,-0.0013064425798745259
2025-07-31,98616.0,98216.68889501331,97554.60657781336,99448.99610120032,0.007164404169180935,0.0031070328552472676,1.0,0,0.0,0.007164404169180935
2025-08-01,98068.0,98522.46626503619,97932.3550814096,99815.40583488383,-0.005572404649352351,-0.0009489141693585588,-1.0,0,0.001,0.004572404649352351
2025-08-04,98068.0,98862.510378858,97771.07540392474,99663.09286033706,0.0,0.00806898522842303,1.0,0,0.001,-0.001
2025-08-05,99515.0,99054.41163759626,98321.92966216046,100176.70164471108,0.014647270971317733,0.010008196054064005,1.0,0,0.0,0.014647270971317733
2025-08-06,99760.0,99670.57342163006,98566.05186484844,100429.46710501701,0.0024589148005972265,0.0015620955934983107,1.0,0,0.0,0.0024589148005972265
2025-08-07,99977.0,99823.8550381738,99451.69876818625,101359.5066156861,0.0021728581622539587,0.0006398818215068553,1.0,0,0.0,0.0021728581622539587
2025-08-08,100132.0,100095.51241786238,99293.8349107065,101229.243035511,0.0015491560199541708,0.001184694791815318,1.0,0,0.0,0.0015491560199541708
2025-08-11,100132.0,100004.62700165213,99193.13292627977,101098.31741636441,0.0,-0.0012728606198007357,-1.0,0,0.001,-0.001
2025-08-12,99669.0,99614.20284037391,99419.38480653812,101332.70162644435,-0.004634619734216831,-0.005184562330744037,-1.0,0,0.0,0.004634619734216831
2025-08-13,99371.0,99644.4450459615,98403.31515012127,100316.22833762509,-0.002994375227719613,-0.0002463953614074199,-1.0,0,0.0,0.002994375227719613
2025-08-14,99722.0,99467.768877469,98550.82077682637,100428.68822312973,0.0035259940194226724,0.0009733402158455544,1.0,0,0.001,0.0025259940194226724
2025-08-15,99665.0,99781.06162677502,98969.8469036475,100819.17470165642,-0.0005717524367464211,0.0005920874398502238,1.0,0,0.0,-0.0005717524367464211
2025-08-18,99665.0,99653.55028725906,99173.64225845604,101041.27866797714,0.0,-0.00011488858148957332,-1.0,0,0.001,-0.001
2025-08-19,99202.0,99213.19238540613,98880.1101139065,100758.51194636786,-0.004656386796815307,-0.004543568969879391,-1.0,0,0.0,0.004656386796815307
2025-08-20,98702.0,98903.3758964218,98362.27767630579,100222.71966703894,-0.005052965719259393,-0.00301480288872204,-1.0,0,0.0,0.005052965719259393
2025-08-21,98365.0,98774.07275556689,98132.96847335217,99987.54494313119,-0.003420159930425298,0.000729939154260935,1.0,0,0.001,-0.0044201599304252975
2025-08-22,98904.0,99121.98493553084,98047.53654277358,99895.10958266292,0.005464632976396925,0.007666212972564748,1.0,0,0.0,0.005464632976396925
2025-08-25,98904.0,99485.52026029475,98996.8826978017,100857.54294357788,0.0,0.00586242584796454,1.0,0,0.0,0.0
2025-08-26,100036.0,99788.02181952285,99373.33880940443,101206.89901522166,0.011380438499013249,0.008898471561125488,1.0,0,0.0,0.011380438499013249
2025-08-27,100351.0,100257.50922467864,99667.26830698174,101556.0336130969,0.0031439191111291144,0.0022118471621266826,1.0,0,0.0,0.0031439191111291144
2025-08-28,100351.0,100747.57030203732,99810.29014411048,101690.84898903445,0.0,0.003944044112415264,1.0,0,0.0,0.0
2025-08-29,100999.0,101412.93569070067,100568.283259115,102438.46759804228,0.006436575487376875,0.010526613620045084,1.0,0,0.0,0.006436575487376875
2025-09-01,100999.0,102252.69539557968,100779.75515675006,102634.80519174991,0.0,0.012336539610290121,1.0,0,0.0,0.0
2025-09-02,103969.0,102905.40573330833,102585.36809739405,104430.20865890318,0.0289821619823943,0.018699559509397105,1.0,0,0.0,0.0289821619823943
2025-09-03,103987.0,104106.30541667929,103954.94667168552,105884.02545424397,0.00017311354368191573,0.0013197667674596603,1.0,0,0.0,0.00017311354368191573
2025-09-04,105279.0,104950.28946496801,103692.20664748552,105587.65177246931,0.012348077723431489,0.009220913057227696,1.0,0,0.0,0.012348077723431489
2025-09-05,105570.0,105978.86289917958,104654.43400761839,106617.68784556146,0.0027602709499503267,0.006625698564758888,1.0,0,0.0,0.0027602709499503267
2025-09-08,105570.0,106898.14868716737,103917.65719039664,106898.14868716737,0.0,0.012502259705135228,1.0,0,0.0,0.0
2025-09-09,107595.0,107128.52179496305,106253.18351730893,108150.84958788942,0.0189999382449039,0.014655011941533494,0.0,1,0.0005,-0.0005
2025-09-10,109013.0,107833.57615573725,106996.47043052464,108891.0895936802,0.013092962926051683,0.0022148988544417425,1.0,0,0.0005,0.012592962926051682
2025-09-11,109173.0,108687.47397572664,108021.98382670009,109945.37305099094,0.001466638818992803,-0.0029905884993589884,-1.0,0,0.001,-0.002466638818992803
2025-09-12,108690.0,109314.88498064854,108255.404129826,110239.89252301352,-0.004433986416456436,0.0012987905540490503,1.0,0,0.001,-0.005433986416456436
2025-09-15,108690.0,109941.92108835359,107851.66078575247,109941.92108835359,0.0,0.011452442675585471,1.0,0,0.0,0.0
2025-09-16,109072.0,109476.4381019126,108491.07110193261,110385.55320230016,0.0035084210453338732,0.00720955537605214,1.0,0,0.0,0.0035084210453338732
2025-09-17,110494.0,109134.97231857434,108649.88347318725,110517.1626564558,0.012953006220619465,0.0005771797266917048,1.0,0,0.0,0.012953006220619465
2025-09-18,109303.0,109474.73211093814,109467.89437624719,111393.0738584688,-0.010837378642731151,-0.009267455190715236,-1.0,0,0.001,0.00983737864273115
2025-09-19,109696.0,109987.99502874476,108406.50232930333,110354.15926106126,0.003589061336942207,0.006247381536000252,1.0,0,0.001,0.002589061336942207
2025-09-22,109696.0,111078.32177142208,110089.04569501476,112049.60941083031,0.0,0.0125226505016858,1.0,0,0.0,0.0
2025-09-23,111599.0,111557.98171812789,109692.70784368597,111562.65128662669,0.017199185798327795,0.016831567612974562,1.0,0,0.0,0.017199185798327795
2025-09-24,113884.0,111943.36727905244,111458.87281253975,113439.08754697483,0.02026829715205044,0.0030810047836165267,1.0,0,0.0,0.02026829715205044
2025-09-25,113167.0,112614.70125817829,112614.70125817829,114683.6393679499,-0.006315782651234902,-0.011208117506953292,-1.0,0,0.001,0.005315782651234902
2025-09-26,113054.0,113571.6191172001,112331.7232935105,114378.43164309603,-0.000999023162290696,0.0035690395247182584,1.0,0,0.001,-0.001999023162290696
2025-09-29,113054.0,113550.34465464817,111486.65582439087,113550.34465464817,0.0,0.0043807231425558105,1.0,0,0.0,0.0
2025-09-30,114745.0,113817.20170034972,112264.20800509615,114165.85116460486,0.014846694334462453,0.006728086893575413,1.0,0,0.0,0.014846694334462453
2025-10-01,114761.0,114663.94279970707,113565.67508332877,115539.39282803683,0.00013942990619776016,-0.0007066612371499763,-1.0,0,0.001,-0.0011394299061977602
2025-10-02,116933.0,115529.33420513597,115529.33420513597,118497.28003328721,0.018749416285944412,0.006672768604724015,1.0,0,0.001,0.01774941628594441
2025-10-03,116933.0,116895.95340736402,115731.17123801372,117807.60811955592,0.0,-0.00031686916787772524,-0.0,1,0.0005,-0.0005
2025-10-06,116933.0,117632.71125690981,115071.59627381935,117632.71125690981,0.0,0.005966032533850076,1.0,0,0.0005,-0.0005
2025-10-07,118807.0,118543.01012522385,116099.86015306356,118543.01012522385,0.015899206552883967,0.013674728167605146,1.0,0,0.0,0.015899206552883967
2025-10-08,119400.0,119443.60431018955,117668.47548893616,119613.52660480664,0.004978873206900449,0.005344001767072054,1.0,0,0.0,0.004978873206900449
2025-10-09,121814.0,120486.36097023028,119917.03888309002,121843.52577495575,0.020016090240644213,0.009057358597036368,1.0,0,0.0,0.020016090240644213
2025-10-10,122169.0,121751.40974090817,121499.62378738691,123505.83005379011,0.002910040867778745,-0.0005139503227174558,-1.0,0,0.001,-0.003910040867778745
2025-10-13,122169.0,122865.26693773572,119975.51766556711,122865.26693773572,0.0,0.005683032176455957,1.0,0,0.001,-0.001
2025-10-14,123377.0,123737.52446224159,121901.08231039715,123888.2831685133,0.009839376294943417,0.012757251873630263,0.0,1,0.0005,-0.0005
2025-10-15,125675.0,124545.73351907228,122464.12482746808,124545.73351907228,0.018454501216770867,0.009428277593580295,1.0,0,0.0005,0.017954501216770866
2025-10-16,126338.0,125744.10489810939,125393.25792972837,127396.89961581025,0.0052616454674222265,0.0005497187644321822,1.0,0,0.0,0.0052616454674222265
2025-10-17,126815.0,126137.62339769401,126041.12230407346,128034.77100967515,0.003768476490550121,-0.001587294976681274,-1.0,0,0.001,-0.004768476490550121
2025-10-20,126815.0,126422.04328356448,125673.56773076186,127635.74174711833,0.0,-0.003103471962382601,-1.0,0,0.0,-0.0
2025-10-21,126854.0,126210.1819287058,126210.1819287058,129433.35153785814,0.00030748731857088994,-0.0047807037909537815,-1.0,0,0.0,-0.00030748731857088994
2025-10-22,126854.0,126511.80158489796,125829.40583884978,127801.65114951396,0.0,-0.0027012218778949297,-0.0,1,0.0005,-0.0005
2025-10-23,126854.0,126222.21784861606,125997.6002074925,127899.92057995478,0.0,-0.004992831560354401,-1.0,0,0.0005,-0.0005
2025-10-24,126854.0,125736.43713345332,125012.38900685601,126912.01763212972,0.0,-0.008848871489776255,-1.0,0,0.0,-0.0
2025-10-27,126854.0,124502.08290151822,124502.08290151822,127864.49057970186,0.0,-0.018714372957690528,-1.0,0,0.0,-0.0
2025-10-28,120909.0,123155.23278842538,122163.13870170186,124223.12963249753,-0.04799862231773513,-0.029591204014539785,-0.0,1,0.0005,-0.0005
2025-10-29,117583.0,120756.76404519142,119346.82869346123,121461.07246203403,-0.02789372934553882,-0.0012598886362518717,-1.0,0,0.0005,0.02739372934553882
2025-10-30,120367.0,119072.87095008543,117872.73545957927,119910.49060977821,0.023400941735538593,0.01259119942826462,1.0,0,0.001,0.022400941735538592
2025-10-31,119905.0,119353.34527104693,118334.08195163109,120357.80839122631,-0.0038456463456100097,-0.008457027452491562,-1.0,0,0.001,0.0028456463456100096
2025-11-03,119905.0,119580.86398462162,119580.86398462162,123057.21318588287,0.0,-0.0027069339952733025,-1.0,0,0.0,-0.0
2025-11-04,120156.0,120344.82329338827,119868.64703109647,121987.24052205468,0.0020911359318291564,0.0036613869571757007,0.0,1,0.0005,-0.0005
2025-11-05,119944.0,120715.72627731906,118268.3234361921,120715.72627731906,-0.0017659313210640006,0.004647513375253455,1.0,0,0.0005,-0.0022659313210640006
2025-11-06,119289.0,120379.4414139802,119799.54986790475,121749.47639826592,-0.005475846866234337,0.0036237987266923392,1.0,0,0.0,-0.005475846866234337
2025-11-07,120183.0,119908.9497870608,118771.65840004967,120694.01703237579,0.007466460824020462,0.00518358268336882,1.0,0,0.0,0.007466460824020462
2025-11-10,120183.0,119976.40184936924,119319.94295132122,121260.28188085518,0.0,-0.0017205089619919394,-1.0,0,0.001,-0.001
2025-11-11,121817.0,121057.5730939584,120339.37087615987,122225.98751148244,0.013504337456601189,0.007250661978210142,1.0,0,0.001,0.012504337456601188
2025-11-12,123623.0,123297.44499893102,123087.97941312674,125012.18354472998,0.014716693247489407,0.012079769523232227,1.0,0,0.0,0.014716693247489407
2025-11-13,123375.0,124320.7290326084,123211.0836769052,125158.61336848215,-0.002008114100833146,0.00562813890957234,1.0,0,0.0,-0.002008114100833146
2025-11-14,126587.0,124665.492830467,123565.97790729927,125535.24254405426,0.02570132105988787,0.010405595150054554,1.0,0,0.0,0.02570132105988787
2025-11-17,126587.0,125050.56087478477,124521.81891097,126578.7282792466,0.0,-0.01221167629576745,-1.0,0,0.001,-0.001
2025-11-18,122902.0,124534.07032706199,122448.873526115,124534.07032706199,-0.029542528980952183,-0.01635048310060761,-1.0,0,0.0,0.029542528980952183
2025-11-19,121519.0,123467.21895555791,121450.84425035465,123588.41938236702,-0.011316660677013968,0.004588397443493093,1.0,0,0.001,-0.01231666067701397
2025-11-20,123452.0,122668.04716461034,120688.96389663016,122670.38422035967,0.015781787395437136,0.009411274341250752,1.0,0,0.0,0.015781787395437136
2025-11-21,122235.0,123020.1041694566,122774.01093733715,124728.1175359528,-0.009906995110711704,-0.0035046260026755324,-1.0,0,0.001,0.008906995110711705
2025-11-24,122235.0,122816.17185948152,121499.24605809915,123574.35478722322,0.0,0.004743278268818934,1.0,0,0.001,-0.001
2025-11-25,122780.0,123698.99337218769,123550.70335472553,125614.53030086486,0.004448714559057447,0.011905720270937304,1.0,0,0.0,0.004448714559057447
2025-11-26,124691.0,124205.5861717247,122765.57419495434,124661.12385003419,0.015444540866310929,0.011544009716640059,1.0,0,0.0,0.015444540866310929
2025-11-27,125665.0,125462.68010396669,125302.23575290194,127291.21799775114,0.007780959226821298,0.006169667793535621,1.0,0,0.0,0.007780959226821298
2025-11-28,125471.0,125793.66468104963,125057.83233003088,127052.45058958002,-0.0015449799199576105,0.0010233466597095887,1.0,0,0.0,-0.0015449799199576105
2025-12-01,125471.0,126127.73489508143,125143.96242912395,127119.31567497832,0.0,0.005220506270763412,1.0,0,0.0,0.0
2025-12-02,128528.0,126453.19833878924,125394.11826016728,127323.30294575516,0.024072123258931856,0.007797609931520734,1.0,0,0.0,0.024072123258931856
2025-12-03,127081.0,127803.85916459565,126855.8169015533,128869.10165916744,-0.01132210100224165,-0.00565004103787048,-1.0,0,0.001,0.010322101002241652
2025-12-04,127860.0,127006.30713516248,127006.30713516248,129403.20863104514,0.006111236909365723,-0.0005879307221696933,-1.0,0,0.0,-0.006111236909365723
2025-12-05,127441.0,128222.19561423852,127092.36489172137,129134.24886603511,-0.0032824029376931347,0.0028287468786189953,1.0,0,0.001,-0.004282402937693134
2025-12-08,127441.0,127778.24709823295,125954.47101344992,127881.10732974936,0.0,0.002642804556136171,1.0,0,0.0,0.0
2025-12-09,128021.0,127752.60652135515,127752.60652135515,130359.93282190296,0.004540800561949482,0.0024421197730607734,1.0,0,0.0,0.004540800561949482
2025-12-10,127762.0,127758.39917046874,126958.09351673565,128927.2208016201,-0.0020251548266983312,-0.0020533391089958123,-1.0,0,0.001,0.0010251548266983312
2025-12-11,127440.0,128259.0116891299,127790.64525350911,129756.42940160615,-0.002523492534345641,0.0038825900280690653,1.0,0,0.001,-0.003523492534345641
2025-12-12,128694.0,128740.26155896558,127782.55184242906,129745.28904972257,0.009791827866919596,0.010151232704359803,1.0,0,0.0,0.009791827866919596
2025-12-15,128694.0,130285.9591166574,128818.73152202813,130790.94978887288,0.0,0.012294226733410086,1.0,0,0.0,0.0
2025-12-16,132940.0,130281.3205116067,130281.3205116067,136824.03920647845,0.032460405144723016,0.01225862283826402,1.0,0,0.0,0.032460405144723016
2025-12-17,131555.0,132291.26268715493,131290.9251192659,133401.04223953187,-0.01047288348759392,-0.0048918713426477755,-0.0,1,0.0005,-0.0005
2025-12-18,131922.0,132365.04933124146,130496.72080332582,132529.75591153448,0.002785823714035862,0.006138615668063615,1.0,0,0.0005,0.002285823714035862
2025-12-19,131927.0,133104.96026190947,130971.90691281925,133104.96026190947,3.790046580129018e-05,0.0089271530486732,1.0,0,0.0,3.790046580129018e-05
2025-12-22,131927.0,132921.5962129173,128780.5414481216,132921.5962129173,0.0,0.007510712932844045,1.0,0,0.0,0.0
2025-12-23,133589.0,132907.88545215287,132907.88545215287,135577.04306364228,0.012519183077785604,0.007407558379099994,0.0,1,0.0005,-0.0005
2025-12-24,135850.0,133971.56180286434,133918.1059861012,135811.11116061884,0.016783413488891973,0.0028596296927012287,1.0,0,0.0005,0.016283413488891972
2025-12-25,135850.0,135916.3504447025,135534.97104918453,137509.40258192513,0.0,0.0004882903708440724,1.0,0,0.0,0.0
2025-12-26,136139.0,136915.9322651634,136223.31836181998,138231.46163588882,0.002125086740714986,0.007815768504924025,1.0,0,0.0,0.002125086740714986
2025-12-29,136139.0,137081.07633421643,135944.78432836974,137901.854834108,0.0,0.006896126231612091,1.0,0,0.0,0.0
2025-12-30,136526.0,135173.21144030066,135173.21144030066,137230.12211008664,0.002838650064132534,-0.007119418871040248,-1.0,0,0.001,-0.0038386500641325342
2025-12-31,133826.0,134069.4959813721,134069.4959813721,136755.977784908,-0.019974623980320124,-0.01815678043999525,-1.0,0,0.0,0.019974623980320124
2026-01-01,132640.0,133015.05308755333,132371.53340744894,134330.53490936678,-0.0089017573098993,-0.006078145770205351,-1.0,0,0.0,0.0089017573098993
2026-01-02,132941.0,133898.72530187416,132668.35249696643,134609.15688596637,0.00226672938862138,0.009445041487936554,1.0,0,0.001,0.0012667293886213802
2026-01-05,132941.0,135139.50016027442,134000.47611825066,135880.09214310246,0.0,0.01640215866076548,1.0,0,0.0,0.0
2026-01-06,135779.0,134925.9365075349,134925.9365075349,138207.4599427569,0.021123143215861763,0.014820588653946015,1.0,0,0.0,0.021123143215861763
2026-01-07,136210.0,134464.56605840984,134464.56605840984,138035.35037051936,0.0031692484677823384,-0.009727849038310697,-0.0,1,0.0005,-0.0005
2026-01-08,136103.0,134919.87582056367,134919.87582056367,137027.0932991655,-0.0007858604290410107,-0.009516722659318978,-0.0,1,0.0,0.0
2026-01-09,135293.0,136256.5301997309,135015.81007579123,137079.89723685538,-0.005969155072870681,0.0011274084360504838,1.0,0,0.0005,-0.006469155072870681
2026-01-12,135293.0,137848.70545333636,135236.8718764973,137848.70545333636,0.0,0.018713949487859233,1.0,0,0.0,0.0
2026-01-13,139967.0,138873.7277695297,138702.10739819997,140590.15363018506,0.033963883581272794,0.026122289985009893,1.0,0,0.0,0.033963883581272794
2026-01-14,139799.0,139125.57226549386,139125.57226549386,141283.22723264457,-0.0012010038403075234,-0.006029757632448582,-1.0,0,0.001,0.00020100384030752338
2026-01-15,139799.0,138732.37102023922,138732.37102023922,141448.08873406818,0.0,-0.0076589878540081,-1.0,0,0.0,-0.0
2026-01-16,139799.0,141061.09732979973,139550.03223210023,141623.61547463582,0.0,0.008987434222035363,1.0,0,0.001,-0.001
2026-01-19,139799.0,143442.65564295504,138485.0694333829,143442.65564295504,0.0,0.025729666390905532,1.0,0,0.0,0.0
2026-01-20,143670.0,143472.58658030903,143472.58658030903,145586.54715208913,0.02731332632432371,0.025938305968438057,0.0,1,0.0005,-0.0005
2026-01-21,147088.0,147787.87437184277,146068.0744033775,148059.64752051447,0.023512044098771046,0.02825896134003619,1.0,0,0.0005,0.023012044098771046
2026-01-22,153662.0,148871.4656482819,148871.4656482819,153567.00149748096,0.043724337982442296,0.01205223987448716,1.0,0,0.0,0.043724337982442296
2026-01-23,150671.0,151665.59338390332,151665.59338390332,154695.8601306674,-0.0196567332913641,-0.013077331435687968,-0.0,1,0.0005,-0.0005
2026-01-26,150671.0,152744.3391437486,148681.968233621,152744.3391437486,0.0,0.01366688593710949,1.0,0,0.0005,-0.0005
2026-01-27,150671.0,154707.04689687866,152849.7297111929,155107.96962024574,0.0,0.026434656745104146,0.0,1,0.0005,-0.0005
2026-01-28,158885.0,156270.08157578486,155294.70819443322,157335.31434458352,0.05308201828125058,0.036487150630801324,1.0,0,0.0005,0.05258201828125058
2026-01-29,164621.0,159649.37643283987,159649.37643283987,163787.22785784837,0.035465192028359446,0.004799343220662589,1.0,0,0.0,0.035465192028359446
2026-01-30,175231.0,160384.82018365795,160384.82018365795,171313.7062955938,0.06245924136732487,-0.026069808427051124,-0.0,1,0.0005,-0.0005
2026-02-02,147878.0,162764.33768650357,162764.33768650357,174601.82248394747,-0.16971749399174485,-0.07380172989694532,-0.0,1,0.0,0.0
2026-02-03,151858.0,155070.41678865283,154396.11877253806,157580.57704320704,0.02655826417567214,0.04749170612000879,0.0,1,0.0,0.0
2026-02-04,156709.0,152239.80315188982,152239.80315188982,155776.00118606334,0.03144470862771868,0.0025110563019600744,1.0,0,0.0005,0.030944708627718677
2026-02-05,151519.0,151565.66334704412,151565.66334704412,159558.12643210965,-0.033679552673875096,-0.03337162981893746,-0.0,1,0.0005,-0.0005
2026-02-06,151677.0,151793.06270170037,151793.06270170037,162756.1556135065,0.0010422302029196246,0.0018071340377553869,0.0,1,0.0,0.0
2026-02-09,154262.0,152347.53708170878,152197.5643247369,154551.02068448096,0.016899195715521214,0.004411079285899101,0.0,1,0.0,0.0
2026-02-10,155646.0,154609.94933134448,152742.2654147371,154741.4383315071,0.008931742328834204,0.002253033849690612,1.0,0,0.0005,0.008431742328834204
2026-02-11,155999.0,155362.90101656716,155042.92360559275,157167.48295644094,0.0022653990981231463,-0.0018205206391004515,-1.0,0,0.001,-0.0032653990981231463
2026-02-12,155398.0,155613.5344442768,154887.96344358363,157043.77282447257,-0.0038600291347232756,-0.0024740067213331134,-1.0,0,0.0,0.0038600291347232756
2026-02-13,152730.0,153644.01824660102,153623.19062309078,155713.80896298698,-0.017317911255503415,-0.011351211053358375,-1.0,0,0.0,0.017317911255503415
2026-02-16,153782.0,153133.70364182015,153133.70364182015,155260.28070804247,0.00686435852951324,0.002639763211145129,1.0,0,0.001,0.00586435852951324
2026-02-17,151525.0,152532.27127947359,151904.87055229075,153913.19547652133,-0.014785387274518743,-0.00815982650431808,-1.0,0,0.001,0.013785387274518744
2026-02-18,151196.0,151305.94410667734,151305.94410667734,155270.83722249963,-0.002173619468311545,-0.0014467209232918634,-1.0,0,0.0,0.002173619468311545
2026-02-19,154137.0,153318.85588644812,151945.920328521,154047.12600185798,0.019264808965404348,0.0139427698564612,0.0,1,0.0005,-0.0005
2026-02-20,154463.0,155370.40102576913,153075.41023572715,155370.40102576913,0.0021127681222700197,0.007970132867824189,1.0,0,0.0005,0.0016127681222700197
2026-02-23,157781.0,155855.55914964873,155855.55914964873,158947.70142289103,0.02125341012904948,0.008975089993105572,1.0,0,0.0,0.02125341012904948
2026-02-24,158701.0,156989.98589326948,155147.25454934404,157248.72485240267,0.005813933123977324,-0.005025976391049214,-1.0,0,0.001,-0.006813933123977324
2026-02-25,158903.0,158229.1780894765,157408.17576237678,159421.75505693912,0.0012720244533262258,-0.002977452396202086,-1.0,0,0.0,-0.0012720244533262258
2026-02-26,157595.0,159643.460107187,158198.7440703147,160328.37524702481,-0.0082655021308874,0.004649001219984171,1.0,0,0.001,-0.0092655021308874
2026-02-27,158585.0,160335.4987631797,159182.95209345515,161300.11747667487,0.0062622761422374985,0.01724003611372941,1.0,0,0.0,0.0062622761422374985
2026-03-02,167090.0,161035.80991052501,159949.72359498695,162003.827029192,0.05224186223163721,0.015336034882489087,1.0,0,0.0,0.05224186223163721
2026-03-03,162029.0,162094.43057894355,161077.66456919143,163070.49136143157,-0.030757257848787013,-0.03035351918839171,-1.0,0,0.001,0.02975725784878701
2026-03-04,162029.0,161928.25780213784,158860.08601863778,161928.25780213784,0.0,-0.0006219474864865828,-1.0,0,0.0,-0.0
2026-03-05,159878.0,161603.4872209799,161603.4872209799,176124.9189067904,-0.013364307174421783,-0.0026296063653536957,-1.0,0,0.0,0.013364307174421783
2026-03-06,157967.0,160570.05668551428,158320.51162115065,160570.05668551428,-0.012024873929816087,0.004319313205493894,0.0,1,0.0005,-0.0005
2026-03-09,159038.0,159316.6797345933,155179.9360358744,159316.6797345933,0.006757016923448698,0.008507767413487122,1.0,0,0.0005,0.006257016923448698
2026-03-10,159691.0,158646.8101232444,156892.69863397704,159010.60226673709,0.004097530589575138,-0.0024627559266881733,-0.0,1,0.0005,-0.0005
2026-03-11,160150.0,158807.44651732506,158807.44651732506,161849.65044569393,0.0028701780891159396,-0.005548257825950916,-1.0,0,0.0005,-0.0033701780891159396
2026-03-12,159809.0,159209.31946844395,159096.34967668762,161151.47118528595,-0.002131523908426493,-0.005891064983598926,-1.0,0,0.0,0.002131523908426493
2026-03-13,158013.0,159029.1980520979,158736.7425560085,160813.65171471518,-0.011302044023449804,-0.004891531237667017,-1.0,0,0.0,0.011302044023449804
2026-03-16,154395.0,156686.56596456433,156686.56596456433,160989.1019048657,-0.023163054476658472,-0.00842989335815498,-1.0,0,0.0,0.023163054476658472
2026-03-17,155297.0,154208.93555372595,154208.93555372595,156868.2909066142,0.005825158871328143,-0.0012058463770788794,-0.0,1,0.0005,-0.0005
2026-03-18,154597.0,151971.32463419516,151971.32463419516,155246.95450575495,-0.004517681468828669,-0.02164756319143619,-1.0,0,0.0005,0.004017681468828669
2026-03-19,147418.0,150528.50613353518,150528.50613353518,155463.17301805696,-0.047549642060250606,-0.026669255270770027,-1.0,0,0.0,0.047549642060250606
2026-03-20,146842.0,149258.28331812244,149258.28331812244,151697.27804843313,-0.003914910186045342,0.012406161362694264,0.0,1,0.0005,-0.0005
2026-03-23,146842.0,148198.79156972427,147132.8697915952,149394.7194895427,0.0,0.009197379975462727,1.0,0,0.0005,-0.0005
2026-03-24,146842.0,147003.37906459454,137357.43020987473,147003.37906459454,0.0,0.0010983945456838381,1.0,0,0.0,0.0
2026-03-25,146842.0,146088.87297658256,141551.6815084712,146088.87297658256,0.0,-0.005142023271081516,-0.0,1,0.0005,-0.0005
2026-03-26,146842.0,146361.12925393335,143076.11307917643,146361.12925393335,0.0,-0.003280123090358405,-0.0,1,0.0,-0.0
2026-03-27,146842.0,146839.2704614962,142834.07419144525,146839.2704614962,0.0,-1.858844113275911e-05,-1.0,0,0.0005,-0.0005
