date,silver,gold,brent,dxy,sp500,vix,trends_raw
2016-01-10,13.907999992370604,1097.800048828125,33.54999923706055,98.54000091552734,1922.030029296875,27.01000022888184,50
2016-01-17,13.883999824523926,1091.5,31.01000022888184,98.95999908447266,1880.3299560546875,27.020000457763672,51
2016-01-24,14.04300022125244,1097.199951171875,32.18000030517578,99.56999969482422,1906.9000244140625,22.34000015258789,50
2016-01-31,14.229000091552734,1116.4000244140625,34.7400016784668,99.61000061035156,1940.239990234375,20.200000762939453,57
2016-02-07,14.763999938964844,1157.800048828125,34.060001373291016,97.02999877929688,1880.050048828125,23.3799991607666,73
2016-02-14,15.78499984741211,1239.0999755859375,33.36000061035156,95.9800033569336,1864.780029296875,25.399999618530277,60
2016-02-21,15.368000030517578,1230.4000244140625,33.0099983215332,96.5999984741211,1917.780029296875,20.530000686645508,57
2016-02-28,14.689000129699709,1219.800048828125,35.099998474121094,98.1500015258789,1948.050048828125,19.809999465942383,55
2016-03-06,15.680999755859377,1269.9000244140625,38.720001220703125,97.33999633789062,1999.989990234375,16.860000610351562,50
2016-03-13,15.607000350952148,1258.699951171875,40.38999938964844,96.16999816894533,2022.18994140625,16.5,50
2016-03-20,15.805999755859377,1253.800048828125,41.20000076293945,94.98999786376952,2049.580078125,14.020000457763672,46
2016-03-27,15.190999984741213,1221.4000244140625,40.43999862670898,96.13999938964844,2035.93994140625,14.739999771118164,45
2016-04-03,15.041999816894531,1222.199951171875,39.65999984741211,94.62000274658205,2072.780029296875,13.100000381469728,50
2016-04-10,15.381999969482422,1242.5,41.93999862670898,94.23999786376952,2047.5999755859373,15.359999656677246,53
2016-04-17,16.30900001525879,1233.0999755859375,43.09999847412109,94.6999969482422,2080.72998046875,13.619999885559082,63
2016-04-24,16.895999908447266,1228.699951171875,45.11000061035156,95.12000274658205,2091.580078125,13.220000267028809,59
2016-05-01,17.788999557495117,1289.199951171875,48.130001068115234,93.08000183105467,2065.300048828125,15.699999809265137,59
2016-05-08,17.506999969482422,1292.9000244140625,45.369998931884766,93.88999938964844,2057.139892578125,14.720000267028809,54
2016-05-15,17.114999771118164,1271.9000244140625,47.83000183105469,94.61000061035156,2046.6099853515625,15.039999961853027,44
2016-05-22,16.518999099731445,1252.4000244140625,48.720001220703125,95.30999755859376,2052.320068359375,15.199999809265137,49
2016-05-29,16.246000289916992,1213.800048828125,49.31999969482422,95.5199966430664,2099.06005859375,13.119999885559082,49
2016-06-05,16.34600067138672,1240.0999755859375,49.63999938964844,94.02999877929688,2099.1298828125,13.470000267028809,48
2016-06-12,17.315000534057617,1273.4000244140625,50.540000915527344,94.5999984741211,2096.070068359375,17.030000686645508,51
2016-06-19,17.399999618530273,1292.5,49.16999816894531,94.20999908447266,2071.219970703125,19.40999984741211,54
2016-06-26,17.78499984741211,1320.0,48.40999984741211,95.4499969482422,2037.4100341796875,25.76000022888184,64
2016-07-03,19.54400062561035,1336.699951171875,49.84000015258789,95.6500015258789,2102.949951171875,14.770000457763672,82
2016-07-10,20.058000564575195,1356.5999755859375,46.7599983215332,96.3000030517578,2129.89990234375,13.199999809265137,66
2016-07-17,20.125,1326.5,47.61000061035156,96.58000183105467,2161.739990234375,12.670000076293944,57
2016-07-24,19.65699958801269,1323.0999755859375,45.68999862670898,97.47000122070312,2175.030029296875,12.020000457763672,56
2016-07-31,20.312000274658203,1349.0,42.459999084472656,95.52999877929688,2173.60009765625,11.869999885559082,60
2016-08-07,19.780000686645508,1336.4000244140625,44.27000045776367,96.19000244140624,2182.8701171875,11.390000343322754,56
2016-08-14,19.67200088500977,1335.800048828125,46.970001220703125,95.72000122070312,2184.050048828125,11.550000190734863,51
2016-08-21,19.301000595092773,1340.4000244140625,50.880001068115234,94.51000213623048,2183.8701171875,11.34000015258789,54
2016-08-28,18.645000457763672,1321.5,49.91999816894531,95.56999969482422,2169.0400390625,13.649999618530272,49
2016-09-04,19.275999069213867,1322.0999755859375,46.83000183105469,95.87999725341795,2179.97998046875,11.979999542236328,56
2016-09-11,19.28199958801269,1330.0999755859375,48.0099983215332,95.33999633789062,2127.81005859375,17.5,47
2016-09-18,18.7810001373291,1305.800048828125,45.77000045776367,96.11000061035156,2139.159912109375,15.369999885559082,46
2016-09-25,19.732999801635746,1337.199951171875,45.88999938964844,95.4800033569336,2164.68994140625,12.289999961853027,45
2016-10-02,19.138999938964844,1313.300048828125,49.060001373291016,95.45999908447266,2168.27001953125,13.289999961853027,58
2016-10-09,17.323999404907227,1248.9000244140625,51.93000030517578,96.5199966430664,2153.739990234375,13.479999542236328,61
2016-10-16,17.39299964904785,1253.0999755859375,51.95000076293945,98.0199966430664,2132.97998046875,16.1200008392334,58
2016-10-23,17.447999954223633,1265.9000244140625,51.77999877929688,98.6999969482422,2141.159912109375,13.34000015258789,100
2016-10-30,17.761999130249023,1275.5,49.709999084472656,98.3499984741211,2126.409912109375,16.190000534057617,63
2016-11-06,18.34199905395508,1303.300048828125,45.58000183105469,97.06999969482422,2085.179931640625,22.51000022888184,63
2016-11-13,18.715999603271484,1265.5,45.84000015258789,98.79000091552734,2164.449951171875,14.170000076293944,52
2016-11-20,16.613000869750977,1208.5,46.86000061035156,101.20999908447266,2181.89990234375,12.850000381469728,49
2016-11-27,16.464000701904297,1178.199951171875,47.2400016784668,101.48999786376952,2213.35009765625,12.34000015258789,50
2016-12-04,16.753000259399414,1175.0999755859375,54.459999084472656,100.7699966430664,2191.949951171875,14.119999885559082,45
2016-12-11,16.89699935913086,1159.4000244140625,54.33000183105469,101.56999969482422,2259.530029296875,11.75,46
2016-12-18,16.152999877929688,1135.300048828125,55.209999084472656,102.9499969482422,2258.070068359375,12.199999809265137,45
2016-12-25,15.70400047302246,1131.9000244140625,55.15999984741211,103.01000213623048,2263.7900390625,11.4399995803833,44
2017-01-01,15.935999870300291,1150.0,56.130001068115234,102.38999938964844,2238.830078125,14.039999961853027,35
2017-01-08,16.465999603271484,1171.9000244140625,57.09999847412109,102.22000122070312,2276.97998046875,11.31999969482422,36
2017-01-15,16.719999313354492,1195.300048828125,55.45000076293945,101.18000030517578,2274.639892578125,11.229999542236328,34
2017-01-22,16.996999740600586,1204.300048828125,55.4900016784668,100.73999786376952,2271.31005859375,11.539999961853027,33
2017-01-29,17.100000381469727,1188.0999755859375,55.52000045776367,100.52999877929688,2294.68994140625,10.579999923706056,37
2017-02-05,17.452999114990234,1218.5,56.810001373291016,99.87000274658205,2297.419921875,10.970000267028809,33
2017-02-12,17.91200065612793,1234.4000244140625,56.70000076293945,100.8000030517578,2316.10009765625,10.850000381469728,34
2017-02-19,18.018999099731445,1237.5999755859375,55.810001373291016,100.9499969482422,2351.159912109375,11.489999771118164,31
2017-02-26,18.334999084472656,1256.9000244140625,55.9900016784668,101.08999633789062,2367.340087890625,11.470000267028809,33
2017-03-05,17.69700050354004,1225.5,55.900001525878906,101.54000091552734,2383.1201171875,10.960000038146973,30
2017-03-12,16.882999420166016,1200.699951171875,51.369998931884766,101.25,2372.60009765625,11.65999984741211,30
2017-03-19,17.378999710083008,1229.800048828125,51.7599983215332,100.3000030517578,2378.25,11.279999732971191,30
2017-03-26,17.719999313354492,1248.199951171875,50.79999923706055,99.62999725341795,2343.97998046875,12.960000038146973,30
2017-04-02,18.23500061035156,1247.300048828125,52.83000183105469,100.3499984741211,2362.719970703125,12.369999885559082,31
2017-04-09,18.1299991607666,1254.300048828125,55.2400016784668,101.18000030517578,2355.5400390625,12.869999885559082,30
2017-04-16,18.48900032043457,1285.9000244140625,55.88999938964844,100.55999755859376,2328.949951171875,15.960000038146973,30
2017-04-23,17.829999923706055,1287.4000244140625,51.959999084472656,99.9800033569336,2348.68994140625,14.630000114440918,32
2017-04-30,17.19099998474121,1266.0999755859375,51.72999954223633,99.0500030517578,2384.199951171875,10.81999969482422,37
2017-05-07,16.21500015258789,1224.800048828125,49.09999847412109,98.6500015258789,2399.2900390625,10.56999969482422,38
2017-05-14,16.34600067138672,1226.199951171875,50.84000015258789,99.25,2390.89990234375,10.399999618530272,36
2017-05-21,16.75,1252.699951171875,53.61000061035156,97.1500015258789,2381.72998046875,12.039999961853027,34
2017-05-28,17.283000946044922,1267.5999755859375,52.150001525878906,97.4000015258789,2415.820068359375,9.8100004196167,34
2017-06-04,17.48699951171875,1276.800048828125,49.95000076293945,96.72000122070312,2439.070068359375,9.75,35
2017-06-11,17.19300079345703,1268.5,48.150001525878906,97.2699966430664,2431.77001953125,10.699999809265137,35
2017-06-18,16.63599967956543,1254.0,47.369998931884766,97.16000366210938,2433.14990234375,10.380000114440918,36
2017-06-25,16.628000259399414,1256.199951171875,45.540000915527344,97.3000030517578,2438.300048828125,10.020000457763672,37
2017-07-02,16.56800079345703,1240.699951171875,47.91999816894531,95.66000366210938,2423.409912109375,11.18000030517578,40
2017-07-09,15.371000289916992,1208.5999755859375,46.709999084472656,96.01000213623048,2425.179931640625,11.1899995803833,48
2017-07-16,15.883999824523926,1226.5999755859375,48.90999984741211,95.11000061035156,2459.27001953125,9.510000228881836,40
2017-07-23,16.40999984741211,1254.300048828125,48.060001373291016,93.94000244140624,2472.5400390625,9.359999656677246,38
2017-07-30,16.663999557495117,1268.4000244140625,52.52000045776367,93.26000213623048,2472.10009765625,10.289999961853027,41
2017-08-06,16.222000122070312,1258.300048828125,52.41999816894531,93.54000091552734,2476.830078125,10.029999732971191,43
2017-08-13,17.041000366210938,1287.699951171875,52.09999847412109,93.06999969482422,2441.320068359375,15.510000228881836,37
2017-08-20,16.979999542236328,1285.699951171875,52.720001220703125,93.43000030517578,2425.550048828125,14.260000228881836,38
2017-08-27,17.038000106811523,1292.5,52.40999984741211,92.73999786376952,2443.050048828125,11.279999732971191,39
2017-09-03,17.7189998626709,1324.5,52.31999969482422,92.80999755859376,2476.550048828125,10.130000114440918,41
2017-09-10,18.027000427246094,1346.0,53.77999877929688,91.33000183105467,2461.429931640625,12.119999885559082,40
2017-09-17,17.611000061035156,1320.4000244140625,55.619998931884766,91.87000274658205,2500.22998046875,10.170000076293944,39
2017-09-24,16.902999877929688,1293.300048828125,56.86000061035156,92.16999816894533,2502.219970703125,9.59000015258789,41
2017-10-01,16.60700035095215,1281.5,57.540000915527344,93.08000183105467,2519.360107421875,9.510000228881836,43
2017-10-08,16.733999252319336,1271.5999755859375,55.619998931884766,93.8000030517578,2549.330078125,9.649999618530272,53
2017-10-15,17.354999542236328,1301.5,57.16999816894531,93.08999633789062,2553.169921875,9.609999656677246,100
2017-10-22,17.02199935913086,1277.4000244140625,57.75,93.6999969482422,2575.2099609375,9.970000267028809,45
2017-10-29,16.70199966430664,1268.5,60.43999862670898,94.91999816894533,2581.070068359375,9.800000190734863,39
2017-11-05,16.79400062561035,1266.5,62.06999969482422,94.94000244140624,2587.840087890625,9.140000343322754,37
2017-11-12,16.8439998626709,1272.4000244140625,63.52000045776367,94.38999938964844,2582.300048828125,11.289999961853027,35
2017-11-19,17.357999801635742,1295.800048828125,62.720001220703125,93.66000366210938,2578.85009765625,11.43000030517578,38
2017-11-26,16.981000900268555,1286.699951171875,63.86000061035156,92.76000213623048,2602.419921875,9.670000076293944,41
2017-12-03,16.297000885009766,1278.800048828125,63.4900016784668,92.9000015258789,2642.219970703125,11.43000030517578,41
2017-12-10,15.736000061035156,1245.199951171875,63.400001525878906,93.9000015258789,2651.5,9.579999923706056,44
2017-12-17,15.977999687194824,1254.300048828125,63.22999954223633,93.93000030517578,2675.81005859375,9.420000076293944,39
2017-12-24,16.35700035095215,1275.4000244140625,65.25,93.3499984741211,2683.340087890625,9.899999618530272,41
2017-12-31,17.059999465942383,1306.300048828125,66.5999984741211,92.12000274658205,2673.610107421875,11.039999961853027,38
2018-01-07,17.204999923706055,1320.300048828125,67.62000274658203,91.9499969482422,2743.14990234375,9.220000267028809,43
2018-01-14,17.069000244140625,1333.4000244140625,69.87000274658203,90.97000122070312,2786.239990234375,10.15999984741211,43
2018-01-21,16.975000381469727,1331.9000244140625,68.61000061035156,90.56999969482422,2810.300048828125,11.270000457763672,43
2018-01-28,17.381999969482422,1351.5999755859375,70.5199966430664,89.06999969482422,2872.8701171875,11.079999923706056,45
2018-02-04,16.676000595092773,1333.699951171875,68.58000183105469,89.19999694824219,2762.1298828125,17.309999465942383,50
2018-02-11,16.115999221801758,1313.0999755859375,62.790000915527344,90.44000244140624,2619.550048828125,29.059999465942383,44
2018-02-18,16.69499969482422,1353.199951171875,64.83999633789062,89.0999984741211,2732.219970703125,19.459999084472656,40
2018-02-25,16.47599983215332,1328.199951171875,67.30999755859375,89.87999725341797,2747.300048828125,16.489999771118164,37
2018-03-04,16.392000198364258,1321.0999755859375,64.37000274658203,89.94000244140625,2691.25,19.59000015258789,40
2018-03-11,16.54599952697754,1322.4000244140625,65.48999786376953,90.08999633789062,2786.570068359375,14.640000343322754,38
2018-03-18,16.20199966430664,1311.300048828125,66.20999908447266,90.2300033569336,2752.010009765625,15.800000190734863,39
2018-03-25,16.530000686645508,1349.300048828125,70.44999694824219,89.44000244140625,2588.260009765625,24.8700008392334,37
2018-04-01,16.222999572753906,1322.800048828125,70.2699966430664,90.1500015258789,2640.8701171875,19.96999931335449,41
2018-04-08,16.332000732421875,1331.9000244140625,67.11000061035156,90.11000061035156,2604.469970703125,21.489999771118164,42
2018-04-15,16.628000259399414,1344.800048828125,72.58000183105469,89.80000305175781,2656.300048828125,17.40999984741211,52
2018-04-22,17.14699935913086,1336.699951171875,74.05999755859375,90.31999969482422,2670.139892578125,16.8799991607666,42
2018-04-29,16.4060001373291,1320.300048828125,74.63999938964844,91.54000091552734,2669.909912109375,15.40999984741211,40
2018-05-06,16.43400001525879,1312.699951171875,74.87000274658203,92.56999969482422,2663.419921875,14.770000457763672,39
2018-05-13,16.676000595092773,1319.0,77.12000274658203,92.54000091552734,2727.719970703125,12.649999618530272,36
2018-05-20,16.386999130249023,1290.199951171875,78.51000213623047,93.63999938964844,2712.969970703125,13.420000076293944,36
2018-05-27,16.481000900268555,1303.300048828125,76.44000244140625,94.19000244140624,2721.330078125,13.220000267028809,37
2018-06-03,16.38800048828125,1294.800048828125,77.58999633789062,94.19000244140624,2734.6201171875,13.460000038146973,36
2018-06-10,16.694000244140625,1298.0999755859375,76.45999908447266,93.5500030517578,2779.030029296875,12.18000030517578,35
2018-06-17,16.45199966430664,1274.5999755859375,73.44000244140625,94.79000091552734,2779.659912109375,11.979999542236328,35
2018-06-24,16.43899917602539,1267.4000244140625,75.55000305175781,94.5199966430664,2754.8798828125,13.770000457763672,32
2018-07-01,16.104000091552734,1251.300048828125,79.44000244140625,94.62999725341795,2718.3701171875,16.09000015258789,36
2018-07-08,15.980999946594238,1254.300048828125,77.11000061035156,94.04000091552734,2759.820068359375,13.369999885559082,37
2018-07-15,15.73900032043457,1239.5999755859375,75.33000183105469,94.75,2801.31005859375,12.18000030517578,38
2018-07-22,15.489999771118164,1229.5,73.06999969482422,94.45999908447266,2801.830078125,12.859999656677246,38
2018-07-29,15.435999870300291,1222.5999755859375,74.29000091552734,94.68000030517578,2818.820068359375,13.029999732971191,42
2018-08-05,15.406000137329102,1214.199951171875,73.20999908447266,95.13999938964844,2840.35009765625,11.640000343322754,39
2018-08-12,15.265999794006348,1211.0999755859375,72.80999755859375,96.36000061035156,2833.280029296875,13.15999984741211,43
2018-08-19,14.616000175476074,1176.5,71.83000183105469,96.0999984741211,2850.1298828125,12.640000343322754,47
2018-08-26,14.779000282287598,1206.300048828125,75.81999969482422,95.1500015258789,2874.68994140625,11.989999771118164,42
2018-09-02,14.437999725341797,1200.300048828125,77.41999816894531,95.13999938964844,2901.52001953125,12.859999656677246,41
2018-09-09,14.06700038909912,1193.5999755859375,76.83000183105469,95.37000274658205,2871.679931640625,14.880000114440918,40
2018-09-16,14.041999816894531,1195.0,78.08999633789062,94.9800033569336,2904.97998046875,12.06999969482422,36
2018-09-23,14.269000053405762,1196.199951171875,78.80000305175781,94.22000122070312,2929.669921875,11.68000030517578,35
2018-09-30,14.623000144958496,1191.5,82.72000122070312,95.19000244140624,2913.97998046875,12.119999885559082,39
2018-10-07,14.569000244140623,1201.199951171875,84.16000366210938,95.62000274658205,2885.570068359375,14.81999969482422,37
2018-10-14,14.564000129699709,1218.0999755859375,80.43000030517578,95.22000122070312,2767.1298828125,21.309999465942383,43
2018-10-21,14.57900047302246,1225.300048828125,79.77999877929688,95.70999908447266,2767.780029296875,19.88999938964844,42
2018-10-28,14.635000228881836,1232.5,77.62000274658203,96.36000061035156,2658.68994140625,24.15999984741211,54
2018-11-04,14.70699977874756,1230.9000244140625,72.83000183105469,96.54000091552734,2723.06005859375,19.51000022888184,100
2018-11-11,14.102999687194824,1206.4000244140625,70.18000030517578,96.91000366210938,2781.010009765625,17.360000610351562,48
2018-11-18,14.357999801635742,1220.800048828125,66.76000213623047,96.47000122070312,2736.27001953125,18.13999938964844,39
2018-11-25,14.220999717712402,1221.0,58.79999923706055,96.91999816894533,2632.56005859375,21.520000457763672,45
2018-12-02,14.093999862670898,1220.199951171875,58.709999084472656,97.2699966430664,2760.169921875,18.06999969482422,44
2018-12-09,14.571999549865724,1246.800048828125,61.66999816894531,96.51000213623048,2633.080078125,23.229999542236328,40
2018-12-16,14.512999534606934,1237.0,60.27999877929688,97.44000244140624,2599.949951171875,21.6299991607666,37
2018-12-23,14.583000183105469,1253.800048828125,53.81999969482422,96.95999908447266,2416.6201171875,30.11000061035156,38
2018-12-30,15.326000213623049,1279.9000244140625,52.20000076293945,96.38999938964844,2485.739990234375,28.34000015258789,36
2019-01-06,15.69499969482422,1282.699951171875,57.060001373291016,96.19000244140624,2531.93994140625,21.3799991607666,28
2019-01-13,15.57699966430664,1287.0999755859375,60.47999954223633,95.66999816894533,2596.260009765625,18.190000534057617,26
2019-01-20,15.329999923706056,1281.300048828125,62.70000076293945,96.33999633789062,2670.7099609375,17.799999237060547,25
2019-01-27,15.638999938964844,1297.4000244140625,61.63999938964844,95.79000091552734,2664.760009765625,17.420000076293945,27
2019-02-03,15.880000114440918,1316.9000244140625,61.869998931884766,95.58000183105467,2706.530029296875,16.139999389648438,28
2019-02-10,15.77299976348877,1313.699951171875,62.09999847412109,96.63999938964844,2707.8798828125,15.720000267028809,28
2019-02-17,15.722999572753906,1318.0999755859375,66.25,96.91999816894533,2775.60009765625,14.90999984741211,27
2019-02-24,15.907999992370604,1329.199951171875,67.12000274658203,96.51000213623048,2792.669921875,13.510000228881836,25
2019-03-03,15.168999671936035,1296.4000244140625,65.06999969482422,96.52999877929688,2803.68994140625,13.56999969482422,24
2019-03-10,15.272000312805176,1297.0,65.73999786376953,97.37000274658205,2743.070068359375,16.049999237060547,24
2019-03-17,15.253000259399414,1301.800048828125,67.16000366210938,96.5999984741211,2822.47998046875,12.880000114440918,24
2019-03-24,15.345000267028809,1311.5999755859375,67.02999877929688,96.6500015258789,2800.7099609375,16.479999542236328,22
2019-03-31,15.0600004196167,1293.0,68.38999938964844,97.27999877929688,2834.39990234375,13.710000038146973,27
2019-04-07,15.04300022125244,1290.4000244140625,70.33999633789062,97.4000015258789,2892.739990234375,12.81999969482422,25
2019-04-14,14.920000076293944,1290.5999755859375,71.55000305175781,96.97000122070312,2907.409912109375,12.010000228881836,24
2019-04-21,14.937000274658203,1271.9000244140625,71.97000122070312,97.47000122070312,2905.030029296875,12.09000015258789,24
2019-04-28,15.001999855041504,1284.9000244140625,72.1500015258789,98.01000213623048,2939.8798828125,12.729999542236328,27
2019-05-05,14.906999588012695,1279.199951171875,70.8499984741211,97.5199966430664,2945.639892578125,12.869999885559082,30
2019-05-12,14.72599983215332,1285.699951171875,70.62000274658203,97.33000183105467,2881.39990234375,16.040000915527344,27
2019-05-19,14.347999572753906,1274.5,72.20999908447266,98.0,2859.530029296875,15.960000038146973,27
2019-05-26,14.520000457763672,1283.0,68.69000244140625,97.61000061035156,2826.06005859375,15.850000381469728,27
2019-06-02,14.529999732971191,1305.800048828125,64.48999786376953,97.75,2752.06005859375,18.709999084472656,30
2019-06-09,14.994000434875488,1341.199951171875,63.290000915527344,96.61000061035156,2873.340087890625,16.299999237060547,26
2019-06-16,14.781999588012695,1340.0999755859375,62.0099983215332,97.56999969482422,2886.97998046875,15.279999732971191,28
2019-06-23,15.27299976348877,1396.199951171875,65.19999694824219,96.22000122070312,2950.4599609375,15.399999618530272,26
2019-06-30,15.253000259399414,1409.699951171875,66.55000305175781,96.12999725341795,2941.760009765625,15.079999923706056,23
2019-07-07,14.91800022125244,1396.699951171875,64.2300033569336,97.25,2990.409912109375,13.279999732971191,25
2019-07-14,15.16100025177002,1409.9000244140625,66.72000122070312,96.80999755859376,3013.77001953125,12.390000343322754,31
2019-07-21,16.117000579833984,1425.0999755859375,62.470001220703125,97.1500015258789,2976.610107421875,14.449999809265137,32
2019-07-28,16.325000762939453,1418.5,63.459999084472656,98.01000213623048,3025.860107421875,12.15999984741211,32
2019-08-04,16.222000122070312,1445.5999755859375,61.88999938964844,98.0999984741211,2932.050048828125,17.610000610351562,42
2019-08-11,16.89699935913086,1496.5999755859375,58.52999877929688,97.48999786376952,2918.64990234375,17.969999313354492,46
2019-08-18,17.09600067138672,1512.5,58.63999938964844,98.13999938964844,2888.679931640625,18.46999931335449,40
2019-08-25,17.395000457763672,1526.5999755859375,59.34000015258789,97.63999938964844,2847.110107421875,19.8700008392334,61
2019-09-01,18.184999465942383,1519.0999755859375,60.43000030517578,98.91999816894533,2926.4599609375,18.979999542236328,70
2019-09-08,17.968000411987305,1506.199951171875,61.540000915527344,98.38999938964844,2978.7099609375,15.0,61
2019-09-15,17.43600082397461,1490.9000244140625,60.220001220703125,98.26000213623048,3007.389892578125,13.739999771118164,55
2019-09-22,17.738000869750977,1507.300048828125,64.27999877929688,98.51000213623048,2992.070068359375,15.31999969482422,48
2019-09-29,17.552000045776367,1499.0999755859375,61.90999984741211,99.11000061035156,2961.7900390625,17.219999313354492,48
2019-10-06,17.540000915527344,1506.199951171875,58.369998931884766,98.80999755859376,2952.010009765625,17.040000915527344,48
2019-10-13,17.461999893188477,1482.699951171875,60.5099983215332,98.3000030517578,2970.27001953125,15.579999923706056,54
2019-10-20,17.50200080871582,1488.199951171875,59.41999816894531,97.27999877929688,2986.199951171875,14.25,100
2019-10-27,17.861000061035156,1499.5,62.02000045776367,97.83000183105467,3022.550048828125,12.649999618530272,51
2019-11-03,18.003999710083008,1508.0,61.68999862670898,97.23999786376952,3066.909912109375,12.300000190734863,43
2019-11-10,16.783000946044922,1461.300048828125,62.5099983215332,98.3499984741211,3093.080078125,12.06999969482422,37
2019-11-17,16.933000564575195,1467.300048828125,63.29999923706055,98.0,3120.4599609375,12.050000190734863,36
2019-11-24,16.985000610351562,1463.0999755859375,63.38999938964844,98.2699966430664,3110.2900390625,12.34000015258789,35
2019-12-01,16.9689998626709,1465.5999755859375,62.43000030517578,98.2699966430664,3140.97998046875,12.619999885559082,33
2019-12-08,16.481000900268555,1459.0999755859375,64.38999938964844,97.6999969482422,3145.909912109375,13.619999885559082,34
2019-12-15,16.91200065612793,1475.5999755859375,65.22000122070312,97.16999816894533,3168.800048828125,12.630000114440918,32
2019-12-22,17.128000259399414,1474.699951171875,66.13999938964844,97.70999908447266,3221.219970703125,12.510000228881836,33
2019-12-29,17.849000930786133,1513.800048828125,68.16000366210938,96.91999816894533,3240.02001953125,13.43000030517578,37
2020-01-05,18.06800079345703,1549.199951171875,68.5999984741211,96.83999633789062,3234.85009765625,14.020000457763672,22
2020-01-12,18.03300094604492,1557.5,64.9800033569336,97.36000061035156,3265.35009765625,12.5600004196167,16
2020-01-19,18.01300048828125,1558.800048828125,64.8499984741211,97.61000061035156,3329.6201171875,12.100000381469728,16
2020-01-26,18.05699920654297,1571.0999755859375,60.68999862670898,97.8499984741211,3295.469970703125,14.5600004196167,17
2020-02-02,17.972000122070312,1582.9000244140625,58.15999984741211,97.38999938964844,3225.52001953125,18.84000015258789,16
2020-02-09,17.665000915527344,1568.5999755859375,54.470001220703125,98.68000030517578,3327.7099609375,15.470000267028809,16
2020-02-16,17.71500015258789,1582.699951171875,57.31999969482422,99.12000274658205,3380.159912109375,13.68000030517578,18
2020-02-23,18.520999908447266,1644.5999755859375,58.5,99.26000213623048,3337.75,17.079999923706055,23
2020-03-01,16.386999130249023,1564.0999755859375,50.52000045776367,98.12999725341795,2954.219970703125,40.11000061035156,20
2020-03-08,17.214000701904297,1670.800048828125,45.27000045776367,95.9499969482422,2972.3701171875,41.93999862670898,27
2020-03-15,14.456000328063965,1515.699951171875,33.849998474121094,98.75,2711.02001953125,57.83000183105469,92
2020-03-22,12.348999977111816,1484.0,26.979999542236328,102.81999969482422,2304.919921875,66.04000091552734,38
2020-03-29,14.498000144958496,1623.9000244140625,24.93000030517578,98.37000274658205,2541.469970703125,65.54000091552734,22
2020-04-05,14.435999870300291,1633.699951171875,34.11000061035156,100.58000183105467,2488.64990234375,46.79999923706055,15
2020-04-12,15.994999885559082,1736.199951171875,31.479999542236328,99.5199966430664,2789.820068359375,41.66999816894531,16
2020-04-19,15.237000465393066,1689.199951171875,28.07999992370605,99.77999877929688,2874.56005859375,38.150001525878906,14
2020-04-26,15.253999710083008,1723.5,21.440000534057617,100.37999725341795,2836.739990234375,35.93000030517578,14
2020-05-03,14.86299991607666,1694.5,26.440000534057617,98.8000030517578,2830.7099609375,37.18999862670898,17
2020-05-10,15.739999771118164,1709.9000244140625,30.96999931335449,99.7300033569336,2929.800048828125,27.979999542236328,17
2020-05-17,17.04599952697754,1753.4000244140625,32.5,100.4000015258789,2863.699951171875,31.88999938964844,24
2020-05-24,17.663999557495117,1734.5999755859375,35.130001068115234,99.86000061035156,2955.449951171875,28.15999984741211,22
2020-05-31,18.440000534057617,1736.9000244140625,35.33000183105469,98.33999633789062,3044.31005859375,27.51000022888184,25
2020-06-07,17.44300079345703,1676.199951171875,42.29999923706055,96.94000244140624,3193.929931640625,24.520000457763672,24
2020-06-14,17.461999893188477,1729.300048828125,38.72999954223633,97.31999969482422,3041.31005859375,36.09000015258789,22
2020-06-21,17.832000732421875,1745.9000244140625,42.18999862670898,97.62000274658205,3097.739990234375,35.119998931884766,23
2020-06-28,18.02300071716309,1772.5,41.02000045776367,97.5,3009.050048828125,34.72999954223633,23
2020-07-05,18.24399948120117,1784.0,43.13999938964844,97.31999969482422,3130.010009765625,27.68000030517578,26
2020-07-12,18.982999801635746,1798.199951171875,43.2400016784668,96.6500015258789,3185.0400390625,27.290000915527344,27
2020-07-19,19.684999465942383,1808.300048828125,43.13999938964844,95.94000244140624,3224.72998046875,25.68000030517578,53
2020-07-26,22.808000564575195,1897.300048828125,43.34000015258789,94.44000244140624,3215.6298828125,25.84000015258789,73
2020-08-02,24.18899917602539,1962.800048828125,43.29999923706055,93.48999786376952,3271.1201171875,24.459999084472656,86
2020-08-09,27.53300094604492,2010.0999755859373,44.400001525878906,93.44000244140624,3351.280029296875,22.209999084472656,100
2020-08-16,26.065000534057617,1937.0,44.79999923706055,93.0999984741211,3372.85009765625,22.049999237060547,72
2020-08-23,26.707000732421875,1934.5999755859373,44.34999847412109,93.25,3397.159912109375,22.540000915527344,60
2020-08-30,27.61000061035156,1964.5999755859373,45.04999923706055,92.37000274658205,3508.010009765625,22.959999084472656,49
2020-09-06,26.576000213623047,1923.9000244140625,42.65999984741211,92.72000122070312,3426.9599609375,30.75,42
2020-09-13,26.73900032043457,1937.800048828125,39.83000183105469,93.33000183105467,3340.969970703125,26.8700008392334,38
2020-09-20,27.027999877929688,1952.0999755859373,43.150001525878906,92.93000030517578,3319.469970703125,25.82999992370605,49
2020-09-27,23.017000198364254,1857.699951171875,41.91999816894531,94.58000183105467,3298.4599609375,26.3799991607666,45
2020-10-04,23.97100067138672,1900.199951171875,39.27000045776367,93.83999633789062,3348.419921875,27.6299991607666,39
2020-10-11,25.069000244140625,1919.5,42.84999847412109,93.05999755859376,3477.139892578125,25.0,38
2020-10-18,24.36899948120117,1900.800048828125,42.93000030517578,93.68000030517578,3483.81005859375,27.40999984741211,37
2020-10-25,24.62700080871582,1902.0,41.77000045776367,92.7699966430664,3465.389892578125,27.549999237060547,41
2020-11-01,23.617000579833984,1877.4000244140625,37.459999084472656,94.04000091552734,3269.9599609375,38.02000045776367,40
2020-11-08,25.645999908447266,1950.300048828125,39.45000076293945,92.2300033569336,3509.43994140625,24.86000061035156,79
2020-11-15,24.75900077819824,1885.699951171875,42.77999877929688,92.76000213623048,3585.14990234375,23.100000381469727,45
2020-11-22,24.347999572753903,1872.5999755859373,44.959999084472656,92.38999938964844,3557.5400390625,23.700000762939453,42
2020-11-29,22.55299949645996,1781.9000244140625,48.18000030517578,91.79000091552734,3638.35009765625,20.84000015258789,42
2020-12-06,24.202999114990234,1835.9000244140625,49.25,90.6999969482422,3699.1201171875,20.790000915527344,37
2020-12-13,24.03199958801269,1839.800048828125,49.970001220703125,90.9800033569336,3663.4599609375,23.309999465942383,36
2020-12-20,25.948999404907227,1885.699951171875,52.2599983215332,90.0199966430664,3709.409912109375,21.56999969482422,39
2020-12-27,25.81100082397461,1879.9000244140625,51.290000915527344,90.33000183105467,3703.06005859375,21.530000686645508,35
2021-01-03,26.332000732421875,1893.0999755859373,51.79999923706055,89.94000244140625,3756.070068359375,22.75,63
2021-01-10,24.582000732421875,1834.0999755859373,55.9900016784668,90.0999984741211,3824.679931640625,21.559999465942383,68
2021-01-17,24.825000762939453,1829.300048828125,55.09999847412109,90.77999877929688,3768.25,24.34000015258789,58
2021-01-24,25.52400016784668,1855.699951171875,55.40999984741211,90.23999786376952,3841.469970703125,21.90999984741211,61
2021-01-31,26.899999618530277,1847.300048828125,55.880001068115234,90.58000183105467,3714.239990234375,33.09000015258789,100
2021-02-07,27.013999938964844,1810.9000244140625,59.34000015258789,91.04000091552734,3886.830078125,20.8700008392334,72
2021-02-14,27.322999954223636,1821.5999755859373,62.43000030517578,90.4800033569336,3934.830078125,19.96999931335449,69
2021-02-21,27.25200080871582,1775.800048828125,62.90999984741211,90.36000061035156,3906.7099609375,22.049999237060547,69
2021-02-28,26.402000427246094,1728.0999755859375,66.12999725341797,90.93000030517578,3811.14990234375,27.950000762939453,75
2021-03-07,25.256999969482425,1698.0,69.36000061035156,91.9800033569336,3841.93994140625,24.65999984741211,71
2021-03-14,25.8799991607666,1719.5,69.22000122070312,91.68000030517578,3943.340087890625,20.690000534057617,55
2021-03-21,26.29199981689453,1741.4000244140625,64.52999877929688,91.91999816894533,3913.10009765625,20.950000762939453,55
2021-03-28,25.09199905395508,1732.199951171875,64.56999969482422,92.7699966430664,3974.5400390625,18.86000061035156,55
2021-04-04,24.934999465942383,1726.5,64.86000061035156,92.93000030517578,4019.8701171875,17.329999923706055,53
2021-04-11,25.31100082397461,1743.300048828125,62.95000076293945,92.16000366210938,4128.7998046875,16.690000534057617,46
2021-04-18,26.099000930786133,1779.0,66.7699966430664,91.55999755859376,4185.47021484375,16.25,43
2021-04-25,26.07699966430664,1777.0,66.11000061035156,90.86000061035156,4180.169921875,17.329999923706055,37
2021-05-02,25.85300064086914,1767.300048828125,67.25,91.27999877929688,4181.169921875,18.61000061035156,41
2021-05-09,27.46199989318848,1831.0999755859373,68.27999877929688,90.2300033569336,4232.60009765625,16.690000534057617,43
2021-05-16,27.35300064086914,1837.9000244140625,68.70999908447266,90.31999969482422,4173.85009765625,18.809999465942383,42
2021-05-23,27.472999572753903,1876.699951171875,66.44000244140625,90.0199966430664,4155.85986328125,20.149999618530277,40
2021-05-30,27.993000030517575,1902.5,69.62999725341797,90.02999877929688,4204.10986328125,16.760000228881836,45
2021-06-06,27.878999710083008,1889.800048828125,71.88999938964844,90.13999938964844,4229.89013671875,16.420000076293945,44
2021-06-13,28.131000518798828,1877.4000244140625,72.69000244140625,90.55999755859376,4247.43994140625,15.649999618530272,47
2021-06-20,25.95800018310547,1767.9000244140625,73.51000213623047,92.2300033569336,4166.4501953125,20.700000762939453,44
2021-06-27,26.082000732421875,1776.5999755859375,76.18000030517578,91.80999755859376,4280.7001953125,15.619999885559082,44
2021-07-04,26.481000900268555,1782.5999755859375,76.16999816894531,92.2300033569336,4352.33984375,15.06999969482422,42
2021-07-11,26.211000442504883,1810.0,75.55000305175781,92.12999725341795,4369.5498046875,16.18000030517578,41
2021-07-18,25.777000427246094,1814.5,73.58999633789062,92.69000244140624,4327.16015625,18.450000762939453,39
2021-07-25,25.218000411987305,1801.4000244140625,74.0999984741211,92.91000366210938,4411.7900390625,17.200000762939453,39
2021-08-01,25.527999877929688,1812.5999755859373,76.33000183105469,92.16999816894533,4395.259765625,18.239999771118164,42
2021-08-08,24.312000274658203,1760.0,70.69999694824219,92.8000030517578,4436.52001953125,16.149999618530273,59
2021-08-15,23.76799964904785,1775.199951171875,70.58999633789062,92.5199966430664,4468.0,15.449999809265137,54
2021-08-22,23.104999542236328,1781.0,65.18000030517578,93.5,4441.669921875,18.559999465942383,47
2021-08-29,24.059999465942383,1816.5999755859373,72.69999694824219,92.69000244140624,4509.3701171875,16.389999389648438,40
2021-09-05,24.761999130249023,1830.9000244140625,72.61000061035156,92.04000091552734,4535.43017578125,16.40999984741211,42
2021-09-12,23.854999542236328,1789.5999755859375,72.91999816894531,92.58000183105467,4458.580078125,20.950000762939453,43
2021-09-19,22.295000076293945,1749.4000244140625,75.33999633789062,93.1999969482422,4432.990234375,20.809999465942383,48
2021-09-26,22.38800048828125,1749.699951171875,78.08999633789062,93.33000183105467,4455.47998046875,17.75,44
2021-10-03,22.51000022888184,1757.0,79.27999877929688,94.04000091552734,4357.0400390625,21.100000381469727,43
2021-10-10,22.679000854492188,1756.300048828125,82.38999938964844,94.06999969482422,4391.33984375,18.770000457763672,46
2021-10-17,23.327999114990234,1767.199951171875,84.86000061035156,93.94000244140624,4471.3701171875,16.299999237060547,50
2021-10-24,24.429000854492188,1795.5,85.52999877929688,93.61000061035156,4544.89990234375,15.43000030517578,54
2021-10-31,23.94499969482422,1783.0,84.37999725341797,94.12000274658205,4605.3798828125,16.260000228881836,93
2021-11-07,24.152000427246094,1816.4000244140625,82.73999786376953,94.31999969482422,4697.52978515625,16.479999542236328,47
2021-11-14,25.3439998626709,1867.9000244140625,82.16999816894531,95.12999725341795,4682.85009765625,16.290000915527344,41
2021-11-21,24.780000686645508,1851.199951171875,78.88999938964844,96.06999969482422,4697.9599609375,17.90999984741211,41
2021-11-28,23.10700035095215,1785.300048828125,72.72000122070312,96.08999633789062,4594.6201171875,28.6200008392334,39
2021-12-05,22.44499969482422,1782.0,69.87999725341797,96.12000274658205,4538.43017578125,30.670000076293945,38
2021-12-12,22.15999984741211,1782.9000244140625,75.1500015258789,96.0500030517578,4712.02001953125,18.690000534057617,36
2021-12-19,22.506999969482425,1803.800048828125,73.5199966430664,96.56999969482422,4620.64013671875,21.56999969482422,32
2021-12-26,22.93099975585937,1811.199951171875,76.8499984741211,96.0199966430664,4725.7900390625,17.959999084472656,33
2022-01-02,23.327999114990234,1827.5,77.77999877929688,95.66999816894533,4766.18017578125,17.219999313354492,33
2022-01-09,22.393999099731445,1797.0,81.75,95.73999786376952,4677.02978515625,18.76000022888184,33
2022-01-16,22.910999298095703,1816.5,86.05999755859375,95.16999816894533,4662.85009765625,19.190000534057617,36
2022-01-23,24.31399917602539,1831.800048828125,87.88999938964844,95.63999938964844,4397.93994140625,28.850000381469727,40
2022-01-30,22.302000045776367,1784.9000244140625,90.02999877929688,97.2699966430664,4431.85009765625,27.65999984741211,43
2022-02-06,22.475000381469727,1806.5999755859373,93.2699966430664,95.4800033569336,4500.52978515625,23.21999931335449,39
2022-02-13,23.36599922180176,1840.800048828125,94.44000244140624,96.08000183105467,4418.64013671875,27.36000061035156,43
2022-02-20,23.99099922180176,1898.5999755859373,93.54000091552734,96.04000091552734,4348.8701171875,27.75,52
2022-02-27,23.996999740600582,1886.5,97.93000030517578,96.62000274658205,4384.64990234375,27.59000015258789,50
2022-03-06,25.78199958801269,1965.0999755859373,118.11000061035156,98.6500015258789,4328.8701171875,31.979999542236328,61
2022-03-13,26.106000900268555,1982.699951171875,112.66999816894533,99.12000274658205,4204.31005859375,30.75,47
2022-03-20,25.05500030517578,1928.199951171875,107.93000030517578,98.2300033569336,4463.1201171875,23.8700008392334,44
2022-03-27,25.59499931335449,1953.800048828125,120.6500015258789,98.80999755859376,4543.06005859375,20.809999465942383,37
2022-04-03,24.642000198364254,1919.0999755859373,104.38999938964844,98.62999725341795,4545.85986328125,19.6299991607666,38
2022-04-10,24.819000244140625,1941.5999755859373,102.77999877929688,99.8000030517578,4488.27978515625,21.15999984741211,42
2022-04-17,25.690000534057617,1970.9000244140625,111.6999969482422,100.31999969482422,4392.58984375,22.700000762939453,42
2022-04-24,24.256999969482425,1931.0,106.6500015258789,101.22000122070312,4271.77978515625,28.209999084472656,43
2022-05-01,23.040000915527344,1909.300048828125,109.33999633789062,102.95999908447266,4131.93017578125,33.400001525878906,50
2022-05-08,22.325000762939453,1881.199951171875,112.38999938964844,103.66000366210938,4123.33984375,30.190000534057617,48
2022-05-15,20.983999252319336,1807.4000244140625,111.5500030517578,104.55999755859376,4023.889892578125,28.8700008392334,46
2022-05-22,21.66900062561035,1841.800048828125,112.5500030517578,103.1500015258789,3901.360107421875,29.43000030517578,42
2022-05-29,22.059999465942383,1851.300048828125,119.43000030517578,101.66999816894533,4158.240234375,25.71999931335449,41
2022-06-05,21.88999938964844,1845.4000244140625,119.72000122070312,102.13999938964844,4108.5400390625,24.790000915527344,40
2022-06-12,21.913000106811523,1871.5,122.01000213623048,104.1500015258789,3900.860107421875,27.75,39
2022-06-19,21.572999954223636,1835.5999755859373,113.12000274658205,104.6999969482422,3674.840087890625,31.1299991607666,37
2022-06-26,21.11599922180176,1826.5,113.12000274658205,104.19000244140624,3911.739990234375,27.229999542236328,38
2022-07-03,19.597000122070312,1798.9000244140625,111.62999725341795,105.13999938964844,3825.330078125,26.700000762939453,48
2022-07-10,19.16699981689453,1740.5999755859375,107.0199966430664,107.01000213623048,3899.3798828125,24.63999938964844,51
2022-07-17,18.54800033569336,1702.4000244140625,101.16000366210938,108.05999755859376,3863.159912109375,24.229999542236328,54
2022-07-24,18.584999084472656,1727.0999755859375,103.1999969482422,106.7300033569336,3961.6298828125,23.030000686645508,57
2022-07-31,20.1560001373291,1762.9000244140625,110.01000213623048,105.9000015258789,4130.2900390625,21.32999992370605,54
2022-08-07,19.819000244140625,1772.9000244140625,94.91999816894533,106.62000274658205,4145.18994140625,21.149999618530277,54
2022-08-14,20.677000045776367,1798.5999755859375,98.1500015258789,105.62999725341795,4280.14990234375,19.530000686645508,49
2022-08-21,19.058000564575195,1747.5999755859375,96.72000122070312,108.16999816894533,4228.47998046875,20.600000381469727,51
2022-08-28,18.739999771118164,1736.0999755859375,100.98999786376952,108.8000030517578,4057.659912109375,25.559999465942383,67
2022-09-04,17.775999069213867,1709.800048828125,93.0199966430664,109.52999877929688,3924.260009765625,25.46999931335449,58
2022-09-11,18.65800094604492,1716.199951171875,92.83999633789062,109.0,4067.360107421875,22.790000915527344,59
2022-09-18,19.29599952697754,1671.699951171875,91.3499984741211,109.76000213623048,3873.330078125,26.299999237060547,52
2022-09-25,18.840999603271484,1645.300048828125,86.1500015258789,113.19000244140624,3693.22998046875,29.920000076293945,53
2022-10-02,18.959999084472656,1662.4000244140625,87.95999908447266,112.12000274658205,3585.6201171875,31.6200008392334,65
2022-10-09,20.191999435424805,1700.5,97.91999816894533,112.8000030517578,3639.659912109375,31.36000061035156,63
2022-10-16,18.01499938964844,1641.699951171875,91.62999725341795,113.30999755859376,3583.070068359375,32.02000045776367,100
2022-10-23,19.042999267578125,1651.0,93.5,112.01000213623048,3752.75,29.690000534057617,67
2022-10-30,19.14699935913086,1639.5999755859375,95.7699966430664,110.66999816894533,3901.06005859375,25.75,50
2022-11-06,20.790000915527344,1672.5,98.56999969482422,110.87999725341795,3770.550048828125,24.549999237060547,48
2022-11-13,21.645999908447266,1766.0,95.98999786376952,106.29000091552734,3992.929931640625,22.520000457763672,49
2022-11-20,20.97599983215332,1751.9000244140625,87.62000274658203,106.93000030517578,3965.340087890625,23.1200008392334,42
2022-11-27,21.424999237060547,1753.300048828125,83.62999725341797,105.95999908447266,4026.1201171875,20.5,47
2022-12-04,23.038000106811523,1795.9000244140625,85.56999969482422,104.5500030517578,4071.699951171875,19.059999465942383,48
2022-12-11,23.53499984741211,1798.0999755859375,76.0999984741211,104.80999755859376,3934.3798828125,22.82999992370605,49
2022-12-18,23.150999069213867,1790.0,79.04000091552734,104.6999969482422,3852.360107421875,22.6200008392334,47
2022-12-25,23.763999938964844,1795.9000244140625,83.91999816894531,104.30999755859376,3844.820068359375,20.8700008392334,46
2023-01-01,23.86199951171875,1819.699951171875,85.91000366210938,103.5199966430664,3839.5,21.670000076293945,47
2023-01-08,23.82200050354004,1864.199951171875,78.56999969482422,103.87999725341795,3895.080078125,21.1299991607666,44
2023-01-15,24.231000900268555,1918.4000244140625,85.27999877929688,102.1999969482422,3999.090087890625,18.350000381469727,45
2023-01-22,23.82999992370605,1926.4000244140625,87.62999725341797,102.01000213623048,3972.610107421875,19.850000381469727,47
2023-01-29,23.527000427246094,1928.5999755859373,86.66000366210938,101.93000030517578,4070.56005859375,18.51000022888184,53
2023-02-05,22.333999633789062,1862.9000244140625,79.94000244140625,102.91999816894533,4136.47998046875,18.32999992370605,52
2023-02-12,22.03400039672852,1862.800048828125,86.38999938964844,103.62999725341795,4090.4599609375,20.530000686645508,45
2023-02-19,21.694000244140625,1840.4000244140625,83.0,103.86000061035156,4079.090087890625,20.020000457763672,45
2023-02-26,20.80599975585937,1808.800048828125,83.16000366210938,105.20999908447266,3970.0400390625,21.670000076293945,43
2023-03-05,21.093000411987305,1847.699951171875,85.83000183105469,104.5199966430664,4045.639892578125,18.489999771118164,46
2023-03-12,20.375,1862.0,82.77999877929688,104.58000183105467,3861.590087890625,24.799999237060547,46
2023-03-19,22.35099983215332,1969.800048828125,72.97000122070312,103.70999908447266,3916.639892578125,25.51000022888184,46
2023-03-26,23.246999740600582,1982.0999755859373,74.98999786376953,103.12000274658205,3970.989990234375,21.739999771118164,44
2023-04-02,24.076000213623047,1969.0,79.7699966430664,102.51000213623048,4109.31005859375,18.700000762939453,48
2023-04-09,25.024999618530277,2011.9000244140625,85.12000274658203,101.81999969482422,4105.02001953125,18.399999618530277,53
2023-04-16,25.423999786376957,2002.199951171875,86.30999755859375,101.5500030517578,4137.64013671875,17.06999969482422,49
2023-04-23,25.05299949645996,1979.5,81.66000366210938,101.81999969482422,4133.52001953125,16.770000457763672,45
2023-04-30,24.999000549316406,1990.0999755859373,79.54000091552734,101.66999816894533,4169.47998046875,15.779999732971191,42
2023-05-07,25.743000030517575,2017.4000244140625,75.30000305175781,101.20999908447266,4136.25,17.190000534057617,42
2023-05-14,23.992000579833984,2014.5,74.16999816894531,102.68000030517578,4124.080078125,17.030000686645508,42
2023-05-21,23.920000076293945,1978.699951171875,75.58000183105469,103.1999969482422,4191.97998046875,16.809999465942383,42
2023-05-28,23.239999771118164,1944.0999755859373,76.94999694824219,104.20999908447266,4205.4501953125,17.950000762939453,42
2023-06-04,23.64299964904785,1952.4000244140625,76.12999725341797,104.0199966430664,4282.3701171875,14.600000381469728,41
2023-06-11,24.333999633789062,1962.199951171875,74.79000091552734,103.55999755859376,4298.85986328125,13.829999923706056,44
2023-06-18,24.076000213623047,1958.4000244140625,76.61000061035156,102.3000030517578,4409.58984375,13.539999961853027,42
2023-06-25,22.327999114990234,1919.0999755859373,73.8499984741211,102.9000015258789,4348.330078125,13.4399995803833,45
2023-07-02,22.809999465942383,1921.0999755859373,74.9000015258789,102.91000366210938,4450.3798828125,13.59000015258789,42
2023-07-09,23.09199905395508,1926.199951171875,78.47000122070312,102.2699966430664,4398.9501953125,14.829999923706056,42
2023-07-16,25.013999938964844,1960.0999755859373,79.87000274658203,99.91000366210938,4505.419921875,13.34000015258789,43
2023-07-23,24.697999954223636,1964.300048828125,81.06999969482422,101.06999969482422,4536.33984375,13.600000381469728,43
2023-07-30,24.3700008392334,1960.4000244140625,84.98999786376953,101.62000274658205,4582.22998046875,13.329999923706056,44
2023-08-06,23.617000579833984,1939.5999755859373,86.23999786376953,102.0199966430664,4478.02978515625,17.100000381469727,46
2023-08-13,22.673999786376957,1912.9000244140625,86.80999755859375,102.83999633789062,4464.0498046875,14.84000015258789,49
2023-08-20,22.69499969482422,1886.0999755859373,84.80000305175781,103.37999725341795,4369.7099609375,17.299999237060547,48
2023-08-27,24.21999931335449,1911.0999755859373,84.4800033569336,104.08000183105467,4405.7099609375,15.68000030517578,52
2023-09-03,24.23200035095215,1939.800048828125,88.55000305175781,104.23999786376952,4515.77001953125,13.09000015258789,45
2023-09-10,22.892000198364254,1918.4000244140625,90.6500015258789,105.08999633789062,4457.490234375,13.84000015258789,43
2023-09-17,23.125999450683597,1923.699951171875,93.93000030517578,105.31999969482422,4450.31982421875,13.789999961853027,45
2023-09-24,23.59600067138672,1925.4000244140625,93.2699966430664,105.58000183105467,4320.06005859375,17.200000762939453,44
2023-10-01,22.23600006103516,1848.0999755859373,95.30999755859376,106.16999816894533,4288.0498046875,17.520000457763672,62
2023-10-08,21.540000915527344,1830.199951171875,84.58000183105469,106.04000091552734,4308.5,17.450000762939453,53
2023-10-15,22.726999282836918,1927.4000244140625,90.88999938964844,106.6500015258789,4327.77978515625,19.31999969482422,51
2023-10-22,23.35099983215332,1982.5,92.16000366210938,106.16000366210938,4224.16015625,21.709999084472656,52
2023-10-29,22.770000457763672,1988.5999755859373,90.4800033569336,106.55999755859376,4117.3701171875,21.270000457763672,53
2023-11-05,23.201000213623047,1991.5,84.88999938964844,105.0199966430664,4358.33984375,14.90999984741211,100
2023-11-12,22.21500015258789,1932.5999755859373,81.43000030517578,105.86000061035156,4415.240234375,14.170000076293944,56
2023-11-19,23.80900001525879,1981.5999755859373,80.61000061035156,103.81999969482422,4514.02001953125,13.800000190734863,45
2023-11-26,24.32900047302246,2002.199951171875,80.58000183105469,103.4000015258789,4559.33984375,12.460000038146973,49
2023-12-03,25.499000549316406,2071.0,78.87999725341797,103.2699966430664,4594.6298828125,12.630000114440918,49
2023-12-10,22.97100067138672,1998.300048828125,75.83999633789062,104.01000213623048,4604.3701171875,12.350000381469728,48
2023-12-17,23.8700008392334,2021.0999755859373,76.55000305175781,102.5500030517578,4719.18994140625,12.279999732971191,41
2023-12-24,24.290000915527344,2057.10009765625,79.06999969482422,101.6999969482422,4754.6298828125,13.029999732971191,40
2023-12-31,23.85300064086914,2062.39990234375,77.04000091552734,101.33000183105467,4769.830078125,12.449999809265137,43
2024-01-07,23.121999740600582,2042.4000244140625,78.76000213623047,102.41000366210938,4697.240234375,13.350000381469728,28
2024-01-14,23.16200065612793,2046.699951171875,78.29000091552734,102.4000015258789,4783.830078125,12.699999809265137,26
2024-01-21,22.57099914550781,2026.5,78.55999755859375,103.29000091552734,4839.81005859375,13.300000190734863,25
2024-01-28,22.7549991607666,2016.800048828125,83.55000305175781,103.47000122070312,4890.97021484375,13.260000228881836,20
2024-02-04,22.701000213623047,2036.0999755859373,77.33000183105469,103.91999816894533,4958.60986328125,13.850000381469728,20
2024-02-11,22.527999877929688,2023.300048828125,82.19000244140625,104.08000183105467,5026.60986328125,12.93000030517578,21
2024-02-18,23.43899917602539,2011.5,83.47000122070312,104.27999877929688,5005.56982421875,14.239999771118164,19
2024-02-25,22.9689998626709,2038.5999755859373,81.62000274658203,103.94000244140624,5088.7998046875,13.75,19
2024-03-03,23.149999618530277,2086.89990234375,83.55000305175781,103.86000061035156,5137.080078125,13.109999656677246,20
2024-03-10,24.339000701904297,2178.60009765625,82.08000183105469,102.73999786376952,5123.68994140625,14.739999771118164,20
2024-03-17,25.200000762939453,2157.300048828125,85.33999633789062,103.43000030517578,5117.08984375,14.40999984741211,20
2024-03-24,24.691999435424805,2158.10009765625,85.43000030517578,104.43000030517578,5234.18017578125,13.0600004196167,18
2024-03-31,24.79700088500977,2217.39990234375,87.4800033569336,104.5500030517578,5254.35009765625,13.010000228881836,28
2024-04-07,27.399999618530277,2325.699951171875,91.16999816894533,104.3000030517578,5204.33984375,16.030000686645508,35
2024-04-14,28.2549991607666,2356.199951171875,90.4499969482422,106.04000091552734,5123.41015625,17.309999465942383,32
2024-04-21,28.808000564575195,2398.39990234375,87.29000091552734,106.1500015258789,4967.22998046875,18.709999084472656,28
2024-04-28,27.24099922180176,2334.800048828125,89.5,105.94000244140624,5099.9599609375,15.029999732971191,26
2024-05-05,26.44499969482422,2299.0,82.95999908447266,105.02999877929688,5127.7900390625,13.489999771118164,27
2024-05-12,28.274999618530277,2367.300048828125,82.79000091552734,105.30999755859376,5222.68017578125,12.550000190734863,26
2024-05-19,31.04700088500977,2412.199951171875,83.9800033569336,104.4499969482422,5303.27001953125,11.989999771118164,39
2024-05-26,30.32999992370605,2332.5,82.12000274658203,104.72000122070312,5304.72021484375,11.93000030517578,32
2024-06-02,30.29700088500977,2322.89990234375,81.62000274658203,104.66999816894533,5277.509765625,12.920000076293944,28
2024-06-09,29.334999084472656,2305.199951171875,79.62000274658203,104.88999938964844,5346.990234375,12.220000267028809,28
2024-06-16,29.402000427246094,2331.39990234375,82.62000274658203,105.5500030517578,5431.60009765625,12.65999984741211,23
2024-06-23,29.572999954223636,2316.39990234375,85.23999786376953,105.8000030517578,5464.6201171875,13.199999809265137,22
2024-06-30,29.23699951171875,2327.699951171875,86.41000366210938,105.87000274658205,5460.47998046875,12.4399995803833,25
2024-07-07,31.38800048828125,2388.5,86.54000091552734,104.87999725341795,5567.18994140625,12.479999542236328,26
2024-07-14,30.88599967956543,2414.0,85.02999877929688,104.08999633789062,5615.35009765625,12.460000038146973,28
2024-07-21,29.08799934387207,2395.5,82.62999725341797,104.4000015258789,5505.0,16.520000457763672,43
2024-07-28,27.86000061035156,2380.0,81.12999725341797,104.31999969482422,5459.10009765625,16.389999389648438,37
2024-08-04,28.246000289916992,2425.699951171875,76.80999755859375,103.20999908447266,5346.56005859375,23.38999938964844,37
2024-08-11,27.48699951171875,2432.10009765625,79.66000366210938,103.13999938964844,5344.16015625,20.3700008392334,34
2024-08-18,28.777999877929688,2498.60009765625,79.68000030517578,102.45999908447266,5554.25,14.800000190734863,34
2024-08-25,29.785999298095703,2508.39990234375,79.0199966430664,100.72000122070312,5634.60986328125,15.859999656677246,28
2024-09-01,28.731000900268555,2493.800048828125,78.80000305175781,101.6999969482422,5648.39990234375,15.0,28
2024-09-08,27.808000564575195,2493.5,71.05999755859375,101.18000030517578,5408.419921875,22.3799991607666,28
2024-09-15,30.698999404907227,2581.300048828125,71.61000061035156,101.11000061035156,5626.02001953125,16.559999465942383,30
2024-09-22,31.176000595092773,2619.89990234375,74.48999786376953,100.72000122070312,5702.5498046875,16.149999618530273,30
2024-09-29,31.518999099731445,2644.300048828125,71.9800033569336,100.41999816894533,5738.169921875,16.959999084472656,32
2024-10-06,32.12799835205078,2645.800048828125,78.05000305175781,102.5199966430664,5751.06982421875,19.209999084472656,36
2024-10-13,31.520000457763672,2657.60009765625,79.04000091552734,102.88999938964844,5815.02978515625,20.459999084472656,39
2024-10-20,33.03200149536133,2713.699951171875,73.05999755859375,103.48999786376952,5864.669921875,18.030000686645508,65
2024-10-27,33.60300064086914,2740.89990234375,76.05000305175781,104.26000213623048,5808.1201171875,20.32999992370605,100
2024-11-03,32.54199981689453,2738.60009765625,73.0999984741211,104.27999877929688,5728.7998046875,21.8799991607666,55
2024-11-10,31.358999252319336,2687.5,73.87000274658203,105.0,5995.5400390625,14.9399995803833,51
2024-11-17,30.371000289916992,2565.699951171875,71.04000091552734,106.69000244140624,5870.6201171875,16.139999389648438,40
2024-11-24,31.30900001525879,2709.89990234375,75.16999816894531,107.48999786376952,5969.33984375,15.239999771118164,36
2024-12-01,30.684999465942383,2657.0,72.94000244140625,105.73999786376952,6032.3798828125,13.510000228881836,31
2024-12-08,31.18600082397461,2638.60009765625,71.12000274658203,105.97000122070312,6090.27001953125,12.770000457763672,30
2024-12-15,30.655000686645508,2656.0,74.48999786376953,107.0,6051.08984375,13.8100004196167,30
2024-12-22,29.65999984741211,2628.699951171875,72.94000244140625,107.62000274658205,5930.85009765625,18.36000061035156,27
2024-12-29,29.655000686645508,2617.199951171875,74.16999816894531,108.0,5970.83984375,15.949999809265137,28
2025-01-05,29.80599975585937,2645.0,76.51000213623047,108.9499969482422,5942.47021484375,16.1299991607666,8
2025-01-12,31.090999603271484,2708.5,79.76000213623047,109.6500015258789,5827.0400390625,19.540000915527344,8
2025-01-19,30.951000213623047,2744.300048828125,80.79000091552734,109.3499984741211,5996.66015625,15.970000267028809,9
2025-01-26,31.02300071716309,2777.300048828125,78.5,107.44000244140624,6101.240234375,14.850000381469728,9
2025-02-02,32.12799835205078,2812.5,76.76000213623047,108.37000274658205,6040.52978515625,16.43000030517578,10
2025-02-09,32.334999084472656,2867.300048828125,74.66000366210938,108.04000091552734,6025.990234375,16.540000915527344,11
2025-02-16,32.80099868774414,2883.60009765625,74.73999786376953,106.56999969482422,6114.6298828125,14.770000457763672,10
2025-02-23,32.97600173950195,2937.60009765625,74.43000030517578,106.61000061035156,6013.1298828125,18.209999084472656,10
2025-03-02,31.2189998626709,2836.800048828125,73.18000030517578,107.61000061035156,5954.5,19.6299991607666,9
2025-03-09,32.54800033569336,2904.699951171875,70.36000061035156,103.83999633789062,5770.2001953125,23.3700008392334,9
2025-03-16,34.1870002746582,2994.5,70.58000183105469,103.72000122070312,5638.93994140625,21.770000457763672,11
2025-03-23,33.290000915527344,3018.199951171875,72.16000366210938,104.08999633789062,5667.56005859375,19.280000686645508,9
2025-03-30,34.64400100708008,3086.5,73.62999725341797,104.04000091552734,5580.93994140625,21.649999618530277,12
2025-04-06,29.11599922180176,3012.0,65.58000183105469,103.0199966430664,5074.080078125,45.310001373291016,16
2025-04-13,31.823999404907227,3222.199951171875,64.76000213623047,99.77999877929688,5363.35986328125,37.560001373291016,11
2025-04-20,32.41999816894531,3308.699951171875,67.95999908447266,99.37999725341795,5282.7001953125,29.649999618530277,11
2025-04-27,32.98899841308594,3282.39990234375,66.87000274658203,99.47000122070312,5525.2099609375,24.84000015258789,13
2025-05-04,31.98900032043457,3231.89990234375,61.290000915527344,100.0,5686.669921875,22.68000030517578,10
2025-05-11,32.67599868774414,3335.39990234375,63.90999984741211,100.33999633789062,5659.91015625,21.899999618530277,10
2025-05-18,32.15800094604492,3182.0,65.41000366210938,101.08999633789062,5958.3798828125,17.239999771118164,9
2025-05-25,33.44200134277344,3363.60009765625,64.77999877929688,99.11000061035156,5802.81982421875,22.290000915527344,8
2025-06-01,32.891998291015625,3288.89990234375,63.900001525878906,99.33000183105467,5911.68994140625,18.56999969482422,10
2025-06-08,36.025001525878906,3322.699951171875,66.47000122070312,99.19000244140624,6000.35986328125,16.770000457763672,11
2025-06-15,36.28099822998047,3431.199951171875,74.2300033569336,98.18000030517578,5976.97021484375,20.81999969482422,10
2025-06-22,35.97600173950195,3368.10009765625,77.01000213623047,98.70999908447266,5967.83984375,20.6200008392334,10
2025-06-29,36.0369987487793,3273.699951171875,67.7699966430664,97.4000015258789,6173.06982421875,16.31999969482422,10
2025-07-06,36.775001525878906,3332.5,68.29000091552734,97.18000030517578,6279.35009765625,16.3799991607666,10
2025-07-13,38.67599868774414,3356.0,70.36000061035156,97.8499984741211,6259.75,16.399999618530273,12
2025-07-20,38.22299957275391,3353.0,69.27999877929688,98.4800033569336,6296.7900390625,16.40999984741211,12
2025-07-27,38.16699981689453,3334.0,68.44000244140625,97.6500015258789,6388.64013671875,14.93000030517578,12
2025-08-03,36.7869987487793,3347.699951171875,69.66999816894531,98.69000244140624,6238.009765625,20.3799991607666,14
2025-08-10,38.41699981689453,3439.10009765625,66.58999633789062,98.18000030517578,6389.4501953125,15.149999618530272,11
2025-08-17,37.89400100708008,3336.0,65.8499984741211,97.8499984741211,6449.7998046875,15.09000015258789,11
2025-08-24,39.00299835205078,3374.39990234375,67.7300033569336,97.72000122070312,6466.91015625,14.220000267028809,12
2025-08-31,40.20000076293945,3473.699951171875,68.12000274658203,97.7699966430664,6460.259765625,15.359999656677246,17
2025-09-07,41.07400131225586,3613.199951171875,65.5,97.7699966430664,6481.5,15.18000030517578,16
2025-09-14,42.387001037597656,3649.39990234375,66.98999786376953,97.5500030517578,6584.2900390625,14.760000228881836,16
2025-09-21,42.5359992980957,3671.5,66.68000030517578,97.63999938964844,6664.35986328125,15.449999809265137,22
2025-09-28,46.22100067138672,3775.300048828125,70.12999725341797,98.1500015258789,6643.7001953125,15.289999961853027,31
2025-10-05,47.59700012207031,3880.800048828125,64.52999877929688,97.72000122070312,6715.7900390625,16.649999618530273,48
2025-10-12,46.9379997253418,3975.89990234375,62.72999954223633,98.9800033569336,6552.509765625,21.65999984741211,100
2025-10-19,49.86399841308594,4189.89990234375,61.290000915527344,98.43000030517578,6664.009765625,20.780000686645508,88
2025-10-26,48.37699890136719,4118.39990234375,65.94000244140625,98.9499969482422,6791.68994140625,16.3700008392334,56
2025-11-02,47.99399948120117,3982.199951171875,65.06999969482422,99.8000030517578,6840.2001953125,17.440000534057617,37
2025-11-09,48.016998291015625,3999.39990234375,63.630001068115234,99.5999984741211,6728.7998046875,19.07999992370605,33
2025-11-16,50.59000015258789,4087.60009765625,64.38999938964844,99.2699966430664,6734.10986328125,19.82999992370605,29
2025-11-23,49.87300109863281,4076.699951171875,62.560001373291016,100.18000030517578,6602.990234375,23.43000030517578,27
2025-11-30,56.44599914550781,4218.2998046875,63.20000076293945,99.45999908447266,6849.08984375,16.350000381469727,33
2025-12-07,58.422000885009766,4212.89990234375,63.75,98.98999786376952,6870.39990234375,15.40999984741211,38
2025-12-14,61.36199951171875,4300.10009765625,61.119998931884766,98.4000015258789,6827.41015625,15.739999771118164,41
2025-12-21,66.84500122070312,4361.39990234375,60.470001220703125,98.5999984741211,6834.5,14.90999984741211,63
2025-12-28,76.48600006103516,4529.10009765625,60.63999938964844,98.0199966430664,6929.93994140625,13.600000381469728,96
2026-01-04,70.55599975585938,4314.39990234375,60.75,98.41999816894533,6858.47021484375,14.510000228881836,25
2026-01-11,78.88400268554688,4490.2998046875,63.34000015258789,99.12999725341795,6966.27978515625,14.489999771118164,30
2026-01-18,88.09100341796875,4588.39990234375,64.12999725341797,99.38999938964844,6940.009765625,15.859999656677246,50
2026-01-25,100.9250030517578,4976.2001953125,65.87999725341797,97.5999984741211,6915.60986328125,16.09000015258789,100
2026-02-01,78.29000091552734,4713.89990234375,70.69000244140625,96.98999786376952,6939.02978515625,17.440000534057617,97
2026-02-08,76.73500061035156,4951.2001953125,68.05000305175781,97.62999725341795,6932.2998046875,20.3700008392334,37
2026-02-15,77.85099792480469,5022.0,67.75,96.87999725341795,6836.169921875,20.600000381469727,30
