date,silver_r,gold_r,brent_r,dxy_r,sp500_r,trends_raw,trends_r
2016-01-17,-0.0017271282362396948,-0.005755324603950174,-0.07872710018405774,0.004253152426005597,-0.021934664428090153,51,0.019418085857101808
2016-01-24,0.011386981380583784,0.005208538570965079,0.037035410554374586,0.00614519250231244,0.014031629679692091,50,-0.019418085857101808
2016-01-31,0.013158075256392343,0.01734780896976524,0.07654665808042797,0.0004016559494309407,0.017332772069165978,57,0.12861737782209337
2016-02-07,0.036909639035909596,0.03641245028736934,-0.019768093573763013,-0.026242370827956222,-0.03151327352602745,73,0.2436220826577511
2016-02-14,0.0668683313096171,0.06786359510128809,-0.020766119767845103,-0.01088032505108703,-0.008155298822788745,60,-0.19319122903085884
2016-02-21,-0.026772684891273518,-0.007045950325628534,-0.010547100768577613,0.006438854017180615,0.02802518296158972,57,-0.05043085362689226
2016-02-28,-0.04518850427304833,-0.008652388701787177,0.06139059198160728,0.015918210846242963,0.01566061496380586,55,-0.03509131981126945
2016-03-06,0.06535084965069995,0.04025122552820189,0.0981552069353137,-0.008286969485394391,0.026313278357407474,50,-0.09352605801082392
2016-03-13,-0.004730218782435877,-0.008858772915218275,0.0422259205290695,-0.012092527098852678,0.011038877913645969,50,0.0
2016-03-20,0.012670045289452248,-0.0039004247209770237,0.019856060409559343,-0.012345839271533359,0.013453878650472453,46,-0.0816780310142673
2016-03-27,-0.03968645311564757,-0.02618121700635418,-0.018618914679887726,0.012033855704157246,-0.006677332302523734,45,-0.02150620522096336
2016-04-03,-0.009856869989798962,0.0006547117321808212,-0.019476240949291027,-0.015936556886742663,0.017933115642854863,50,0.10318423623523065
2016-04-10,0.022351716419617838,0.016473005460979892,0.055896873485341114,-0.004024201995205718,-0.012222351891024424,53,0.057158413839948796
2016-04-17,0.05851911095950391,-0.00759417489323081,0.027282968976887742,0.004869270731205114,0.016050420614330454,63,0.16989903679539697
2016-04-24,0.0353597984948607,-0.003574643943692132,0.045581003244119914,0.00442531329094151,0.005201014288147768,59,-0.06453852113757108
2016-05-01,0.05150336176268831,0.04806517293267319,0.0648017405567159,-0.021679923151513607,-0.012644280626898142,59,0.0
2016-05-08,-0.015979464660304313,0.0028659430771524504,-0.059054635373765936,0.008664519663818315,-0.003958901535866008,54,-0.08701137698962924
2016-05-15,-0.022645540598654288,-0.0163759114912937,0.05280202584121306,0.007639307397843054,-0.0051318577639383025,44,-0.20067069546215155
2016-05-22,-0.035444079534948804,-0.01545013470632072,0.01843655248236259,0.007371526166518121,0.0027861352239352145,49,0.10536051565782634
2016-05-29,-0.01666443659982755,-0.031305755316830226,0.012240023651351534,0.0022009031664057964,0.0225187595069829,49,0.0
2016-06-05,0.006136517693193146,0.02143602719231203,0.006467275932371488,-0.01572174719358896,3.326396362768842e-05,48,-0.020202707317519497
2016-06-12,0.05758994853063081,0.026498505933714504,0.017968172034106708,0.006043592621109079,-0.001458721887543974,51,0.05942342047080107
2016-06-19,0.004896975598911246,0.014887819627315809,-0.027481475890372153,-0.004131136585400307,-0.011926403959054829,54,0.05608946665104364
2016-06-26,0.021885212523899564,0.021053409197832263,-0.015577243384969892,0.013076194856803522,-0.016458381347570616,64,0.16705408466316563
2016-07-03,0.0943129691449574,0.01257211686815178,0.029111476741140663,0.0020931936395571582,0.03166168750613712,82,0.24445333790096146
2016-07-10,0.02595973884735679,0.014777698066902895,-0.06378977683224044,0.006772638655196854,0.01273388675193674,66,-0.21414798840563254
2016-07-17,0.003334718491477803,-0.022437656937676846,0.018014735317733708,0.002903348910146703,0.01483846403615155,57,-0.14424960884454663
2016-07-24,-0.023529335287774525,-0.002566444981596475,-0.04116341050777475,0.009172951468665773,0.006129022570202589,56,-0.01739174271186883
2016-07-31,0.032778369907492125,0.019386127611557925,-0.07331699080547494,-0.020104329369304747,-0.0006576469602687781,60,0.06782259633876109
2016-08-07,-0.026540497015648385,-0.009384127456625374,0.04174482237132157,0.006885106041906193,0.004255754344781532,56,-0.06782259633876109
2016-08-14,-0.005475011006509354,-0.0004490499061257898,0.0592018689435812,-0.004898151752579597,0.00054039534705581,51,-0.09180754925312273
2016-08-21,-0.01903941102989163,0.003437695232162953,0.07996081399679822,-0.012721604182839647,-8.238778818661723e-05,54,0.05608946665104364
2016-08-28,-0.03457890068996032,-0.014200640032823834,-0.019048252643307183,0.01115328847468476,-0.006813894599991987,49,-0.09531017980432521
2016-09-04,0.03328271230844306,0.0004539080055828846,-0.06389762508590453,0.003238420835274966,0.00503100212561213,56,0.1310282624064043
2016-09-11,0.00031124638499063117,0.0060327459542656335,0.024885225286588028,-0.005647969554515765,-0.024222384171594724,47,-0.17185025692665912
2016-09-18,-0.026326269064838925,-0.01843819185839535,-0.047780422915131855,0.00804396382011483,0.0053198782092784705,46,-0.021053409197832718
2016-09-25,0.04944662332394658,0.02376192188494616,0.0026183504394829277,-0.006576538556616152,0.01186394954196854,45,-0.02150620522096336
2016-10-02,-0.03056421626798644,-0.018034748259910603,0.06679685171598942,-0.00020953464206920357,0.0016524865089707571,58,0.24889604741662463
2016-10-09,-0.0996353458652822,-0.050279907353340626,0.05685259691048936,0.01104290399010235,-0.006723762325701738,61,0.049596941139371964
2016-10-16,0.003975017246627114,0.003357278270814875,0.000385068498366504,0.015421299256803677,-0.009685807427145643,58,-0.049596941139371964
2016-10-23,0.003157220027504984,0.010162889240408566,-0.0032777814826783647,0.0069134102859378845,0.0038276433776732043,100,0.53758307293554
2016-10-30,0.01783626859362083,0.007554907653150838,-0.04079784905937818,-0.003552386199618502,-0.006912626784100187,63,-0.4562374334815882
2016-11-06,0.03213216568932284,0.021561288419800064,-0.08673703769934861,-0.013100164740023327,-0.019579920740689993,63,0.0
2016-11-13,0.02018529124799429,-0.02943224601648739,0.005688011745325404,0.017564029743530038,0.037311115374576376,52,-0.18859116980754953
2016-11-20,-0.11919317804870011,-0.04608737984164103,0.022007370369460526,0.024201162831199004,0.00802974703817971,49,-0.058268908123976004
2016-11-27,-0.00900935203361368,-0.025392112498936636,0.00807658075513663,0.0027626932570563876,0.014311236944799433,50,0.019802627296179764
2016-12-04,0.017401140470790097,-0.0026345790808632663,0.14222544357482073,-0.007119591432563686,-0.009715712703308782,45,-0.10318423623523065
2016-12-11,0.008558691255374085,-0.013450578600608068,-0.0023898761687163542,0.007907553967340525,0.030365303690182397,46,0.02150620522096336
2016-12-18,-0.04503027007603673,-0.021005674783636265,0.01606748544742514,0.013495190883867766,-0.0006463436146477855,45,-0.02150620522096336
2016-12-25,-0.028190296279187073,-0.002999317972020829,-0.0009060295544938068,0.000582687802998525,0.0025299207043691227,44,-0.02197890671877545
2017-01-01,0.014665205608151068,0.015864284149823077,0.017432397824595783,-0.006037046008011447,-0.011086974233945493,35,-0.2231435513142097
2017-01-08,0.032716932078978155,0.018864441740149566,0.01713364195562219,-0.0016616803436246717,0.016896552101804352,36,0.027398974188114433
2017-01-15,0.015307941806806016,0.019770856636589514,-0.029322362383612875,-0.010226253402096961,-0.001028244081040538,34,-0.055569851154810834
2017-01-22,0.016431276044492394,0.007501285077217098,0.0007211270304761747,-0.004358192767837823,-0.0014649675494284393,33,-0.02898753687325195
2017-01-29,0.006041643183053092,-0.013543153895838354,0.0005404698576673133,-0.00208674083746571,0.010240949253856747,37,0.1112256351102241
2017-02-05,0.020433017117738907,0.02526522214984744,0.022969066298866178,-0.006586810518038204,0.0011889875772318986,33,-0.1112256351102241
2017-02-12,0.025959412992563786,0.012964447761770448,-0.001938166553009534,0.009269018156027414,0.008098058656715748,34,0.02898753687325195
2017-02-19,0.00595579085540632,0.0025889587048835644,-0.015821134782546376,0.0014869286158140517,0.015024007171105502,31,-0.08961215868968697
2017-02-26,0.017385044807478173,0.01547439082290595,0.0032200439318937966,0.0013858584112810394,0.006858213076555815,33,0.06062462181643502
2017-03-05,-0.0354165894475125,-0.025299467386653725,-0.0016087258811414472,0.004441645595931007,0.006643603632693731,30,-0.09237332013101529
2017-03-12,-0.04708799799165462,-0.020444244597877845,-0.08451008377104617,-0.00286011254902029,-0.004424161311094652,30,0.0
2017-03-19,0.028955399949761686,0.0239469148531977,0.007563294078181298,-0.009426980592460044,0.0023784816995500503,30,0.0
2017-03-26,0.019431342326620596,0.014850880157623713,-0.01872127819882697,-0.006702428905245357,-0.014514592181788372,30,0.0
2017-04-02,0.02864895130488704,-0.0007212201023904267,0.039182906269654205,0.007200763547834392,0.007963154421046729,31,0.03174869831458027
2017-04-09,-0.005774879255078954,0.005596432680493538,0.044608113090482814,0.008237051843179662,-0.003043468214084032,30,-0.03174869831458027
2017-04-16,0.01960799950231229,0.024881194303152117,0.011698103434940625,-0.006146571876070308,-0.011352515864966281,30,0.0
2017-04-23,-0.036293550383224134,0.0011658183200010236,-0.07291128817847073,-0.005784340442411865,0.008440199704263796,32,0.06252035698133396
2017-04-30,-0.03649643742433096,-0.01668340933904597,-0.004436299016220967,-0.009345395606639809,0.015005916852984864,37,0.14107859825990543
2017-05-07,-0.058449241002179506,-0.03316368503364506,-0.05217887144281798,-0.004046556018609112,0.006309258712225825,38,0.02597548640326064
2017-05-14,0.008046510997819839,0.0011423112982250185,0.034824445599077665,0.00606367163107377,-0.003503053282336662,36,-0.05264373348542195
2017-05-21,0.02441499810368189,0.021381266363937806,0.05305217990188961,-0.02138572803742875,-0.0038427170696693326,34,-0.055569851154810834
2017-05-28,0.0313251558857457,0.01182414668485853,-0.027611418518274245,0.0025700347847261887,0.014211696100245667,34,0.0
2017-06-04,0.011734305652172731,0.007231656381425489,-0.04310169033757843,-0.007006007387059931,0.009578044853408324,35,0.0281708769666964
2017-06-11,-0.01695534942128015,-0.006521885898786162,-0.03670135043437923,0.005670363442311256,-0.0029974518408077563,35,0.0
2017-06-18,-0.03293336776856408,-0.01149665784647055,-0.01633207554693401,-0.0011314405443441568,0.0005672787514136425,36,0.027398974188114433
2017-06-25,-0.00048096562860159344,0.0017528099577074152,-0.039398013647912615,0.0014398787308717562,0.002114421149661668,37,0.02666824708216131
2017-07-02,-0.0036148650063300065,-0.012415555057051721,0.05094183485713627,-0.016998744021669374,-0.0061254922226571,40,0.07598590697792229
2017-07-09,-0.07499053588012644,-0.02621305236634708,-0.025574660682762533,0.0036520984249084516,0.0007301172781857442,48,0.1782482314063185
2017-07-16,0.032829666117565486,0.01478344956085863,0.046023616517723534,-0.009418252047998468,0.013958845628734246,40,-0.1782482314063185
2017-07-23,0.03257859358187246,0.022331592671180834,-0.017531612548663256,-0.012377816323772686,0.005381412259641674,38,-0.05001042057466165
2017-07-30,0.015359781600599183,0.01117859595289885,0.08874379926774936,-0.007264992301488204,-0.0001779467849010327,41,0.07410797215372211
2017-08-06,-0.026882324230990483,-0.007994640509355378,-0.0019058951857829432,0.0029978477989333037,0.0019115169303198177,43,0.04652001563489261
2017-08-13,0.04925387344210815,0.023096000958113184,-0.006123243492982306,-0.0050372671666621014,-0.014440643651571635,37,-0.14660347419187536
2017-08-20,-0.0035860726910367947,-0.0015543642485205907,0.01182999387689358,0.003860601152594693,-0.006480581706045192,38,0.02597548640326064
2017-08-27,0.003409995965456867,0.0052750482702343445,-0.005897503446063548,-0.007412640142525322,0.007188955764351529,39,0.025317807984289953
2017-09-03,0.03919135253587923,0.024456702329540177,-0.001718708586575059,0.0007545103731824254,0.013619203650415595,41,0.04879016416943216
2017-09-10,0.017233155294698415,0.01610220149254875,0.027522926826558387,-0.016075025549515964,-0.0061240282473121535,40,-0.02409755157906046
2017-09-17,-0.023346947441555427,-0.01920249173573645,0.03364120145938964,0.005895223427409206,0.01564026573544421,39,-0.0246926125903717
2017-09-24,-0.04103259653246143,-0.020737610293060763,0.022049287355119934,0.0032601139597413123,0.0007956062964223747,41,0.04879016416943216
2017-10-01,-0.01766679938882715,-0.009165862371750056,0.011888257077406969,0.009824679966415287,0.006826617525465681,43,0.04652001563489261
2017-10-08,0.0076182188356745005,-0.007755335966961292,-0.033937544432526966,0.00770553044098102,0.011825666541539818,53,0.2047944126460135
2017-10-15,0.03643808974420259,0.02324151459745546,0.02748642364561497,-0.007598160757961766,0.0015050835766228779,100,0.6261364702769852
2017-10-22,-0.019374035531970507,-0.018690664194823313,0.010094096154267228,0.006531428885974433,0.008595375249110112,45,-0.7864791203521646
2017-10-29,-0.01897813477326094,-0.006991681200460266,0.045527765281076826,0.01293625560213594,0.0022729991046303065,39,-0.13976194237515882
2017-11-05,0.005493264381340801,-0.0015779095976066746,0.02661166082594259,0.00021072656136749538,0.002619516763823719,37,-0.05129329438755059
2017-11-12,0.0029727851332966362,0.004647709620670424,0.02309204863656492,-0.005810009967846383,-0.0021430913036690658,35,-0.054067221270275745
2017-11-19,0.030058981647540773,0.018223402635293234,-0.012674428640593835,-0.007763886015148506,-0.0013368925870375155,38,0.08004270767353638
2017-11-26,-0.02195835881383396,-0.0070475394550867055,0.01801280133939309,-0.009655707438448685,0.009098150343445147,41,0.07410797215372211
2017-12-03,-0.041114028881467195,-0.006158586874152297,-0.005810757225216978,0.0015081268277717462,0.015177710454205432,41,0.0
2017-12-10,-0.03503001113346905,-0.0266260560140805,-0.0014185541083988054,0.01070674021950476,0.0035060557998552572,44,0.06899287148695121
2017-12-17,0.015261671517154147,0.007281566604839875,-0.0026850206798083144,0.0003194247911355933,0.009126642553015272,39,-0.11778303565638337
2017-12-24,0.023443205249557873,0.01668218706423604,0.03144718137194061,-0.006193973613446521,0.0028101598374510447,41,0.04879016416943216
2017-12-31,0.04208054902670019,0.02393887684801889,0.02047850843244569,-0.013263748874200659,-0.0036326606796450384,38,-0.07410797215372211
2018-01-07,0.008463524056172667,0.01066026959628443,0.015199283262385115,-0.0018471869067357475,0.025677200206246344,43,0.12062798778861472
2018-01-14,-0.007936067729683314,0.00987306902583739,0.03273257397661511,-0.01071512260829719,0.015586153641050827,43,0.0
2018-01-21,-0.0055222711681520206,-0.0011255769563542775,-0.01819810627549301,-0.004406766235358913,0.008598243434415856,43,0.0
2018-01-28,0.02369349034236527,0.01468254523981547,0.02745800432833748,-0.016700454999823724,0.022020314308120674,45,0.04445176257083405
2018-02-04,-0.04146459055543595,-0.013332059759729589,-0.02789533619277594,0.0014584313559000573,-0.039309492100227536,50,0.10318423623523065
2018-02-11,-0.034158076662339845,-0.015566262745054207,-0.08820513402751669,0.013805669031098812,-0.05299951285947418,44,-0.1251631429540061
2018-02-18,0.0352967360743534,0.030081386550834185,0.03212680068150327,-0.014927357053231585,0.042111888894057745,40,-0.09309042306601167
2018-02-25,-0.013204488729655614,-0.01864751647911962,0.03738613736323934,0.008716099407506638,0.0055041741405507175,37,-0.07598590697792229
2018-03-04,-0.0051113433486070755,-0.005359900939776375,-0.04466104901835361,0.0006673917285883452,-0.020612859274174018,40,0.07598590697792229
2018-03-11,0.009350929141780444,0.0009835815645425686,0.017249697877586477,0.00166632152649952,0.034805703666899244,38,-0.05001042057466165
2018-03-18,-0.02100968149061864,-0.008429237194945483,0.01093406849834908,0.0015528731967003075,-0.01247991602936679,39,0.025317807984289953
2018-03-25,0.02004228268324016,0.028566926850683003,0.062071699917496094,-0.008793966507223274,-0.0613457182898889,37,-0.05129329438755059
2018-04-01,-0.018746991279848847,-0.019835236604145268,-0.0025582775944472413,0.007906929871956066,0.020122613655094428,41,0.10008345855698275
2018-04-08,0.006696456210708601,0.006855773516895492,-0.04601184416723323,-0.00044381355497489545,-0.013879264336721764,42,0.023530497410193973
2018-04-15,0.017961618687403296,0.009638826866006443,0.07835635374807177,-0.003446143728257978,0.019705007062396,52,0.20909179785855958
2018-04-22,0.030735156831164585,-0.006041485954674668,0.020186115507205504,0.005773907170484731,0.005196669838797594,42,-0.20909179785855958
2018-04-29,-0.04417606387049131,-0.01234483298081495,0.007801005841598311,0.013417128764308867,-8.613420372609898e-05,40,-0.047628048989254435
2018-05-06,0.0017052304862638303,-0.005772972855105196,0.003076764565457166,0.011189066555529903,-0.0024337491360252902,39,-0.0246926125903717
2018-05-13,0.014618235266647081,0.004787826104666418,0.02960937298940931,-0.00032411841024883103,0.02385510275293464,36,-0.0779615414697119
2018-05-20,-0.01748231121571497,-0.02207666646456621,0.01786334650314155,0.011816642732477322,-0.0054221197295101775,36,0.0
2018-05-27,0.005719972388255751,0.010102339748917758,-0.02671988110889552,0.0058564086500952775,0.0030767951500483342,37,0.02666824708216131
2018-06-03,-0.005658867397000744,-0.006543266238637597,0.01493235439671435,0.0,0.00487176930593714,36,-0.02666824708216131
2018-06-10,0.018499998573325818,0.002545357328384126,-0.01467078941331534,-0.006817959412966489,0.01610942709100675,35,-0.027398974188114433
2018-06-17,-0.014602358089231132,-0.018269253365512488,-0.04029893673854446,0.013167842781656341,0.00022662995124228972,35,0.0
2018-06-24,-0.0007905195595538596,-0.005664807573376151,0.028325949556846468,-0.002852511320314287,-0.008954744496251771,32,-0.08701137698962969
2018-07-01,-0.020588816381630046,-0.012784527259598244,0.05020732135699365,0.0011631046925923388,-0.013341362868666799,36,0.11441035117774412
2018-07-08,-0.0076671807614398495,0.0023946370662882087,-0.02976906870941846,-0.006254288088329891,0.015133005899877714,37,0.02666824708216131
2018-07-15,-0.01525878433240836,-0.011788959740734262,-0.02335449561549099,0.007521610555157266,0.014921700849027547,38,0.02597548640326064
2018-07-22,-0.01594708927606084,-0.00818114456223241,-0.030460604518073166,-0.0030653891867872844,0.00018561717895841906,38,0.0
2018-07-29,-0.003492204379718795,-0.005627864030592249,0.016558483860769205,0.0023263330932685546,0.0060455789059447465,42,0.09763846956391609
2018-08-05,-0.0019453824281801546,-0.006894335143557899,-0.014644354334354825,0.004846696719819206,0.007608936483701606,39,-0.07232066157962613
2018-08-12,-0.009128932962119847,-0.0025563661136777066,-0.005478736277630535,0.012741699491910443,-0.0024922569362920725,43,0.09531017980432477
2018-08-19,-0.043511288801197576,-0.028985088201002308,-0.013551033297211596,-0.0027018839825322404,0.005929504696959367,47,0.08701137698963013
2018-08-26,0.011090442251566194,0.02501393488151674,0.0540598644849717,-0.009934690319493653,0.008580255807261987,42,-0.11000089521432876
2018-09-02,-0.02334367263934083,-0.004986297837701562,0.020883015435390808,-0.0001051251898844302,0.009289922376467325,41,-0.023530497410193973
2018-09-09,-0.026031944257705178,-0.005597636215877039,-0.007649908786484201,0.002414607801208964,-0.010337543781777953,40,-0.02409755157906046
2018-09-16,-0.0017788308807634462,0.0011722553702555986,0.01626674806648154,-0.004097713925486208,0.011529298314460017,36,-0.1026541540600836
2018-09-23,0.01603653013600603,0.0010036394254792215,0.009051074813150586,-0.008033892236782823,0.008463263157570112,35,-0.027398974188114433
2018-09-30,0.02450628585156907,-0.0039368072522935095,0.048548389925444635,0.010242433683155087,-0.005369924403918694,39,0.10536051565782634
2018-10-07,-0.003699641113389418,0.008107998920922847,0.017258366985887563,0.004507112010954273,-0.009797359836994292,37,-0.05129329438755059
2018-10-14,-0.00034326121071284293,0.013971231203452533,-0.045332547792775284,-0.004192015335694198,-0.04191183814927116,43,0.14660347419187536
2018-10-21,0.0010294303494635091,0.0058935041421625525,-0.008114413533886542,0.00513276005598437,0.00023492577031559246,42,-0.022989518224698635
2018-10-28,0.003833766215044587,0.005858875111510327,-0.027447669850655925,0.006768407438570906,-0.040212067169601816,54,0.2461330695389088
2018-11-04,0.004907620090958378,-0.0012989979662769093,-0.06369717795442506,0.001866255634999184,0.023922771243904274,100,0.6077873316087885
2018-11-11,-0.04193603734409616,-0.020104890459756133,-0.03706460886777175,0.0038253108194788187,0.021057905098512807,48,-0.7233002187306332
2018-11-18,0.017919745808642102,0.011865683036205448,-0.049959243711248505,-0.004550658699055356,-0.01621848834596599,39,-0.2029408439966902
2018-11-25,-0.009587538798193513,0.00016377358368710568,-0.12696228886287236,0.004653785219721912,-0.03863890719339577,45,0.13976194237515882
2018-12-02,-0.008970560379474664,-0.0006554554094466516,-0.0015317874473873617,0.0036047053139574574,0.04733546468431722,44,-0.02197890671877545
2018-12-09,0.033352683094928476,0.021565568354679765,0.04918750483019419,-0.007843930315994408,-0.04713795041466005,40,-0.09309042306601167
2018-12-16,-0.004057080835058547,-0.007891214663449955,-0.022797205804482225,0.009590176963215135,-0.01266209802315306,37,-0.07598590697792229
2018-12-23,0.00481171186661692,0.01348988539148949,-0.11335521387928962,-0.004938316138384958,-0.07312227713336905,38,0.02597548640326064
2018-12-30,0.04969426719929805,0.02060299015274506,-0.030562630124164113,-0.005896057414912136,0.02820047985107634,36,-0.05264373348542195
2019-01-06,0.023791424362959897,0.0021852243024060064,0.08902086034855303,-0.0020770279181667553,0.01841538616626462,28,-0.2436220826577502
2019-01-13,-0.0075467250558863925,0.003424413447931592,0.05820935444958957,-0.005420676994807141,0.02508616749452901,26,-0.07145896398214502
2019-01-20,-0.015983757886941372,-0.004516381063261469,0.03604873550453456,0.006978812638930059,0.028272388367691362,25,-0.03774032798284699
2019-01-27,0.01995610264437658,0.012487054972839626,-0.017050459256928142,-0.0057252582372775435,-0.0022303390970261367,27,0.07410797215372167
2019-02-03,0.01529267247427112,0.014918227658576515,0.00372439172899353,-0.002194692645139461,0.01555338150231116,28,0.03509131981127034
2019-02-10,-0.006760860514948776,-0.0024329619481516006,0.0037105720890800997,0.011029115563469452,0.0004986152011035238,28,0.0
2019-02-17,-0.0031750211958282803,0.003343740889194128,0.06468950049821773,0.0028931491851101774,0.024700977581626978,27,-0.03509131981127034
2019-02-24,0.011697545551029564,0.008385933549209195,0.013046638213089674,-0.004239225002037022,0.006131124256201798,25,-0.07410797215372167
2019-03-03,-0.04756827688357795,-0.02498600964587542,-0.031018494262489784,0.00020717616082751485,0.003938286330376053,24,-0.03922071315328157
2019-03-10,0.006767256923441558,0.0004626942168530167,0.010243926924002052,0.00866435498366536,-0.021858629758871834,24,0.0
2019-03-17,-0.0012448848814648552,0.0036940543300041087,0.021370350996537748,-0.007939457775722667,0.02853816812514859,24,0.0
2019-03-24,0.00601348344913311,0.00749978771009077,-0.0019376245789001843,0.0005174960193916307,-0.007742981661372355,22,-0.08338160893905089
2019-03-31,-0.018747455238639427,-0.014282647584681153,0.02008634402686055,0.006497184227494546,0.011957297596611242,27,0.19671029424605413
2019-04-07,-0.0011294688110554825,-0.002012833041095317,0.028113968797432637,0.0012328206450866498,0.02037390635908508,25,-0.07410797215372167
2019-04-14,-0.008210181534536452,0.0001549408541456426,0.017055973671695666,-0.004424561409680763,0.005058473799242462,24,-0.03922071315328157
2019-04-21,0.001138774826780895,-0.014595342932514813,0.005852833826430294,0.005142985968087649,-0.0008188929157063281,24,0.0
2019-04-28,0.004342141168902383,0.010169048637790945,0.002497923887592471,0.005524885204130401,0.011924996971923974,27,0.11332868530700324
2019-05-05,-0.006352642233711054,-0.004446068941269561,-0.018182361768645617,-0.005012085327145905,0.0019573501829687544,30,0.10178269430994247
2019-05-12,-0.01221624610257882,0.005068434763435675,-0.0032515152072867108,-0.0019501654987366095,-0.022049821259407732,27,-0.10178269430994247
2019-05-19,-0.026004097655904678,-0.00874933429617975,0.02226509839176202,0.00686019341932004,-0.007618967345103139,27,0.0
2019-05-26,0.011916511030434535,0.006647140799466242,-0.04997486401624005,-0.003987525230736802,-0.011773749715358757,27,0.0
2019-06-02,0.0006884182813611012,0.01761483153016074,-0.06309352387087447,0.0014332454256399912,-0.026533792742947645,30,0.10178269430994247
2019-06-09,0.03143469087973608,0.026748782039979054,-0.018782786644491276,-0.01173093701837183,0.0431254033288479,26,-0.13815033848081715
2019-06-16,-0.014239953592352864,-0.0008204793776837706,-0.020431717958699407,0.00988780414499285,0.0047358195062741195,28,0.07145896398214502
2019-06-23,0.03267635161091311,0.041010005756051474,0.050163786832397826,-0.013932817034204488,0.021750110874492485,26,-0.07145896398214502
2019-06-30,-0.0013103260784826179,0.009622655575489827,0.020494168571231115,-0.0009358354517063529,-0.0029530321465882554,23,-0.11778303565638337
2019-07-07,-0.022207669660036563,-0.009264604787545582,-0.03548314716377336,0.011583568992370298,0.01640242734407817,25,0.08004270767353638
2019-07-14,0.016157805341658636,0.009406520835393171,0.03803433281243884,-0.004534712985109473,0.00778132086542786,31,0.2076393647782444
2019-07-21,0.06114829381125588,0.010723172360211752,-0.06581831530029349,0.0035059220164247486,-0.012406688048744998,32,0.030771658666753687
2019-07-28,0.012823070379790483,-0.004641994298787107,0.01572331068210026,0.008813344547263333,0.016410278926185913,32,0.0
2019-08-04,-0.006329368723778166,0.01892446814058009,-0.025051165838814997,0.0009178149398616443,-0.03149353036161282,42,0.26469255422708216
2019-08-11,0.04076770027739002,0.03467140894375398,-0.05581918344228851,-0.0062375642881198805,-0.004580706591461323,46,0.08894748601649605
2019-08-18,0.011708503837884979,0.01056805857175629,0.001877624722840431,0.006645237713688343,-0.010321520432723849,40,-0.13657553500575048
2019-08-25,0.01733827763131067,0.009279113466930966,0.011866570264147813,-0.005107785168845617,-0.014495144272481376,61,0.4135623183407837
2019-09-01,0.04441421415119828,-0.004924986229709853,0.018202057989445082,0.0130241848690364,0.027489005661775454,70,0.1355454919962238
2019-09-08,-0.012004628145889087,-0.00852814789305542,0.01820170934730505,-0.005372257468471751,0.017696819671872456,61,-0.1355454919962238
2019-09-15,-0.030055339291798933,-0.010209909439423313,-0.02168284144652942,-0.0013221181931908352,0.009582249474685695,55,-0.10178269430994202
2019-09-22,0.017172198354229177,0.01094002240117453,0.06524397855459477,0.0025410390719119436,-0.0051070788425777456,48,-0.13353139262452318
2019-09-29,-0.01054137384654641,-0.005455091478457757,-0.03756680681244034,0.006072263023936688,-0.010171649928156964,48,0.0
2019-10-06,-0.0006838670003397453,0.0047249785167066145,-0.058879674149813085,-0.0030315610781592676,-0.003307530904682204,48,0.0
2019-10-13,-0.004456953868759423,-0.015725173157080326,0.03600657197890686,-0.005174731300313195,0.006166566774626049,54,0.11551288712184471
2019-10-20,0.0022881210488719704,0.003702586060888197,-0.018177773676561614,-0.010430652528958794,0.005348795410051839,100,0.6077873316087885
2019-10-27,0.02030436201888712,0.007564416036093667,0.0428260818342068,0.005637891516525793,0.012099202362615073,51,-0.6638767982598321
2019-11-03,0.007974370988187849,0.005652550378837551,-0.0053351000928208644,-0.0060491697067532576,0.014569649285602832,43,-0.1670540846631665
2019-11-10,-0.07022741363248632,-0.03145778567312639,0.013204696132161872,0.011350401841001964,0.008496872075177837,37,-0.14660347419187536
2019-11-17,0.008897888329635504,0.004097526596179264,0.012558800004826383,-0.0035650506497130014,0.00881303085047208,36,-0.02666824708216131
2019-11-24,0.0030662235223727343,-0.0028665547933680625,0.0014207935701855163,0.0027512795434536962,-0.0032644323416373554,35,-0.027398974188114433
2019-12-01,-0.000942495649537991,0.0017072425642128473,-0.015260176705619884,0.0,0.009818864927718185,33,-0.05715841383994835
2019-12-08,-0.02917988502107572,-0.004444907724097485,0.03091239810917134,-0.005817230401295213,0.0015683216138172422,34,0.02898753687325195
2019-12-15,0.025815211047798,0.011244879639642446,0.01280785700676078,-0.00543952480521005,0.007249814201662106,32,-0.058840500022933284
2019-12-22,0.012691098507668563,-0.0006101240309972219,0.01400750924759849,0.0055418955788885905,0.016407177956679665,33,0.029852963149681333
2019-12-29,0.041232969963032794,0.026168531984054035,0.030084237923718598,-0.008118021530517784,0.0058193479615422945,37,0.1112256351102241
2020-01-05,0.012194925312229401,0.023115558991912127,0.006434576239517184,-0.0008257828021160594,-0.0015969194377969198,22,-0.502091943797236
2020-01-12,-0.0019389965203973833,0.005343334539295139,-0.054212930586725674,0.005355360694514289,0.009384395224720446,16,-0.3022808718729335
2020-01-19,-0.0011097186384244893,0.0008343541271211964,-0.0020026946688867964,0.0025644984915457725,0.019491234122442358,16,0.0
2020-01-26,0.002439630743365658,0.00785966962535148,-0.06629797001329252,0.002455724808188691,-0.010309429305739852,17,0.05715841383994835
2020-02-02,-0.004718379291782068,0.007482627701240931,-0.04258108661812582,-0.004712148542002449,-0.02145460564122785,16,-0.05715841383994835
2020-02-09,-0.017229665361864186,-0.009075136900992934,-0.06554771679553431,0.013158765047714481,0.03119018438525534,16,0.0
2020-02-16,0.002826414292621567,0.008948732273752036,0.05099948382975822,0.004448970276816429,0.015638651650275292,18,0.1112256351102241
2020-02-23,0.04449347156655879,0.038364960203729204,0.020377156601911313,0.0014114266503067827,-0.012626092362680055,23,0.2336148511815055
2020-03-01,-0.12241693400906199,-0.050186615620630516,-0.1466574476944819,-0.011449589451675953,-0.1220622805812382,20,-0.13353139262452274
2020-03-08,0.04923476251406491,0.06599201977623907,-0.10972473498360684,-0.022465911581183814,0.006125007114764752,27,0.2876820724517808
2020-03-15,-0.17461347101858954,-0.09742523662470838,-0.29070561727910255,0.02876421313323209,-0.09203469877635535,92,1.2003949829780525
2020-03-22,-0.15753448970165157,-0.021136201495384286,-0.22684312046778796,0.04038847987806887,-0.16227902025217159,38,-0.86903784702361
2020-03-29,0.16043563259496166,0.09008953377793147,-0.07902392403605822,-0.04424397621370215,0.09769670746182875,22,-0.5280674302004966
2020-04-05,-0.004285641081123693,0.006016672639144311,0.31351870454740627,0.022217541503178583,-0.021002286720211944,15,-0.36290549368936853
2020-04-12,0.10255108845060912,0.060851437689745526,-0.08023820531638992,-0.010594853689153638,0.11423674659145207,16,0.06062462181643502
2020-04-19,-0.0485494552158556,-0.027443773680424003,-0.11429483256720009,0.0026091549393223988,0.029922537316123182,14,-0.1251631429540061
2020-04-26,0.0011150337052489414,0.020102091803196925,-0.2697992153285848,0.005995206665996474,-0.01324413736289808,14,0.0
2020-05-03,-0.025966847215784017,-0.016969394909814074,0.20961967407033144,-0.015865321222883276,-0.0021279522975054988,17,0.18232155679395445
2020-05-10,0.05733033092754688,0.009047191485505547,0.15814093663146386,0.009368932431936147,0.03440662819770364,17,0.0
2020-05-17,0.07971031590249812,0.025121870545714187,0.048221117521891795,0.00669565438163127,-0.02281970002174242,24,0.32850406697203605
2020-05-24,0.03561310069311446,-0.010779948902721263,0.07781540734669001,-0.005393011271090099,0.03153642904874848,22,-0.08338160893905089
2020-05-31,0.042993602046900184,0.0013251039404752179,0.00567701651586247,-0.015338386440008645,0.029623386739163194,25,0.12260232209233246
2020-06-07,-0.055583779565795854,-0.035572631581524385,0.18005455481759414,-0.014338569142582837,0.047977818311354066,24,-0.03922071315328157
2020-06-14,0.0010886177472566993,0.031187433033095267,-0.08817258630853407,0.003912259177580485,-0.04896374914017529,22,-0.08338160893905089
2020-06-21,0.0209675518852053,0.009553465406732395,0.08556871187878802,0.0030779038149204665,0.018384447290384444,23,0.04255961441879608
2020-06-28,0.010654122645193062,0.015120783431899465,-0.028123429782333956,-0.0012300405906435282,-0.029048379654133285,23,0.0
2020-07-05,0.012187470610555114,0.006467054733672201,0.050390863009093255,-0.0018478632242768132,0.03941177200197697,26,0.11778303565638337
2020-07-12,0.039707600946059726,0.00792810325682751,0.0023154047756112107,-0.006908293337508631,0.01742865752419834,27,0.03636764417087468
2020-07-19,0.03631306590668804,0.005601066996377183,-0.002315404775611207,-0.007373199920878941,0.012384359676668419,53,0.6567795363890707
2020-07-26,0.14725447909823583,0.048044644212512914,0.004625372816078682,-0.015758283452424932,-0.0028259612523487713,73,0.31508104663989567
2020-08-02,0.05878657394321765,0.03394020148684609,-0.000923382240335146,-0.010110282215316672,0.01710921123330016,86,0.1618430254504135
2020-08-09,0.1294873693014351,0.02381240982113635,0.025086886416225217,-0.0005349106454154878,0.024209901416631836,100,0.14921239818667598
2020-08-16,-0.05479188089888509,-0.03704407550665904,0.008968618586220238,-0.003645377314635442,0.006415742093192473,72,-0.32466107569286873
2020-08-23,0.024332292044517784,-0.0012398102782446112,-0.010095448040839748,0.0016098906305804328,0.007181649333376842,60,-0.1795855769750796
2020-08-30,0.03325231729419945,0.01538807568502892,0.015660292768752776,-0.009481778184838642,0.032109165336664566,49,-0.1988508587451654
2020-09-06,-0.038169487139107096,-0.020934261300972107,-0.05451125765258691,0.003781931857887896,-0.02337536850739331,42,-0.15082288973458358
2020-09-13,0.006114624891347184,0.007198945635806617,-0.06864126630106802,0.006557406999824554,-0.025412384191594518,38,-0.09763846956391609
2020-09-20,0.010750175373009006,0.007352369513869709,0.0800620097263368,-0.004295094343619038,-0.006456052413010174,49,0.24846135929849966
2020-09-27,-0.16064027921376942,-0.049566566549308466,-0.028919456558589695,0.017599531722400436,-0.006349441764478383,45,-0.08338160893905089
2020-10-04,0.04061171243984294,0.022619980963164508,-0.06530211608629893,-0.007854891255396889,0.015032888415713914,39,-0.13976194237515882
2020-10-11,0.044787238401101145,0.010105617364511807,0.08724472918726499,-0.008346745138435469,0.03772151646124148,38,-0.025317807984289953
2020-10-18,-0.02832022135303239,-0.009789859584329832,0.0018652799111405411,0.006640302365354874,0.0019164533875190666,37,-0.02597548640326064
2020-10-25,0.01053162342519146,0.0006310882488130994,-0.02739249987691934,-0.009761447067474423,-0.005301389882631011,41,0.10008345855698275
2020-11-01,-0.041876618626257335,-0.013018110198256286,-0.1089047168924232,0.013596957927750345,-0.05804740894960778,40,-0.02409755157906046
2020-11-08,0.08242079422049467,0.03809537800766549,0.051760394055475965,-0.01943473976233662,0.07067872342108852,79,0.6684545679695733
2020-11-15,-0.0351985197574799,-0.03368415307576697,0.0810366084885381,0.005730041771940326,0.02134382304769268,45,-0.5533852381847861
2020-11-22,-0.0167393976253844,-0.006971252371710561,0.04970251010245842,-0.003996794340579884,-0.007730981191482125,42,-0.06744128079553269
2020-11-29,-0.07658162061718926,-0.049647602032757726,0.06917081829851857,-0.006515371871251543,0.022461003266272955,42,0.0
2020-12-06,0.07060848338839751,0.029854613329794222,0.021965364097296693,-0.011946045730783658,0.016564676188117838,37,-0.12361395596717673
2020-12-13,-0.007090297416959662,0.0021220588186620488,0.014513482166735266,0.0030824155649797173,-0.009686939829269102,36,-0.02666824708216131
2020-12-20,0.07674679185229634,0.024642182256011985,0.04480837819001324,-0.010607908465536138,0.012464765254229406,39,0.0779615414697119
2020-12-27,-0.0053322607147766625,-0.003080481932167851,-0.01873540872365305,0.003437820858667157,-0.0017132899273742323,35,-0.10536051565782634
2021-01-03,0.019984167844563448,0.006997087212713523,0.009894315285682992,-0.004326842945084287,0.014213695517915619,63,0.5753641449035616
2021-01-10,-0.06877045983269037,-0.03166179947373159,0.07778299880189965,0.0017773391915055295,0.018101569555078672,68,0.07522342123758818
2021-01-17,0.009836743076106077,-0.0026204779562941016,-0.016023444872809756,0.00751883590259157,-0.0148640830663473,58,-0.15656906069153997
2021-01-24,0.02776795191819099,0.014328550348284834,0.005610391659494996,-0.005966219504508982,0.019244395510648344,61,0.049596941139371964
2021-01-31,0.052507079844628664,-0.0045368170410336325,0.008446473377745437,0.0037606942658649045,-0.03368101965026813,100,0.487986131796168
2021-02-07,0.004228975452420086,-0.019901167267723712,0.06007706393088618,0.005065522091493915,0.04541985691601988,72,-0.32466107569286873
2021-02-14,0.0113735887826388,0.005891249617966764,0.05076231652784736,-0.006170111525088054,0.012273763272926341,69,-0.041964199099031596
2021-02-21,-0.002601894074933402,-0.025464169252356082,0.007659197194503084,-0.0013271705547845624,-0.007172121187240508,69,0.0
2021-02-28,-0.03168716154598201,-0.027228528162381013,0.04991732899705518,0.006288284739515385,-0.02476462232916907,75,0.0822380982369717
2021-03-07,-0.04433643722555126,-0.017571437060962432,0.04768788111855102,0.011481215514136651,0.008046476865702203,71,-0.054067221270275745
2021-03-14,0.02436709338946967,0.01258246300102836,-0.0020204854297296796,-0.003266942312984063,0.026050670119081895,55,-0.25131442828090567
2021-03-21,0.01579426623220157,0.012655850541984426,-0.07015964281140284,0.0026143573252744748,-0.007698178528726321,55,0.0
2021-03-28,-0.046715670905579605,-0.00529715270586428,0.000619688881180473,0.00920466185921807,0.015579104270105826,55,0.0
2021-04-04,-0.006276614951352474,-0.003296010878393972,0.00448120837736682,0.0017232493735514923,0.011340564984057246,53,-0.036367644170875124
2021-04-11,0.014966698825517119,0.009683658928142302,-0.029890337679339248,-0.008320288169169578,0.0267371675958329,46,-0.1388364448542161
2021-04-18,0.03065791867645417,0.020271511907645767,0.05891305498357514,-0.00653176826419499,0.013632294273230134,43,-0.06595796779179741
2021-04-25,-0.0008433481881540986,-0.001124859511183791,-0.009933797015849743,-0.007674601371063336,-0.0012671579440058846,37,-0.14660347419187536
2021-05-02,-0.00862701372566294,-0.005473563330243631,0.017096987904098023,0.0046118251318963835,0.0002391961153248564,41,0.10008345855698275
2021-05-09,0.060376553841881744,0.03546387999025695,0.015199861566389581,-0.011569688970054809,0.012225391524596734,43,0.04652001563489261
2021-05-16,-0.003976991514094067,0.0037067629404366246,0.006277855670132692,0.0009969132519847732,-0.013977589861504486,42,-0.022989518224698635
2021-05-23,0.0043774531439971015,0.020891260524048334,-0.03359541422734697,-0.0033270858887675205,-0.004319541120117327,40,-0.047628048989254435
2021-05-30,0.01875079137014732,0.013653921456691193,0.046896148017947795,0.00011110398772623926,0.011543232173748181,45,0.11506932978478712
2021-06-06,-0.00408077316598592,-0.0066977815495948174,0.031941694996632845,0.0012210759298141257,0.00611343460523804,44,-0.02197890671877545
2021-06-13,0.008998482703649323,-0.006583175279166738,0.01106669257738845,0.0046485770045302365,0.004140414398675671,47,0.06453852113757153
2021-06-20,-0.08039233522836384,-0.0600954385854621,0.011217623363309665,0.018272906149160717,-0.019252033547123137,44,-0.06453852113757153
2021-06-27,0.004765594996737082,0.004908996271969121,0.0356774846100388,-0.0045642960813761235,0.02705219208326519,44,0.0
2021-07-04,0.015182079386761351,0.0033715474072702123,-0.00013130471079774556,0.004564296081376138,0.016597002353012966,42,-0.04546237407675724
2021-07-11,-0.010248341836499846,0.015253886259014927,-0.008172931233013126,-0.0010849003362286248,0.003946388676498398,41,-0.023530497410193973
2021-07-18,-0.016696548830675343,0.0024831023932536914,-0.02628563193780599,0.006060024918406005,-0.009748510489661143,39,-0.04879016416943216
2021-07-25,-0.02192459644773532,-0.007245793750655673,0.006906414535058847,0.0023707038416655693,0.019369037862457254,39,0.0
2021-08-01,0.012217842606054085,0.006198111249127369,0.029650558089159167,-0.007996643929371244,-0.003753877453989635,42,0.07232066157962613
2021-08-08,-0.04880581728240223,-0.029448456119399335,-0.07662054006140737,0.006811994537962054,0.009343655546510248,59,0.33314444652853803
2021-08-15,-0.022629943517154968,0.00859925608048269,-0.0015570902088412433,-0.003021871597566572,0.007070591463325557,54,-0.08701137698962924
2021-08-22,-0.028291098884655953,0.003261939176981407,-0.07973576143733174,0.010536635214732576,-0.005910466943499298,47,-0.13613217432458002
2021-08-29,0.040501663839715374,0.01979160433902476,0.10918866447059956,-0.008700818067422103,0.01512706590247461,40,-0.1576289442035832
2021-09-05,0.028759496524451377,0.007841053924332375,-0.0012386807640175394,-0.0070373431129947825,0.005762455745157519,42,0.047628048989254435
2021-09-12,-0.03731636509542786,-0.022815545019288487,0.004260262901958851,0.005849880266980227,-0.017089588702415642,43,0.022989518224698635
2021-09-19,-0.06763137827718733,-0.022719231592298023,0.03264822895612129,0.00667453356615798,-0.005755994386372329,48,0.10763066419236544
2021-09-26,0.004162681337606583,0.0001714308025718088,0.03585080712244913,0.0013939302494362896,0.005060442020591509,44,-0.08515780834030684
2021-10-03,0.005434542247580836,0.004163492443093288,0.015123913845794,0.007578614210579781,-0.022341858155478622,43,-0.022472855852058604
2021-10-10,0.007479758767760118,-0.0003984579577081136,0.03847818829505342,0.00031894933234651826,0.007841447422226767,46,0.06595796779179741
2021-10-17,0.028214894034177557,0.006186994246297726,0.029538784047211393,-0.0013828761518808919,0.01806049146223888,50,0.0816780310142673
2021-10-24,0.046116668243116735,0.015887189190450724,0.007864330353836685,-0.0035190846840374387,0.016310828128296033,54,0.07550755250814545
2021-10-31,-0.020011465081993928,-0.006986195802997177,-0.013536803174430885,0.005433371137059375,0.01321945615789365,93,0.5359615970375327
2021-11-07,0.008607689044714269,0.018559194801562016,-0.019627238931366506,0.0021226599527131747,0.019811633067282456,47,-0.6720937713621127
2021-11-14,0.04817480011898896,0.027958284570881155,-0.006912885555312067,0.008551095352905068,-0.003129873132439512,41,-0.13353139262452274
2021-11-21,-0.02250510630274992,-0.008980767172643893,-0.04073578028910267,0.009832740898564932,0.0032214438313974245,41,0.0
2021-11-28,-0.06990128679616099,-0.03624755539392887,-0.08143800271468653,0.00020812493288333163,-0.02224228431641923,39,-0.04879016416943216
2021-12-05,-0.029067758477209257,-0.0018501666382562945,-0.03983702069397968,0.00031222526484684835,-0.01230490330866308,38,-0.025317807984289953
2021-12-12,-0.012779003643943196,0.0005049367034258137,0.07270669054183629,-0.0007285184556185885,0.03753551896821041,36,-0.05264373348542195
2021-12-19,0.015537515587196203,0.011654312067016205,-0.021928704116137333,0.0053992098315147315,-0.019583441740692736,32,-0.11441035117774412
2021-12-26,0.018663325681556715,0.004094004248675573,0.04429801774202712,-0.005711662676656584,0.022501497776318262,33,0.029852963149681333
2022-01-02,0.01716462162648453,0.008959330574061305,0.01202886290397874,-0.0036517175912206025,0.008510431361197491,33,0.0
2022-01-09,-0.04086129225190957,-0.01683030484037457,0.04978149674406768,0.0007314111007328649,-0.0188819352088335,33,0.0
2022-01-16,0.022824088301553917,0.01079296487769755,0.051378889264437684,-0.005971414807109925,-0.0030363770352826417,36,0.08455738802806279
2022-01-23,0.05943516830647634,0.00838754396344695,0.021041326590259455,0.004926389363942377,-0.05849063396843483,40,0.1026541540600836
2022-01-30,-0.08637591964896807,-0.02593671171112931,0.024056908929477015,0.016899446161484897,0.007680889990283043,43,0.07061756721395307
2022-02-06,0.0077272347350149555,0.01208420728835146,0.035355542185666014,-0.018573745740719665,0.015377993739368979,39,-0.09531017980432477
2022-02-13,0.03887834365947682,0.01875367404472173,0.012466261321508987,0.006264360200203992,-0.01836313250507192,43,0.09531017980432477
2022-02-20,0.026396786590541847,0.03091647334206895,-0.009575575983422839,-0.00041641594350915633,-0.015915919190083377,52,0.18610227963386095
2022-02-27,0.0002500841443626427,-0.006393499184351213,0.045863778763678476,0.006021006667077552,0.008193714620185451,50,-0.03846628082779624
2022-03-06,0.07174774631612992,0.04081986176552922,0.18736345794244177,0.020792460383324902,-0.012803217756334537,61,0.19530875232076594
2022-03-13,0.01248864941045375,0.008916405347535336,-0.04715322286681875,0.004753017094326198,-0.029196361521459012,47,-0.2559333741372005
2022-03-20,-0.041091786859795296,-0.027872627610314095,-0.04298030425980144,-0.009019563169554885,0.05973789575759378,44,-0.06453852113757153
2022-03-27,0.02132357249029369,0.013189319303089149,0.1114109330534035,0.005887087637785336,0.017752707433133456,37,-0.16907633004393396
2022-04-03,-0.037944680829895924,-0.017919905807624058,-0.14475992514482522,-0.0018233423802095682,0.0006160918569260988,38,0.02597548640326064
2022-04-10,0.007157186460678711,0.011656049435612922,-0.015543109886138917,0.0117927667775803,-0.012747391577866595,42,0.09763846956391609
2022-04-17,0.03449233319733369,0.014977940747520837,0.08322590906690704,0.005196859946434028,-0.021550512229754713,42,0.0
2022-04-24,-0.05739659764534235,-0.020452300157200183,-0.04626421952942612,0.008931304003245079,-0.027888442857880537,43,0.022989518224698635
2022-05-01,-0.05147335870087099,-0.01130129513526001,0.024909800749282344,0.017044176549970685,-0.0332858992033834,50,0.1476359988060647
2022-05-08,-0.03152471462733779,-0.014826863178201139,0.027512700125526406,0.006775793693842656,-0.0020811760515476777,48,-0.04000533461369926
2022-05-15,-0.06194695400319842,-0.040020483139362004,-0.0075020118632203436,0.008644697876987857,-0.024414406912135693,46,-0.04167269640056803
2022-05-22,0.0321224896744503,0.0188540188226649,0.008924646231127644,-0.013576791656557407,-0.03092383191286612,42,-0.08894748601649605
2022-05-29,0.017883293008001594,0.005144740571821819,0.059332833768178765,-0.014451998032789994,0.06376672636097706,41,-0.023530497410193973
2022-06-05,-0.007736105963930133,-0.003192051996036383,0.002425264945211015,0.004612158966574652,-0.012024220429094314,40,-0.02409755157906046
2022-06-12,0.0010501892355062234,0.014044178970342405,0.018947332915077976,0.019487767113901683,-0.05187067457796463,39,-0.0246926125903717
2022-06-19,-0.01563754222107345,-0.019368858124122618,-0.07565379966737965,0.005266906371089246,-0.05968745096582231,37,-0.05129329438755059
2022-06-26,-0.02141152055865624,-0.00496982298502383,0.0,-0.004882909872508714,0.06247266708077212,38,0.02597548640326064
2022-07-03,-0.07465451058193408,-0.015226186695035015,-0.013259420006209477,0.009076610729826967,-0.022337526809736708,48,0.22825865198098017
2022-07-10,-0.022186458790794512,-0.032945513211122775,-0.0421741049064944,0.017629518415644772,0.019172777596062535,51,0.05942342047080107
2022-07-17,-0.03282805610731061,-0.02219083284088715,-0.056312243512885926,0.009764297821043046,-0.009332057423966617,54,0.05608946665104364
2022-07-24,0.0019927698597443427,0.014404652725710447,0.0199653654732415,-0.012384293444407342,0.025170048494642747,57,0.05310982531394792
2022-07-31,0.081147263144076,0.02051650692650229,0.06390246669369054,-0.007807045362412814,0.04169210472633796,54,-0.05310982531394792
2022-08-07,-0.016860931770938524,0.005656443534523214,-0.14753687789279762,0.006775870139053659,0.0036009798777999814,54,0.0
2022-08-14,0.04238088777178719,0.014391933231461219,0.033462523991809115,-0.009328741321933755,0.03203942113165101,49,-0.09531017980432521
2022-08-21,-0.08153498308246276,-0.02876516679926053,-0.014676717341330105,0.023761650881475662,-0.012145447092121127,51,0.03922071315328157
2022-08-28,-0.016826725953317828,-0.0066021999219161975,0.04320126195803685,0.005807315756452998,-0.04123615468314056,67,0.2682639865946794
2022-09-04,-0.052811084061414215,-0.015264771035380594,-0.08220699317792307,0.006687110719648495,-0.033428630201124195,58,-0.14197026127038725
2022-09-11,0.048425878707970445,0.003736082771785781,-0.0019369457467987143,-0.004850590961591093,0.03581636583692831,59,0.01680711831638071
2022-09-18,0.033622736787471096,-0.026271472421798066,-0.016179275840492,0.0069483012111724776,-0.04887954441294612,52,-0.12405264866997845
2022-09-25,-0.023862470791554066,-0.015918275429977344,-0.058608285434536715,0.030771660773110686,-0.04761321370818566,53,0.018692133012152556
2022-10-02,0.006296123300363361,0.0103395879610542,0.02079217459228577,-0.009498093420032253,-0.029569974033259564,65,0.20067069546215066
2022-10-09,0.06295500985889425,0.022659969416253485,0.10726864478641,0.0060466153251538856,0.014958811945918447,63,-0.030771658666753687
2022-10-16,-0.11408174807859228,-0.03519006488919447,-0.06639210106210122,0.004511037727670721,-0.015670252633040033,100,0.4562374334815882
2022-10-23,0.055494831195333987,0.005648904362072387,0.020202737292223088,-0.01153923175078773,0.04626891064664533,67,-0.3956128116651527
2022-10-30,0.005446470404869,-0.0069288701802008865,0.0239880121868489,-0.012035388363914132,0.03875942153966842,50,-0.28768207245178123
2022-11-06,0.08232613398675724,0.01986721826245634,0.028817504099826315,0.0018957269393137576,-0.03402743373457099,48,-0.04000533461369926
2022-11-13,0.04034852973657973,0.054397589161521806,-0.026522955460590275,-0.04227729451185576,0.05730438776538303,49,0.020202707317519497
2022-11-20,-0.03144175662390948,-0.00801617498636649,-0.09123468338845489,0.006003201463566969,-0.006933656238193792,42,-0.15082288973458358
2022-11-27,0.02117950985456685,0.0007988271478134814,-0.04660703918090407,-0.009112761858984469,0.01521153824908875,47,0.11000089521432876
2022-12-04,0.07258660226656707,0.02400654829367141,0.022932476312208724,-0.013396200699458152,0.011257428532237778,48,0.020619287202735315
2022-12-11,0.021343637229026134,0.001224235640868207,-0.11728650604690707,0.0024837088243475644,-0.034307311357619774,49,0.020202707317519497
2022-12-18,-0.016450732431092806,-0.004514918425091166,0.03790582020603243,-0.0010500751595955914,-0.021067303916566412,47,-0.04082199452025481
2022-12-25,0.026133891986540467,0.003290682784222877,0.05990987724629024,-0.0037318774462665005,-0.00195916980038942,48,0.020619287202735315
2023-01-01,0.004115387065788051,0.013165322867109853,0.023436337008249916,-0.00760241295787012,-0.00138465580872463,47,-0.020619287202735315
2023-01-08,-0.0016776703945812056,0.02416035494838724,-0.08931033597363715,0.003471562029881823,0.014372088533438963,44,-0.06453852113757153
2023-01-15,0.017023297685540246,0.028659537564991767,0.08195000279986915,-0.016304712445637207,0.02635261889359589,45,0.02197890671877545
2023-01-22,-0.01668755437279634,0.004161470788402154,0.027183427621343268,-0.001860779273149456,-0.0066435207582014955,47,0.04255961441879608
2023-01-29,-0.012796571950956135,0.0011413496294134032,-0.011130915154695296,-0.0007845624615147974,0.024357260064389378,53,0.11778303565638337
2023-02-05,-0.052038551331517205,-0.034659912016258225,-0.08071607474646075,0.009665663448199673,0.016064583387580864,52,-0.018692133012152556
2023-02-12,-0.013523431703423974,-5.366808062709786e-05,0.07759553748206041,0.006874867069895627,-0.011187756290773909,45,-0.1416505170630269
2023-02-19,-0.015550997051303595,-0.012097805773500832,-0.04003131350912295,0.0022170076004578943,-0.0027834777484262345,45,0.0
2023-02-26,-0.04179434095729928,-0.01731928358842044,0.0019258992301226378,0.012914499825443284,-0.027097765815651518,43,-0.04445176257083405
2023-03-05,0.013699856502520051,0.021277926976149917,0.031602110036912295,-0.006579935583500435,0.018863551412790894,46,0.06595796779179741
2023-03-12,-0.034632592290151795,0.007709582902341093,-0.0361821454893999,0.0005739377338431644,-0.04656069294636019,46,0.0
2023-03-19,0.09256239615144919,0.056280860686956216,-0.12613805706786888,-0.008353812494755532,0.014155077440349485,46,0.0
2023-03-26,0.03930502501314307,0.006224836862710375,0.027306328320062412,-0.005705148508133602,0.013781315468142546,44,-0.04348511193973881
2023-04-02,0.03503942226686854,-0.0066310767475532455,0.06179270901395318,-0.005933009631195989,0.03423971403194545,48,0.08515780834030684
2023-04-09,0.03865980739935139,0.02155376169089386,0.06491460602013022,-0.006753830157568505,-0.0010445257036779457,53,0.09716374845364806
2023-04-16,0.01581829143420456,-0.004833009731873017,0.013883380084574123,-0.0026552273988125724,0.00791499027381851,49,-0.07696104113612856
2023-04-23,-0.014700040651733082,-0.011402264051961148,-0.05538110720783878,0.0026552273988125897,-0.0009962610928691015,45,-0.08338160893905089
2023-04-30,-0.0021577146984957728,0.005340588898325463,-0.02630427944742484,-0.0014742891996952332,0.008661974172290664,42,-0.06744128079553269
2023-05-07,0.02932690063684991,0.013624689277970321,-0.05477987595598111,-0.004534699122295381,-0.00800174285715857,42,0.0
2023-05-14,-0.07044228106405141,-0.001438540091079055,-0.015120444272641094,0.01441980182005429,-0.002946596701408836,42,0.0
2023-05-21,-0.0030055333425357145,-0.01793098690987912,0.018831991086853718,0.005051464501120294,0.01633018780352291,42,0.0
2023-05-28,-0.02884001013688282,-0.017640906252956976,0.017964098477864718,0.00973926174276278,0.003208178243865355,42,0.0
2023-06-04,0.017192151060719762,0.004260265049068133,-0.010713451385321673,-0.0018249291460038812,0.018125272420412876,41,-0.023530497410193973
2023-06-11,0.02880746112009077,0.005006870327278885,-0.017758170795711885,-0.0044320247643873266,0.0038432174473461986,44,0.06899287148695121
2023-06-18,-0.010659031757517754,-0.00193844206057512,0.024043426050842417,-0.012241428519502265,0.0254318397136285,42,-0.04546237407675724
2023-06-25,-0.0753740459611356,-0.020271512381757048,-0.03669163618020429,0.005847954879724014,-0.013989797871328776,45,0.06744128079553269
2023-07-02,0.021357556285734006,0.001041612523439529,0.014117922579867305,9.719776479473867e-05,0.023197578149034483,42,-0.06744128079553269
2023-07-09,0.01228718334718686,0.0026511988512858717,0.04656249080029645,-0.006238513439858963,-0.011623538976567269,42,0.0
2023-07-16,0.07994946945650235,0.017446355098404382,0.017683945621768102,-0.02334652459468592,0.023915178636990397,43,0.022989518224698635
2023-07-23,-0.012713398844488659,0.002140492722293575,0.014912627917813632,0.011543525668112453,0.006839385961437714,43,0.0
2023-07-30,-0.013369364767919903,-0.0019874261089989883,0.04722060214018774,0.0054270501264314,0.010065289849274324,44,0.022472855852058604
2023-08-06,-0.03138608582770108,-0.010666792844971554,0.01460050501447082,0.003928446396565435,-0.023002605333679572,46,0.04348511193973881
2023-08-13,-0.040747932072656534,-0.013861325722572244,0.006587711890230808,0.008005507197793839,-0.0031267876153962108,49,0.06187540371808753
2023-08-20,0.0009257382876910851,-0.014109235808540004,-0.02342621549458936,0.005237146412152999,-0.021359745570788333,48,-0.020202707317519497
2023-08-27,0.06503408731299459,0.013167787607139797,-0.0037807190911864,0.006748358596946616,0.008204781600332695,52,0.0784716154414955
2023-09-03,0.0004953784333454692,0.014905920411112715,0.047052538998129695,0.0015360605261925217,0.024674301278624727,45,-0.1416505170630269
2023-09-10,-0.056886574995862464,-0.011093382131661228,0.02343855534099083,0.008121178706937314,-0.012989839366289344,43,-0.04445176257083405
2023-09-17,0.010169988741496412,0.002758871530221852,0.035543873221893514,0.002186240700361976,-0.0016099157161616029,45,0.04445176257083405
2023-09-24,0.020119732640666892,0.000883361494126955,-0.0070513505081913255,0.00246564500778402,-0.029706659594897638,44,-0.02197890671877545
2023-10-01,-0.05936463475813758,-0.040975679942508614,0.021636234586905403,0.005572589040752716,-0.0074372660114521375,62,0.33647223662121295
2023-10-08,-0.03180088560427091,-0.009732847279194877,-0.11943685764097567,-0.0012251757244231452,0.004757777097498887,53,-0.15415067982725805
2023-10-15,0.053641899204487996,0.051746733281866665,0.07195212372226906,0.0057360691700927184,0.00446484311859304,51,-0.03774032798284699
2023-10-22,0.027086189126031255,0.028186717424978698,0.013876259268608613,-0.004605034704626276,-0.024234197352219624,52,0.019048194970694432
2023-10-29,-0.025195902382896943,0.0030721867599599853,-0.018397367774757728,0.00376075936090075,-0.025605822987249904,53,0.018692133012152556
2023-11-05,0.01875149021965182,0.001457262352736019,-0.06377257534928718,-0.014557407635979028,0.056876576590804084,100,0.6261364702769852
2023-11-12,-0.043427647142547016,-0.030021889689245924,-0.041612534333218286,0.00796669595048502,0.012971030729936056,56,-0.5720692490067094
2023-11-19,0.06929591784108928,0.025038352922318072,-0.010121040359576788,-0.01945884473587721,0.022125867574946036,45,-0.2144098713454552
2023-11-26,0.021605412775077323,0.010341964743375422,-0.00037221638053058065,-0.004053650628234889,0.009989728565995868,49,0.08338160893905089
2023-12-03,0.04697018337908945,0.03378503079743768,-0.021322827012012158,-0.0012580916544433322,0.007710362814891229,49,0.0
2023-12-10,-0.10440667722514048,-0.0357347388735089,-0.039301865815169416,0.007140183726809787,0.002117673228620326,48,-0.020202707317519497
2023-12-17,0.038389895482563545,0.011345062033056994,0.0093183523104366,-0.014136554626624902,0.024631284303199805,41,-0.15415067982725805
2023-12-24,0.017442305196375463,0.017655365876072335,0.032389370253376404,-0.008323241230056986,0.007481693208946872,40,-0.02409755157906046
2023-12-31,-0.01815475825071399,0.002573034402936715,-0.026008752849608806,-0.003644737516623564,0.0031918257369949457,43,0.07061756721395307
2024-01-07,-0.03112548842049733,-0.009744706953252504,0.022080501520554106,0.010601864316201375,-0.015335529150804229,28,-0.4168938039317869
2024-01-14,0.0017284990555584108,0.0021031172475132437,-0.005985388280341383,-9.76723400718909e-05,0.018266345150604168,26,-0.07145896398214502
2024-01-21,-0.025847174498309578,-0.00991854906003857,0.0034427403553716224,0.008653847375632604,0.011633978635327022,25,-0.03774032798284699
2024-01-28,0.008119005995679116,-0.004798045983960789,0.0615826585982814,0.0017411525323107468,0.010515215883764459,20,-0.21357410029805912
2024-02-04,-0.0023758787965436463,0.00952408030281904,-0.07736328926813216,0.004339627327983448,0.013734740204217057,20,0.0
2024-02-11,-0.00765001123375875,-0.006306335469158739,0.060951667565432174,0.0015384970545164172,0.013620341485358966,21,0.04652001563489305
2024-02-18,0.039642291971688295,-0.005849153528219694,0.015453630622270764,0.00191972556227533,-0.004194516160202062,19,-0.09531017980432521
2024-02-25,-0.020255791799987776,0.013382573368573038,-0.022412936858593725,-0.003265744290380419,0.016490750722192034,19,0.0
2024-03-03,0.007849289325340448,0.023416378707480763,0.023370927939023064,-0.0007699887760578378,0.009442831862128078,20,0.04879016416943216
2024-03-10,0.050085266865634415,0.04300284900767933,-0.017750887836897534,-0.010842340046315112,-0.002609968704946034,20,0.0
2024-03-17,0.03476399387304876,-0.00982505106311233,0.038948831117230895,0.006693554093732363,-0.0012889835947148109,20,0.0
2024-03-24,-0.020364743125804014,0.00037078778798432636,0.0010540958878979985,0.009621935073490977,0.022624340059386062,18,-0.10008345855698275
2024-03-31,0.004243432135059889,0.027107044098921024,0.023712903446533654,0.0011484616503427561,0.0038460959186298626,28,0.4228568508200339
2024-04-07,0.09982028566976343,0.04768575368381792,0.04131564133055792,-0.0023940637979507308,-0.009563460690854847,35,0.21622310846963577
2024-04-14,0.030727403907914543,0.013029083107580209,-0.007928697411268587,0.016544998788467928,-0.015672599367525693,32,-0.08701137698962969
2024-04-21,0.019382742564749072,0.017751676542316113,-0.03556125886598218,0.0010368124693903456,-0.030957926745509522,28,-0.1292117314800061
2024-04-28,-0.05592998318458467,-0.02687555238825385,0.02500270604520974,-0.001980283362448303,0.026370352164700215,26,-0.07145896398214502
2024-05-05,-0.029656069781925753,-0.015452009479648006,-0.07588007239530617,-0.008626907149298497,0.005442085856672454,27,0.03636764417087468
2024-05-12,0.06691091553284526,0.0292758400579997,-0.002051260676359922,0.0026623461972021334,0.018335939004153454,26,-0.03636764417087468
2024-05-19,0.09352420534885925,0.018789088085806697,0.01427142301991548,-0.008199899424291906,0.015312901354694118,39,0.3930425881096071
2024-05-26,-0.02336489467460125,-0.03359852018548894,-0.022397089632369208,0.002581674473302587,0.00027341565923297154,32,-0.19237189264745602
2024-06-02,-0.0010885922613637772,-0.00412429070137262,-0.006107261968185004,-0.0004776068852768196,-0.005142679612681999,28,-0.1292117314800061
2024-06-09,-0.03226741575522801,-0.0076489436393457014,-0.02480901156020222,0.0020996497813478643,0.013079478425359217,28,0.0
2024-06-16,0.0022814026045296135,0.01130148421756526,0.036986463143864466,0.006272627052696197,0.01569993823145707,23,-0.1892419996385284
2024-06-23,0.005799067573912413,-0.006454689405341746,0.031218966956887306,0.002365745061549609,0.006060839439600904,22,-0.04255961441879608
2024-06-30,-0.011426767608961842,0.004866420398025197,0.01363267006487264,0.0006614040294660238,-0.0007579128575350715,25,0.12260232209233246
2024-07-07,0.07099065608361337,0.025784919238987215,0.0015032931420506667,-0.009395139030665405,0.01935373338311768,26,0.03774032798284699
2024-07-14,-0.016122673395472225,0.010619568827460351,-0.01760262433442297,-0.007560938922358521,0.008613508888274167,28,0.07145896398214502
2024-07-21,-0.059977300987643034,-0.007693145334299952,-0.028631343567988257,0.002973815719004171,-0.019847166500595655,43,0.4168938039317869
2024-07-28,-0.04313370517894642,-0.006491489657656431,-0.018320004920679773,-0.0007665948112750637,-0.008372811280765004,37,-0.14660347419187536
2024-08-04,0.013759874651405333,0.019019634716156093,-0.05471796432730175,-0.01069735654564899,-0.020830584488164793,37,0.0
2024-08-11,-0.027238717045918234,0.0026349994331508657,0.03643281549965942,-0.0006784560021994059,-0.00044896926228238664,34,-0.08223809823697215
2024-08-18,0.0458980542344775,0.0269754922672879,0.00025099338111580897,-0.006614813129517969,0.038558995331668955,34,0.0
2024-08-25,0.03442725879933642,0.003914446655060178,-0.008317674605191734,-0.017128067719734515,0.01436451006458205,28,-0.18805223150293937
2024-09-01,-0.03606175035678113,-0.0058373895948819875,-0.0027879069094447636,0.009682871191201887,0.002444391384089619,28,0.0
2024-09-08,-0.03265294115638913,-0.00012032515611628064,-0.10338847935581272,-0.0051261611671054195,-0.043415317921877306,28,0.0
2024-09-15,0.09890629200236786,0.034605820911707524,0.007710181306210225,-0.0006920727401389954,0.03944528445461394,30,0.06669137449867213
2024-09-22,0.015418525736610405,0.01484294491511098,0.03943012196797954,-0.003864637283957494,0.01351114051560299,30,0.0
2024-09-29,0.0109419229107731,0.009270286635209386,-0.034276510222184677,-0.0029830294832654306,0.006226921580973474,32,0.06252035698133396
2024-10-06,0.019137362740671914,0.0005670970350314031,0.0809613367735604,0.02069649637909204,0.0022455633357013026,36,0.11441035117774412
2024-10-13,-0.01910559326338511,0.0044500011218234865,0.01260437896122485,0.0036025817039530565,0.011060014193616243,39,0.0779615414697119
2024-10-20,0.046854554341232035,0.020889502735429468,-0.078673077072021,0.005814518582538826,0.008500293134096656,65,0.5007752879124889
2024-10-27,0.017138533915625864,0.009973298632121015,0.04011007088292867,0.007412830791234715,-0.009689242573923885,100,0.4254657748148345
2024-11-03,-0.03208381067911109,-0.0008394214152905685,-0.03956271295173275,0.0001917775298733592,-0.013750908025073685,55,-0.58976882610611
2024-11-10,-0.03703027371432302,-0.018835483121401615,0.01047848284006132,0.0068807727982363575,0.04550981538327323,51,-0.07410797215372211
2024-11-17,-0.032013068083824,-0.04638006661038493,-0.039063717150532265,0.01596710592902398,-0.021055595970877056,40,-0.23767165187711958
2024-11-24,0.030417381345648954,0.05468037096152723,0.05650907925912277,0.007470344024664318,0.016676072323963606,36,-0.1026541540600836
2024-12-01,-0.020131678201343484,-0.019714031027246975,-0.030114971978562558,-0.016414569506579265,0.010505264288612167,31,-0.1451820098444978
2024-12-08,0.016195384147448946,-0.0069491562995073535,-0.02526858902733474,0.002172816101439418,0.009550812278895478,30,-0.03174869831458027
2024-12-15,-0.01717349897020492,0.006572721136018346,0.046296229685469835,0.009672787755834284,-0.006454023638973548,30,0.0
2024-12-22,-0.032996472048568905,-0.01033182278229518,-0.02102764065813502,0.005777695120478751,-0.020070837124528663,27,-0.10178269430994247
2024-12-29,-0.00016856312006840608,-0.004384383475073154,0.01672251220923253,0.0035246975418346187,0.006720036697572925,28,0.03509131981127034
2025-01-05,0.005078938890462124,0.010566039953443468,0.03106174810349353,0.00875780625578196,-0.00476268684233492,8,-1.1700712526502546
2025-01-12,0.04220866814071957,0.023723910805553874,0.04160067327212151,0.006404455399799878,-0.019615748576220924,8,0.0
2025-01-19,-0.004513059788007171,0.013131075010418915,0.012831054386990436,-0.0027397556111070356,0.028693514184263167,9,0.10536051565782634
2025-01-26,0.002323572299765072,0.011953199193198332,-0.028754582035440884,-0.017621158230274,0.01728939400265198,9,0.0
2025-02-02,0.03499898478793327,0.01259451721110481,-0.022414925818868232,0.008618748340970095,-0.010000346749402011,10,0.09531017980432477
2025-02-09,0.006422333808714059,0.0192970699211866,-0.027739176432570612,-0.0030497858810091443,-0.002409900749246593,11,0.08701137698962969
2025-02-16,0.014308756138914308,0.005668709962648299,0.0010708729382558307,-0.013699494029134635,0.014602421068142572,10,-0.08701137698962969
2025-02-23,0.005321114174995501,0.018553407273209383,-0.0041563050031886714,0.00037527831822442375,-0.016738849034453527,10,0.0
2025-03-02,-0.054753197472770125,-0.03491628113738067,-0.016936926710722822,0.009336264196714919,-0.009798155932925854,9,-0.09531017980432477
2025-03-09,0.04168905372232835,0.023653424387142623,-0.03929723521721548,-0.035662368195253626,-0.0314404604130798,9,0.0
2025-03-16,0.04912952973252198,0.030447174785035135,0.003121915646039085,-0.0011562452492524982,-0.02301068161974125,11,0.18232155679395445
2025-03-23,-0.02658838379222097,0.007883338302037197,0.022139082314127926,0.003560901905552275,0.005062606167289572,9,-0.18232155679395445
2025-03-30,0.03986750044968606,0.022377151827396323,0.020166587573919308,-0.0004804249650185255,-0.015401489872290883,12,0.26236426446749084
2025-04-06,-0.1738367550096925,-0.024433452914166334,-0.11578171474070559,-0.009852337828036163,-0.0952119673848857,16,0.2682639865946794
2025-04-13,0.08893287888362064,0.06746003098344133,-0.012582637541117584,-0.03195536135323222,0.05544537576168444,11,-0.3483066942682158
2025-04-20,0.018554756416238688,0.02649100731948977,0.0482311215358536,-0.004016891661942107,-0.015153251240087692,11,0.0
2025-04-27,0.017398664632543248,-0.007980515846217158,-0.016168806192826565,0.0009052448993925308,0.04488388103659569,13,0.15415067982725805
2025-05-04,-0.03078202073972593,-0.015504663024600986,-0.0871337647040725,0.005314082551695741,0.0288035771620566,10,-0.24116205681688774
2025-05-11,0.021248719598822602,0.031522413556858905,0.04185912883937684,0.003394196571011051,-0.004716807188410784,10,0.0
2025-05-18,-0.0159795405791299,-0.04708265301102399,0.023199366685468167,0.007446790380635416,0.051390593746400905,9,-0.09531017980432477
2025-05-25,0.039151352451914555,0.05550192809426335,-0.009678313060759424,-0.01978082236279595,-0.026454636385177456,8,-0.10536051565782634
2025-06-01,-0.01658322004158324,-0.022458725336070344,-0.013677509636697963,0.002217308084377634,0.018587760639376047,10,0.2006706954621511
2025-06-08,0.09098376909049623,0.010224558060291416,0.03943135115555528,-0.001410431289986059,0.014887708007392647,11,0.08701137698962969
2025-06-15,0.007080955234781356,0.0321323492558278,0.11041768993464965,-0.010234695633097406,-0.0039056581086755306,10,-0.08701137698962969
2025-06-22,-0.008442041656339055,-0.018561223844738475,0.036766884937945866,0.005383717416640919,-0.00152875982576251,10,0.0
2025-06-29,0.0016940558913339284,-0.028427987342253255,-0.12781574167700097,-0.01336002284027954,0.03381122786853544,10,0.0
2025-07-06,0.020272154268316415,0.017801944267811187,0.007643786765652941,-0.0022612941965255134,0.017070232913404527,10,0.0
2025-07-13,0.05040091071205013,0.007027015534233051,0.029861572164592058,0.0068707461299520566,-0.0031262392782341426,12,0.16705408466316607
2025-07-20,-0.011781801202208089,-0.0008943211208682273,-0.01546868190972197,0.006417837715639176,0.005899737727851061,12,0.0
2025-07-27,-0.0014661543746111606,-0.005682683155489279,-0.012198761938125816,-0.008463843014974996,0.014481448646656635,12,0.0
2025-08-03,-0.036826775233597835,0.004100743963452218,0.01781229806399807,0.010593975973359432,-0.023860250896653997,14,0.14310084364067333
2025-08-10,0.04335557731290963,0.026936309351598003,-0.0452154216325583,-0.005181117183811584,0.023987039575366676,11,-0.2231435513142097
2025-08-17,-0.013707250407920315,-0.030437353147152044,-0.01117495611039605,-0.003366853490212057,0.009400869027521732,11,0.0
2025-08-24,0.028845709209871277,0.011445017305542236,0.02814985777302895,-0.0013294193666388184,0.0026493374276200816,12,0.08004270767353638
2025-08-31,0.030228490607286183,0.029002792445639768,0.005741633323968855,0.0005114883011876919,-0.001028901337553025,17,0.3254224004346278
2025-09-07,0.021508335262909614,0.03937349853205155,-0.03922075347304024,0.0,0.0032824366748478396,16,-0.05715841383994835
2025-09-14,0.0314663860644504,0.009968950981027756,0.02249317999017308,-0.0022526488294161264,0.015734549452025744,16,0.0
2025-09-21,0.0035090237696912,0.006037554148766513,-0.0046382601720647045,0.0009221409205625412,0.01208738998917336,22,0.3022808718729335
2025-09-28,0.08308349509270528,0.027879564766121117,0.05044556092535098,0.005209696995148306,-0.003104837891385651,31,0.33024168687057687
2025-10-05,0.029335481812457303,0.02756146785519441,-0.08322041035374873,-0.0043906773874824384,0.01079240932289403,48,0.4260843953108999
2025-10-12,-0.013942160526294269,0.024209782479712727,-0.028290418219629403,0.012811584557626253,-0.024613329350081738,100,0.7233002187306332
2025-10-19,0.06047169160221612,0.05242573098269784,-0.023223082376017123,-0.00557220469745653,0.016873223712803656,88,-0.12648414710912004
2025-10-26,-0.030274796226950656,-0.017212129285766115,0.0731285622329766,0.005269002465606871,0.018978427115076326,56,-0.4455851018975894
2025-11-02,-0.00794847916967383,-0.033630296571286446,-0.013281665851315443,0.008553572688991772,0.0071172021182248696,37,-0.4054651081081646
2025-11-09,0.0004790869960317198,0.004309907314838316,-0.02237853478588418,-0.0020060646256701464,-0.016420206886950492,33,-0.1112256351102241
2025-11-16,0.0521988520389004,0.02181369919572935,0.011873258040064335,-0.00331877248504736,0.0007888426796388663,29,-0.1251631429540061
2025-11-23,-0.014274135136038719,-0.002670199011710441,-0.02883221388247337,0.009125194190309507,-0.019663023075932356,27,-0.06899287148695166
2025-11-30,0.12380461759543965,0.034144331346447475,0.010178195036000396,-0.0072130268941331425,0.0365931616772018,33,0.19415601444095776
2025-12-07,0.03440813259383138,-0.0012809335016911757,0.008664870813897156,-0.0047367307301618014,0.0031065405676197477,38,0.13720112151348474
2025-12-14,0.049098196721298455,0.02048707747346985,-0.042130056655978014,-0.005977993786343179,-0.00627689930835851,41,0.07410797215372211
2025-12-21,0.08558578160224004,0.014154783392189335,-0.01069173291051504,0.002030426568037146,0.0010378994306603454,63,0.4212134650763031
2025-12-28,0.13473119365001174,0.03773018147614292,0.0028073367969092783,-0.005899740899178656,0.013867832089942694,96,0.4158278951437113
2026-01-04,-0.08070100105780258,-0.04856502341569274,0.001812350951705984,0.004072511599368554,-0.010366730582724176,25,-1.3166144404819007
2026-01-11,0.11157173570308349,0.039961228764433844,0.04174996129886476,0.007188075504601314,0.015596919411679297,30,0.17589066646366414
2026-01-18,0.11039195689196207,0.021611886971326186,0.012395186812898775,0.0026194065010031456,-0.003778153861168877,50,0.49783842823917945
2026-01-25,0.13600728709284438,0.08113522866285047,0.026922633286336744,-0.01817402105389705,-0.0035220261843166155,100,0.683294884116934
2026-02-01,-0.25395780436300674,-0.054151016639133985,0.07046929110090192,-0.0062696194048556895,0.0033808088519799366,97,-0.030153038170687374
2026-02-08,-0.020061957032798783,0.049114440725120216,-0.0380613807763695,0.006576936724831696,-0.0009703440399452702,37,-0.9473813189441866
2026-02-15,0.01443878117560122,0.014198249844871572,-0.004418314183480247,-0.007711724210532533,-0.013963998436007078,30,-0.2035989552412394
