date,High,Low
2014-12-10,27045.0,26892.0
2014-12-11,26894.0,26882.0
2014-12-12,26891.0,26884.0
2014-12-15,26962.0,26903.0
2014-12-16,26858.0,26820.0
2014-12-17,26922.0,26901.0
2014-12-18,26927.0,26820.0
2014-12-19,26802.0,26786.0
2014-12-22,26785.0,26784.0
2014-12-23,26569.0,26458.0
2014-12-24,26512.0,26507.0
2014-12-26,26895.0,26714.0
2014-12-29,26915.0,26869.0
2014-12-30,26757.0,26638.0
2014-12-31,26855.0,26774.0
2015-01-01,26654.0,26602.0
2015-01-02,26585.0,26539.0
2015-01-05,26840.0,26760.0
2015-01-06,27216.0,27079.0
2015-01-07,27141.0,27136.0
2015-01-08,26917.0,26818.0
2015-01-09,26782.0,26754.0
2015-01-12,26999.0,26905.0
2015-01-13,27167.0,27079.0
2015-01-14,27167.0,27167.0
2015-01-15,27259.0,26840.0
2015-01-16,27468.0,27440.0
2015-01-19,27730.0,27702.0
2015-01-20,27997.0,27778.0
2015-01-21,28168.0,28167.0
2015-01-22,27939.0,27932.0
2015-01-23,28025.0,28017.0
2015-01-27,27816.0,27775.0
2015-01-28,27967.0,27930.0
2015-01-29,27884.0,27821.0
2015-01-30,27630.0,27533.0
2015-02-02,27954.0,27907.0
2015-02-03,27955.0,27895.0
2015-02-04,27731.0,27682.0
2015-02-05,27818.0,27585.0
2015-02-06,27722.0,27666.0
2015-02-09,27343.0,27341.0
2015-02-10,27341.0,27295.0
2015-02-11,27276.0,27266.0
2015-02-12,27081.0,27073.0
2015-02-13,27125.0,27069.0
2015-02-16,27189.0,27188.0
2015-02-18,26730.0,26660.0
2015-02-19,26841.0,26771.0
2015-02-20,26698.0,26655.0
2015-02-23,26561.0,26429.0
2015-02-24,26512.0,26499.0
2015-02-25,26642.0,26547.0
2015-02-26,26571.0,26563.0
2015-02-27,26424.0,26309.0
2015-02-28,26559.0,26550.0
2015-03-02,26801.0,26745.0
2015-03-03,26553.0,26514.0
2015-03-04,26554.0,26508.0
2015-03-05,26557.0,26545.0
2015-03-09,26139.0,26113.0
2015-03-10,25985.0,25933.0
2015-03-11,25948.0,25882.0
2015-03-12,25867.0,25805.0
2015-03-13,25872.0,25812.0
2015-03-16,25902.0,25838.0
2015-03-17,25711.0,25646.0
2015-03-18,25596.0,25531.0
2015-03-19,25905.0,25810.0
2015-03-20,25925.0,25914.0
2015-03-23,26092.0,26056.0
2015-03-24,26231.0,26144.0
2015-03-25,26267.0,26200.0
2015-03-26,26720.0,26613.0
2015-03-27,26645.0,26484.0
2015-03-30,26341.0,26278.0
2015-03-31,26232.0,26158.0
2015-04-01,26195.0,26169.0
2015-04-06,26851.0,26804.0
2015-04-07,26771.0,26714.0
2015-04-08,26709.0,26697.0
2015-04-09,26424.0,26398.0
2015-04-10,26550.0,26398.0
2015-04-13,26609.0,26544.0
2015-04-15,26412.0,26378.0
2015-04-16,26654.0,26608.0
2015-04-17,26605.0,26525.0
2015-04-20,26730.0,26723.0
2015-04-21,26687.0,26616.0
2015-04-22,26751.0,26741.0
2015-04-23,26610.0,26556.0
2015-04-24,26780.0,26772.0
2015-04-27,26637.0,26632.0
2015-04-28,26924.0,26866.0
2015-04-29,26993.0,26991.0
2015-04-30,27047.0,27034.0
2015-05-05,26763.0,26762.0
2015-05-06,26892.0,26784.0
2015-05-07,26904.0,26795.0
2015-05-08,26858.0,26845.0
2015-05-11,26848.0,26787.0
2015-05-12,27100.0,26902.0
2015-05-13,27125.0,27041.0
2015-05-14,27414.0,27412.0
2015-05-15,27373.0,27252.0
2015-05-18,27596.0,27576.0
2015-05-19,27441.0,27430.0
2015-05-20,27253.0,27173.0
2015-05-21,27221.0,27212.0
2015-05-22,27225.0,27149.0
2015-05-25,27109.0,27066.0
2015-05-26,27032.0,27009.0
2015-05-27,26919.0,26890.0
2015-05-28,26862.0,26858.0
2015-05-29,26844.0,26843.0
2015-06-01,26827.0,26772.0
2015-06-02,26914.0,26847.0
2015-06-03,26936.0,26883.0
2015-06-04,26803.0,26798.0
2015-06-05,26619.0,26556.0
2015-06-08,26628.0,26622.0
2015-06-09,26731.0,26647.0
2015-06-10,26772.0,26725.0
2015-06-11,26745.0,26687.0
2015-06-12,26762.0,26700.0
2015-06-15,26769.0,26630.0
2015-06-16,26861.0,26846.0
2015-06-17,26685.0,26668.0
2015-06-18,26844.0,26721.0
2015-06-19,26916.0,26884.0
2015-06-22,26750.0,26716.0
2015-06-23,26569.0,26509.0
2015-06-24,26456.0,26448.0
2015-06-25,26371.0,26322.0
2015-06-26,26349.0,26328.0
2015-06-29,26626.0,26544.0
2015-06-30,26406.0,26356.0
2015-07-01,26301.0,26263.0
2015-07-02,26129.0,26042.0
2015-07-03,26148.0,26097.0
2015-07-06,26156.0,26086.0
2015-07-07,26091.0,26081.0
2015-07-08,25937.0,25798.0
2015-07-09,26041.0,26026.0
2015-07-10,26014.0,25998.0
2015-07-13,25956.0,25922.0
2015-07-14,25887.0,25858.0
2015-07-15,25890.0,25850.0
2015-07-16,25724.0,25708.0
2015-07-17,25749.0,25693.0
2015-07-20,25248.0,25241.0
2015-07-21,25059.0,25044.0
2015-07-22,24843.0,24828.0
2015-07-23,25010.0,24924.0
2015-07-24,24627.0,24599.0
2015-07-27,25050.0,24951.0
2015-07-28,24892.0,24800.0
2015-07-29,24855.0,24824.0
2015-07-30,24684.0,24657.0
2015-07-31,24620.0,24592.0
2015-08-03,24855.0,24830.0
2015-08-04,24696.0,24666.0
2015-08-05,24631.0,24590.0
2015-08-06,24585.0,24562.0
2015-08-07,24677.0,24668.0
2015-08-10,24798.0,24761.0
2015-08-11,25264.0,25011.0
2015-08-12,25597.0,25585.0
2015-08-13,25733.0,25710.0
2015-08-14,25690.0,25658.0
2015-08-17,25809.0,25804.0
2015-08-18,25919.0,25891.0
2015-08-19,25865.0,25853.0
2015-08-20,26351.0,26266.0
2015-08-21,26986.0,26802.0
2015-08-24,27166.0,27095.0
2015-08-25,27016.0,26700.0
2015-08-26,26700.0,26700.0
2015-08-27,26325.0,26245.0
2015-08-28,26371.0,26365.0
2015-08-31,26556.0,26542.0
2015-09-01,26718.0,26706.0
2015-09-02,26601.0,26585.0
2015-09-03,26432.0,26326.0
2015-09-04,26353.0,26325.0
2015-09-07,26422.0,26401.0
2015-09-08,26280.0,26271.0
2015-09-09,26232.0,26208.0
2015-09-10,26003.0,25952.0
2015-09-11,26003.0,26001.0
2015-09-14,25933.0,25902.0
2015-09-15,25951.0,25859.0
2015-09-16,25971.0,25893.0
2015-09-18,26377.0,26220.0
2015-09-21,26630.0,26393.0
2015-09-22,26177.0,26177.0
2015-09-23,26146.0,26126.0
2015-09-24,26424.0,26422.0
2015-09-28,26457.0,26334.0
2015-09-29,26219.0,26145.0
2015-09-30,26038.0,25979.0
2015-10-01,25754.0,25744.0
2015-10-05,26181.0,26127.0
2015-10-06,26242.0,26232.0
2015-10-07,26476.0,26343.0
2015-10-08,26247.0,26203.0
2015-10-09,26388.0,26217.0
2015-10-12,26620.0,26568.0
2015-10-13,26501.0,26469.0
2015-10-14,26846.0,26642.0
2015-10-15,26966.0,26934.0
2015-10-16,26954.0,26876.0
2015-10-19,26723.0,26711.0
2015-10-20,26852.0,26788.0
2015-10-21,26906.0,26895.0
2015-10-23,26764.0,26758.0
2015-10-26,26669.0,26635.0
2015-10-27,26652.0,26650.0
2015-10-28,26807.0,26802.0
2015-10-29,26654.0,26628.0
2015-10-30,26461.0,26388.0
2015-11-02,26396.0,26387.0
2015-11-03,26303.0,26232.0
2015-11-04,25982.0,25939.0
2015-11-05,25818.0,25803.0
2015-11-06,25887.0,25854.0
2015-11-09,25800.0,25798.0
2015-11-10,25764.0,25743.0
2015-11-13,25743.0,25743.0
2015-11-16,25715.0,25610.0
2015-11-17,25304.0,25263.0
2015-11-18,25184.0,25135.0
2015-11-19,25312.0,25240.0
2015-11-20,25488.0,25461.0
2015-11-23,25235.0,25225.0
2015-11-24,25296.0,25259.0
2015-11-26,25352.0,25338.0
2015-11-27,25285.0,25263.0
2015-11-30,25054.0,25049.0
2015-12-01,25253.0,25235.0
2015-12-02,25184.0,25164.0
2015-12-03,24895.0,24887.0
2015-12-04,25143.0,25143.0
2015-12-07,25547.0,25545.0
2015-12-08,25347.0,25315.0
2015-12-09,25505.0,25415.0
2015-12-10,25365.0,25324.0
2015-12-11,25274.0,25231.0
2015-12-14,25430.0,25344.0
2015-12-15,25255.0,25250.0
2015-12-16,25214.0,25193.0
2015-12-17,25204.0,25136.0
2015-12-18,24975.0,24954.0
2015-12-21,25221.0,25164.0
2015-12-22,25307.0,25307.0
2015-12-23,25222.0,25148.0
2015-12-28,25180.0,25153.0
2015-12-29,25258.0,25196.0
2015-12-30,25206.0,25144.0
2015-12-31,25014.0,24994.0
2016-01-01,25042.0,25019.0
2016-01-04,25292.0,25222.0
2016-01-05,25424.0,25419.0
2016-01-06,25648.0,25510.0
2016-01-07,25969.0,25887.0
2016-01-08,25923.0,25858.0
2016-01-11,26071.0,26003.0
2016-01-12,25884.0,25828.0
2016-01-13,25628.0,25576.0
2016-01-14,25576.0,25576.0
2016-01-15,25576.0,25576.0
2016-01-18,26056.0,26022.0
2016-01-19,25981.0,25976.0
2016-01-20,26264.0,26238.0
2016-01-21,26450.0,26334.0
2016-01-22,26227.0,26186.0
2016-01-25,26373.0,26269.0
2016-01-27,26742.0,26731.0
2016-01-28,26808.0,26774.0
2016-01-29,26627.0,26575.0
2016-02-01,26778.0,26738.0
2016-02-02,26867.0,26838.0
2016-02-03,27052.0,27013.0
2016-02-04,27242.0,27221.0
2016-02-05,27486.0,27317.0
2016-02-08,27789.0,27620.0
2016-02-09,28315.0,28199.0
2016-02-10,28199.0,28199.0
2016-02-11,28934.0,28521.0
2016-02-12,29388.0,29305.0
2016-02-15,28597.0,28459.0
2016-02-16,28654.0,28411.0
2016-02-17,28582.0,28473.0
2016-02-18,28560.0,28535.0
2016-02-19,28918.0,28903.0
2016-02-22,28778.0,28598.0
2016-02-23,28854.0,28840.0
2016-02-24,29154.0,29045.0
2016-02-25,29177.0,29154.0
2016-02-26,29187.0,29166.0
2016-02-29,29181.0,29094.0
2016-03-01,29184.0,29153.0
2016-03-02,28817.0,28800.0
2016-03-03,28977.0,28912.0
2016-03-04,29450.0,29322.0
2016-03-08,29455.0,29365.0
2016-03-09,29202.0,29080.0
2016-03-10,29080.0,29080.0
2016-03-11,29080.0,29080.0
2016-03-14,29080.0,29080.0
2016-03-15,29080.0,29080.0
2016-03-16,29080.0,29080.0
2016-03-17,29080.0,29080.0
2016-03-18,29080.0,29080.0
2016-03-21,29080.0,29080.0
2016-03-22,29080.0,29080.0
2016-03-23,29080.0,29080.0
2016-03-28,29080.0,29080.0
2016-03-29,29080.0,29080.0
2016-03-30,29080.0,29080.0
2016-03-31,29080.0,29080.0
2016-04-01,29080.0,29080.0
2016-04-04,29080.0,29080.0
2016-04-05,29080.0,29080.0
2016-04-06,29080.0,29080.0
2016-04-07,29080.0,29080.0
2016-04-08,29080.0,29080.0
2016-04-11,29080.0,29080.0
2016-04-12,29080.0,29080.0
2016-04-13,29045.0,28901.0
2016-04-18,29098.0,29054.0
2016-04-20,29244.0,29240.0
2016-04-21,29479.0,29474.0
2016-04-22,29320.0,29283.0
2016-04-25,29164.0,29110.0
2016-04-26,29118.0,29062.0
2016-04-27,29345.0,29304.0
2016-04-28,29501.0,29435.0
2016-04-29,29918.0,29898.0
2016-05-02,30209.0,30191.0
2016-05-03,30149.0,30136.0
2016-05-04,30022.0,29986.0
2016-05-05,29960.0,29925.0
2016-05-06,30003.0,29944.0
2016-05-09,29934.0,29909.0
2016-05-10,29784.0,29746.0
2016-05-11,29897.0,29885.0
2016-05-12,29770.0,29735.0
2016-05-13,29895.0,29880.0
2016-05-16,30010.0,29998.0
2016-05-17,29862.0,29861.0
2016-05-18,29878.0,29850.0
2016-05-19,29682.0,29667.0
2016-05-20,29729.0,29690.0
2016-05-23,29579.0,29555.0
2016-05-24,29544.0,29493.0
2016-05-25,29007.0,28980.0
2016-05-26,29092.0,29003.0
2016-05-27,28819.0,28802.0
2016-05-30,28408.0,28385.0
2016-05-31,28615.0,28605.0
2016-06-01,28761.0,28742.0
2016-06-02,28678.0,28660.0
2016-06-03,28616.0,28578.0
2016-06-06,29085.0,28996.0
2016-06-07,28956.0,28927.0
2016-06-08,29074.0,29069.0
2016-06-09,29154.0,29113.0
2016-06-10,29265.0,29167.0
2016-06-13,29496.0,29397.0
2016-06-14,29892.0,29828.0
2016-06-15,29924.0,29873.0
2016-06-16,30598.0,30515.0
2016-06-17,29939.0,29752.0
2016-06-20,29925.0,29856.0
2016-06-21,30084.0,29952.0
2016-06-22,29722.0,29680.0
2016-06-23,29714.0,29639.0
2016-06-24,30971.0,30823.0
2016-06-27,31248.0,30957.0
2016-06-28,30723.0,30698.0
2016-06-29,30885.0,30597.0
2016-06-30,30576.0,30539.0
2016-07-01,30980.0,30747.0
2016-07-04,31222.0,31046.0
2016-07-05,31153.0,31095.0
2016-07-07,31529.0,31462.0
2016-07-08,31228.0,31204.0
2016-07-11,31279.0,31242.0
2016-07-12,31156.0,31139.0
2016-07-13,31113.0,31012.0
2016-07-14,30825.0,30753.0
2016-07-15,30922.0,30889.0
2016-07-18,30840.0,30708.0
2016-07-19,30945.0,30851.0
2016-07-20,30819.0,30742.0
2016-07-21,30699.0,30671.0
2016-07-22,30807.0,30754.0
2016-07-25,30688.0,30684.0
2016-07-26,30764.0,30740.0
2016-07-27,30777.0,30720.0
2016-07-28,31078.0,31025.0
2016-07-29,30939.0,30938.0
2016-08-01,31076.0,31035.0
2016-08-02,31283.0,31206.0
2016-08-03,31446.0,31383.0
2016-08-04,31268.0,31182.0
2016-08-05,31285.0,31207.0
2016-08-08,30900.0,30876.0
2016-08-09,30895.0,30860.0
2016-08-10,31180.0,31117.0
2016-08-11,31225.0,31053.0
2016-08-12,31021.0,31018.0
2016-08-16,31295.0,31184.0
2016-08-17,31120.0,31073.0
2016-08-18,31073.0,31073.0
2016-08-19,31260.0,31252.0
2016-08-22,31267.0,31233.0
2016-08-23,31302.0,31280.0
2016-08-24,31291.0,31281.0
2016-08-25,31281.0,31281.0
2016-08-26,31066.0,31024.0
2016-08-29,30999.0,30961.0
2016-08-30,31014.0,31008.0
2016-08-31,30822.0,30814.0
2016-09-01,30790.0,30703.0
2016-09-02,30761.0,30743.0
2016-09-06,31030.0,30970.0
2016-09-07,31300.0,31278.0
2016-09-08,31274.0,31240.0
2016-09-09,31191.0,31122.0
2016-09-12,31212.0,31202.0
2016-09-14,31094.0,31073.0
2016-09-15,31151.0,31115.0
2016-09-16,30978.0,30920.0
2016-09-19,30998.0,30967.0
2016-09-20,31037.0,30982.0
2016-09-21,31106.0,31095.0
2016-09-22,31305.0,31263.0
2016-09-23,31316.0,31255.0
2016-09-26,31305.0,31270.0
2016-09-27,31227.0,31192.0
2016-09-28,31038.0,31009.0
2016-09-29,31101.0,31096.0
2016-09-30,31175.0,31166.0
2016-10-03,30940.0,30856.0
2016-10-04,30762.0,30725.0
2016-10-05,30033.0,30022.0
2016-10-06,29959.0,29905.0
2016-10-07,29783.0,29712.0
2016-10-10,29896.0,29863.0
2016-10-13,29940.0,29899.0
2016-10-14,29800.0,29752.0
2016-10-17,29738.0,29737.0
2016-10-18,29845.0,29841.0
2016-10-19,29957.0,29829.0
2016-10-20,30011.0,29986.0
2016-10-21,29950.0,29909.0
2016-10-24,29959.0,29929.0
2016-10-25,30008.0,30002.0
2016-10-26,30134.0,30095.0
2016-10-27,30079.0,30072.0
2016-10-28,30169.0,30049.0
2016-11-01,30049.0,30049.0
2016-11-02,30596.0,30551.0
2016-11-03,30590.0,30477.0
2016-11-04,30598.0,30528.0
2016-11-07,30441.0,30421.0
2016-11-08,30322.0,30292.0
2016-11-09,30292.0,30292.0
2016-11-10,30776.0,30648.0
2016-11-11,30395.0,30389.0
2016-11-15,30189.0,29949.0
2016-11-16,29929.0,29808.0
2016-11-17,29666.0,29613.0
2016-11-18,29354.0,29250.0
2016-11-21,29421.0,29368.0
2016-11-22,29420.0,29409.0
2016-11-23,29413.0,29391.0
2016-11-24,29013.0,28917.0
2016-11-25,28820.0,28701.0
2016-11-28,29017.0,28976.0
2016-11-29,28894.0,28891.0
2016-11-30,28858.0,28837.0
2016-12-01,28514.0,28356.0
2016-12-02,28476.0,28401.0
2016-12-05,28433.0,28233.0
2016-12-06,28274.0,28249.0
2016-12-07,28233.0,28199.0
2016-12-08,28190.0,28131.0
2016-12-09,28070.0,28033.0
2016-12-13,27853.0,27844.0
2016-12-14,27862.0,27857.0
2016-12-15,27494.0,27335.0
2016-12-16,27314.0,27305.0
2016-12-19,27410.0,27400.0
2016-12-20,27305.0,27280.0
2016-12-21,27343.0,27315.0
2016-12-22,27208.0,27172.0
2016-12-23,27273.0,27221.0
2016-12-26,27269.0,27259.0
2016-12-27,27562.0,27482.0
2016-12-28,27562.0,27532.0
2016-12-29,27693.0,27671.0
2016-12-30,27890.0,27830.0
2017-01-02,27858.0,27812.0
2017-01-03,27859.0,27791.0
2017-01-04,28092.0,28021.0
2017-01-05,28211.0,28159.0
2017-01-06,28302.0,28216.0
2017-01-09,28319.0,28233.0
2017-01-10,28507.0,28465.0
2017-01-11,28678.0,28621.0
2017-01-12,28891.0,28762.0
2017-01-13,28809.0,28767.0
2017-01-16,29098.0,29018.0
2017-01-17,29215.0,29176.0
2017-01-18,29203.0,29191.0
2017-01-19,29053.0,29036.0
2017-01-20,29132.0,29024.0
2017-01-23,29266.0,29259.0
2017-01-24,29259.0,29259.0
2017-01-25,29092.0,29080.0
2017-01-27,28696.0,28671.0
2017-01-30,28830.0,28820.0
2017-01-31,29042.0,29008.0
2017-02-01,29062.0,29030.0
2017-02-02,29207.0,29057.0
2017-02-03,28978.0,28977.0
2017-02-06,29104.0,29092.0
2017-02-07,29368.0,29305.0
2017-02-08,29376.0,29306.0
2017-02-09,29366.0,29344.0
2017-02-10,29015.0,28988.0
2017-02-13,29164.0,29161.0
2017-02-14,29115.0,29112.0
2017-02-15,29167.0,29042.0
2017-02-16,29341.0,29267.0
2017-02-17,29412.0,29357.0
2017-02-20,29289.0,29245.0
2017-02-21,29247.0,29171.0
2017-02-22,29309.0,29251.0
2017-02-23,29300.0,29248.0
2017-02-27,29661.0,29657.0
2017-02-28,29595.0,29591.0
2017-03-01,29464.0,29429.0
2017-03-02,29432.0,29397.0
2017-03-03,29193.0,29126.0
2017-03-06,29204.0,29176.0
2017-03-07,29011.0,28978.0
2017-03-08,28818.0,28802.0
2017-03-09,28662.0,28646.0
2017-03-10,28494.0,28430.0
2017-03-14,28345.0,28333.0
2017-03-15,28084.0,28026.0
2017-03-16,28491.0,28421.0
2017-03-17,28487.0,28475.0
2017-03-20,28549.0,28539.0
2017-03-21,28423.0,28412.0
2017-03-22,28821.0,28793.0
2017-03-23,28870.0,28821.0
2017-03-24,28787.0,28756.0
2017-03-27,28910.0,28905.0
2017-03-28,28834.0,28810.0
2017-03-29,28733.0,28711.0
2017-03-30,28708.0,28697.0
2017-03-31,28527.0,28495.0
2017-04-03,28706.0,28681.0
2017-04-05,28893.0,28817.0
2017-04-06,28839.0,28796.0
2017-04-07,28865.0,28845.0
2017-04-10,28751.0,28697.0
2017-04-11,28814.0,28733.0
2017-04-12,29173.0,29140.0
2017-04-13,29313.0,29213.0
2017-04-17,29403.0,29400.0
2017-04-18,29416.0,29323.0
2017-04-19,29341.0,29322.0
2017-04-20,29313.0,29249.0
2017-04-21,29320.0,29273.0
2017-04-24,29116.0,29076.0
2017-04-25,29010.0,28972.0
2017-04-26,28836.0,28722.0
2017-04-27,28804.0,28773.0
2017-04-28,28887.0,28832.0
2017-05-02,28639.0,28634.0
2017-05-03,28563.0,28561.0
2017-05-04,28199.0,28184.0
2017-05-05,28227.0,28173.0
2017-05-08,28161.0,28116.0
2017-05-09,28134.0,28100.0
2017-05-10,28097.0,28087.0
2017-05-11,27978.0,27970.0
2017-05-12,28066.0,28042.0
2017-05-15,28066.0,28042.0
2017-05-16,28063.0,28029.0
2017-05-17,28294.0,28207.0
2017-05-18,28871.0,28595.0
2017-05-19,28713.0,28659.0
2017-05-22,28673.0,28670.0
2017-05-23,28871.0,28853.0
2017-05-24,28701.0,28656.0
2017-05-25,28702.0,28682.0
2017-05-26,28782.0,28773.0
2017-05-29,28894.0,28846.0
2017-05-30,28930.0,28849.0
2017-05-31,28839.0,28733.0
2017-06-01,28843.0,28828.0
2017-06-02,28757.0,28666.0
2017-06-05,29083.0,29081.0
2017-06-06,29323.0,29262.0
2017-06-07,29327.0,29232.0
2017-06-08,29209.0,29161.0
2017-06-09,28916.0,28904.0
2017-06-12,28878.0,28845.0
2017-06-13,28808.0,28720.0
2017-06-14,28823.0,28822.0
2017-06-15,28703.0,28691.0
2017-06-16,28696.0,28657.0
2017-06-19,28574.0,28558.0
2017-06-20,28531.0,28513.0
2017-06-21,28587.0,28567.0
2017-06-22,28702.0,28697.0
2017-06-23,28753.0,28666.0
2017-06-27,28738.0,28703.0
2017-06-28,28797.0,28792.0
2017-06-29,28820.0,28782.0
2017-06-30,28808.0,28803.0
2017-07-03,28325.0,28292.0
2017-07-04,28150.0,28149.0
2017-07-05,28216.0,28066.0
2017-07-06,28150.0,28135.0
2017-07-07,28047.0,28009.0
2017-07-10,27745.0,27719.0
2017-07-11,27794.0,27772.0
2017-07-12,27889.0,27878.0
2017-07-13,27946.0,27936.0
2017-07-14,27850.0,27841.0
2017-07-17,28050.0,28036.0
2017-07-18,28188.0,28154.0
2017-07-19,28209.0,28198.0
2017-07-20,28205.0,28165.0
2017-07-21,28320.0,28313.0
2017-07-24,28539.0,28506.0
2017-07-25,28529.0,28423.0
2017-07-26,28332.0,28327.0
2017-07-27,28327.0,28327.0
2017-07-28,28443.0,28428.0
2017-07-31,28517.0,28513.0
2017-08-01,28584.0,28544.0
2017-08-02,28516.0,28467.0
2017-08-03,28401.0,28374.0
2017-08-04,28554.0,28539.0
2017-08-07,28554.0,28554.0
2017-08-08,28447.0,28403.0
2017-08-09,28560.0,28554.0
2017-08-10,28901.0,28847.0
2017-08-11,29002.0,28987.0
2017-08-14,28966.0,28901.0
2017-08-16,28730.0,28726.0
2017-08-17,29039.0,28989.0
2017-08-18,29134.0,29121.0
2017-08-21,28946.0,28944.0
2017-08-22,28919.0,28897.0
2017-08-23,28975.0,28922.0
2017-08-24,28920.0,28879.0
2017-08-28,29140.0,29109.0
2017-08-29,29680.0,29636.0
2017-08-30,29601.0,29472.0
2017-08-31,29456.0,29399.0
2017-09-01,29742.0,29733.0
2017-09-04,30259.0,30165.0
2017-09-05,30175.0,30151.0
2017-09-06,30238.0,30205.0
2017-09-07,30164.0,30133.0
2017-09-08,30415.0,30388.0
2017-09-11,30092.0,30011.0
2017-09-12,29977.0,29876.0
2017-09-13,30001.0,29977.0
2017-09-14,29972.0,29970.0
2017-09-15,30048.0,29925.0
2017-09-18,29723.0,29704.0
2017-09-19,29661.0,29610.0
2017-09-20,29753.0,29708.0
2017-09-21,29576.0,29485.0
2017-09-22,29703.0,29551.0
2017-09-25,29713.0,29496.0
2017-09-26,30190.0,30127.0
2017-09-27,29921.0,29828.0
2017-09-28,29667.0,29591.0
2017-09-29,29692.0,29620.0
2017-10-03,29434.0,29423.0
2017-10-04,29433.0,29428.0
2017-10-05,29405.0,29362.0
2017-10-06,29337.0,29307.0
2017-10-09,29594.0,29594.0
2017-10-10,29732.0,29703.0
2017-10-11,29668.0,29659.0
2017-10-12,29758.0,29732.0
2017-10-13,29746.0,29675.0
2017-10-16,29868.0,29834.0
2017-10-17,29708.0,29671.0
2017-10-18,29611.0,29597.0
2017-10-19,29611.0,29611.0
2017-10-20,29611.0,29611.0
2017-10-23,29611.0,29611.0
2017-10-24,29611.0,29611.0
2017-10-25,29430.0,29372.0
2017-10-26,29466.0,29393.0
2017-10-27,29258.0,29255.0
2017-10-30,29269.0,29224.0
2017-10-31,29347.0,29333.0
2017-11-01,29264.0,29167.0
2017-11-02,29240.0,29206.0
2017-11-03,29178.0,29167.0
2017-11-06,29123.0,29102.0
2017-11-07,29312.0,29285.0
2017-11-08,29382.0,29338.0
2017-11-09,29391.0,29382.0
2017-11-10,29501.0,29469.0
2017-11-13,29514.0,29450.0
2017-11-14,29490.0,29397.0
2017-11-15,29544.0,29517.0
2017-11-16,29445.0,29426.0
2017-11-17,29461.0,29390.0
2017-11-20,29634.0,29612.0
2017-11-21,29453.0,29434.0
2017-11-22,29429.0,29372.0
2017-11-23,29499.0,29484.0
2017-11-24,29510.0,29447.0
2017-11-27,29484.0,29469.0
2017-11-28,29453.0,29443.0
2017-11-29,29455.0,29441.0
2017-11-30,29260.0,29236.0
2017-12-01,29176.0,29142.0
2017-12-04,29095.0,29086.0
2017-12-05,29078.0,29068.0
2017-12-06,28977.0,28934.0
2017-12-07,28788.0,28742.0
2017-12-08,28577.0,28492.0
2017-12-11,28535.0,28524.0
2017-12-12,28486.0,28443.0
2017-12-13,28446.0,28411.0
2017-12-14,28411.0,28411.0
2017-12-15,28585.0,28549.0
2017-12-18,28555.0,28519.0
2017-12-19,28631.0,28629.0
2017-12-20,28630.0,28607.0
2017-12-21,28676.0,28645.0
2017-12-22,28686.0,28677.0
2017-12-26,28890.0,28883.0
2017-12-27,29092.0,29024.0
2017-12-28,29250.0,29240.0
2017-12-29,29260.0,29252.0
2018-01-01,29363.0,29358.0
2018-01-02,29407.0,29374.0
2018-01-03,29434.0,29398.0
2018-01-04,29341.0,29301.0
2018-01-05,29454.0,29443.0
2018-01-08,29492.0,29449.0
2018-01-09,29499.0,29488.0
2018-01-10,29563.0,29447.0
2018-01-11,29612.0,29606.0
2018-01-12,29838.0,29739.0
2018-01-15,29838.0,29838.0
2018-01-16,30073.0,30056.0
2018-01-17,30094.0,30077.0
2018-01-18,29891.0,29891.0
2018-01-19,29958.0,29854.0
2018-01-22,29968.0,29965.0
2018-01-23,30067.0,30058.0
2018-01-24,30239.0,30161.0
2018-01-25,30551.0,30489.0
2018-01-29,30223.0,30182.0
2018-01-30,30305.0,30173.0
2018-01-31,30235.0,30207.0
2018-02-01,30286.0,30266.0
2018-02-02,30474.0,30452.0
2018-02-05,30267.0,30163.0
2018-02-06,30433.0,30413.0
2018-02-07,30185.0,30182.0
2018-02-08,29881.0,29869.0
2018-02-09,30070.0,30007.0
2018-02-12,30098.0,30063.0
2018-02-14,30250.0,30200.0
2018-02-15,30542.0,30521.0
2018-02-16,30693.0,30613.0
2018-02-19,30657.0,30635.0
2018-02-20,30567.0,30543.0
2018-02-21,30398.0,30393.0
2018-02-22,30399.0,30384.0
2018-02-23,30390.0,30389.0
2018-02-26,30573.0,30566.0
2018-02-27,30505.0,30496.0
2018-02-28,30398.0,30342.0
2018-03-01,30294.0,30269.0
2018-03-02,30269.0,30269.0
2018-03-05,30488.0,30481.0
2018-03-06,30438.0,30382.0
2018-03-07,30565.0,30558.0
2018-03-08,30459.0,30411.0
2018-03-09,30369.0,30313.0
2018-03-12,30353.0,30271.0
2018-03-13,30282.0,30238.0
2018-03-14,30418.0,30375.0
2018-03-15,30370.0,30320.0
2018-03-16,30299.0,30202.0
2018-03-19,30154.0,30112.0
2018-03-20,30258.0,30251.0
2018-03-21,30300.0,30231.0
2018-03-22,30495.0,30465.0
2018-03-23,30759.0,30700.0
2018-03-26,30756.0,30714.0
2018-03-27,30718.0,30713.0
2018-03-28,30672.0,30630.0
2018-04-02,30532.0,30443.0
2018-04-03,30790.0,30684.0
2018-04-04,30844.0,30626.0
2018-04-05,30491.0,30488.0
2018-04-06,30475.0,30396.0
2018-04-09,30526.0,30525.0
2018-04-10,30624.0,30556.0
2018-04-11,31023.0,30883.0
2018-04-12,31121.0,31013.0
2018-04-13,30874.0,30785.0
2018-04-16,31059.0,31049.0
2018-04-17,31212.0,31099.0
2018-04-18,31276.0,31192.0
2018-04-19,31359.0,31305.0
2018-04-20,31298.0,31289.0
2018-04-23,31238.0,31213.0
2018-04-24,31160.0,31131.0
2018-04-25,31304.0,31288.0
2018-04-26,31289.0,31282.0
2018-04-27,31190.0,31140.0
2018-04-30,31033.0,31029.0
2018-05-02,30922.0,30918.0
2018-05-03,30905.0,30878.0
2018-05-04,31003.0,30973.0
2018-05-07,31191.0,31172.0
2018-05-08,31130.0,31082.0
2018-05-09,31173.0,31143.0
2018-05-10,31261.0,31197.0
2018-05-11,31379.0,31323.0
2018-05-14,31427.0,31302.0
2018-05-15,31342.0,31219.0
2018-05-16,30994.0,30954.0
2018-05-17,30842.0,30826.0
2018-05-18,30959.0,30921.0
2018-05-21,30881.0,30856.0
2018-05-22,31065.0,30968.0
2018-05-23,31176.0,31035.0
2018-05-24,31187.0,31164.0
2018-05-25,31326.0,31171.0
2018-05-28,30901.0,30876.0
2018-05-29,31185.0,31034.0
2018-05-30,30932.0,30924.0
2018-05-31,31036.0,31026.0
2018-06-01,30808.0,30764.0
2018-06-04,30716.0,30586.0
2018-06-05,30673.0,30623.0
2018-06-06,30755.0,30660.0
2018-06-07,30725.0,30690.0
2018-06-08,31027.0,30843.0
2018-06-11,30810.0,30781.0
2018-06-12,30858.0,30720.0
2018-06-13,30825.0,30385.0
2018-06-14,31049.0,30824.0
2018-06-15,31081.0,31068.0
2018-06-18,30696.0,30693.0
2018-06-19,30775.0,30757.0
2018-06-20,30629.0,30589.0
2018-06-21,30456.0,30437.0
2018-06-22,30484.0,30439.0
2018-06-25,30540.0,30516.0
2018-06-26,30462.0,30394.0
2018-06-27,30536.0,30475.0
2018-06-28,30542.0,30488.0
2018-06-29,30388.0,30341.0
2018-07-02,30348.0,30328.0
2018-07-03,30282.0,30195.0
2018-07-04,30510.0,30461.0
2018-07-05,30500.0,30467.0
2018-07-06,30540.0,30539.0
2018-07-09,30622.0,30570.0
2018-07-10,30510.0,30399.0
2018-07-11,30426.0,30403.0
2018-07-12,30154.0,30147.0
2018-07-13,30148.0,30080.0
2018-07-16,30180.0,30172.0
2018-07-17,30044.0,30023.0
2018-07-18,29732.0,29729.0
2018-07-19,29837.0,29742.0
2018-07-20,29849.0,29810.0
2018-07-23,29948.0,29907.0
2018-07-24,29897.0,29805.0
2018-07-25,29904.0,29895.0
2018-07-26,29898.0,29869.0
2018-07-27,29779.0,29722.0
2018-07-30,29773.0,29752.0
2018-07-31,29726.0,29660.0
2018-08-01,29664.0,29648.0
2018-08-02,29577.0,29549.0
2018-08-03,29428.0,29409.0
2018-08-06,29498.0,29491.0
2018-08-07,29521.0,29515.0
2018-08-08,29469.0,29418.0
2018-08-09,29489.0,29486.0
2018-08-10,29477.0,29467.0
2018-08-13,29674.0,29666.0
2018-08-14,29541.0,29516.0
2018-08-16,29361.0,29302.0
2018-08-17,29361.0,29361.0
2018-08-20,29381.0,29354.0
2018-08-21,29529.0,29511.0
2018-08-23,29575.0,29530.0
2018-08-24,29565.0,29561.0
2018-08-27,29869.0,29858.0
2018-08-28,30097.0,30048.0
2018-08-29,30048.0,30002.0
2018-08-30,30099.0,30095.0
2018-08-31,30226.0,30173.0
2018-09-03,30226.0,30226.0
2018-09-04,30191.0,30130.0
2018-09-05,30274.0,30250.0
2018-09-06,30535.0,30378.0
2018-09-07,30449.0,30402.0
2018-09-10,30402.0,30402.0
2018-09-11,30605.0,30499.0
2018-09-12,30626.0,30478.0
2018-09-14,30558.0,30487.0
2018-09-17,30614.0,30585.0
2018-09-18,30737.0,30652.0
2018-09-19,30766.0,30722.0
2018-09-21,30697.0,30633.0
2018-09-24,30664.0,30635.0
2018-09-25,30754.0,30728.0
2018-09-26,30699.0,30672.0
2018-09-27,30590.0,30575.0
2018-09-28,30298.0,30296.0
2018-10-01,30499.0,30494.0
2018-10-03,30997.0,30947.0
2018-10-04,31067.0,31057.0
2018-10-05,31216.0,31032.0
2018-10-08,31185.0,31156.0
2018-10-09,31071.0,31049.0
2018-10-10,31044.0,31021.0
2018-10-11,31310.0,31207.0
2018-10-12,31565.0,31539.0
2018-10-15,31892.0,31783.0
2018-10-16,31869.0,31799.0
2018-10-17,31722.0,31614.0
2018-10-19,31742.0,31706.0
2018-10-22,31628.0,31607.0
2018-10-23,31909.0,31860.0
2018-10-24,31727.0,31692.0
2018-10-25,31841.0,31736.0
2018-10-26,31868.0,31791.0
2018-10-29,31790.0,31784.0
2018-10-30,31754.0,31688.0
2018-10-31,31735.0,31698.0
2018-11-01,31723.0,31697.0
2018-11-02,31622.0,31565.0
2018-11-05,31757.0,31739.0
2018-11-06,31773.0,31662.0
2018-11-09,31773.0,31773.0
2018-11-12,31206.0,31200.0
2018-11-13,31007.0,30898.0
2018-11-14,30763.0,30759.0
2018-11-15,30975.0,30906.0
2018-11-16,30912.0,30864.0
2018-11-19,30966.0,30918.0
2018-11-20,30913.0,30865.0
2018-11-21,30862.0,30810.0
2018-11-22,30903.0,30834.0
2018-11-26,30705.0,30669.0
2018-11-27,30673.0,30648.0
2018-11-28,30418.0,30394.0
2018-11-29,30375.0,30360.0
2018-11-30,30269.0,30240.0
2018-12-03,30664.0,30526.0
2018-12-04,30945.0,30825.0
2018-12-05,30855.0,30820.0
2018-12-06,31097.0,30987.0
2018-12-07,31050.0,30922.0
2018-12-10,31451.0,31423.0
2018-12-11,31621.0,31616.0
2018-12-12,31581.0,31577.0
2018-12-13,31431.0,31410.0
2018-12-14,31374.0,31363.0
2018-12-17,31302.0,31287.0
2018-12-18,31292.0,31205.0
2018-12-19,31043.0,30975.0
2018-12-20,31040.0,30931.0
2018-12-21,31115.0,31114.0
2018-12-24,31254.0,31190.0
2018-12-26,31452.0,31411.0
2018-12-27,31513.0,31436.0
2018-12-28,31587.0,31547.0
2018-12-31,31566.0,31504.0
2019-01-01,31531.0,31523.0
2019-01-02,31792.0,31575.0
2019-01-03,31997.0,31883.0
2019-01-04,31825.0,31769.0
2019-01-07,31764.0,31629.0
2019-01-08,31734.0,31722.0
2019-01-09,31863.0,31849.0
2019-01-10,32157.0,32116.0
2019-01-11,32117.0,32091.0
2019-01-14,32117.0,32117.0
2019-01-15,32117.0,32117.0
2019-01-16,32385.0,32351.0
2019-01-17,32477.0,32396.0
2019-01-18,32402.0,32276.0
2019-01-21,32291.0,32154.0
2019-01-22,32324.0,32218.0
2019-01-23,32341.0,32295.0
2019-01-24,32255.0,32226.0
2019-01-25,32303.0,32262.0
2019-01-28,32691.0,32688.0
2019-01-29,32862.0,32807.0
2019-01-30,33094.0,33000.0
2019-01-31,33209.0,33082.0
2019-02-01,33262.0,33158.0
2019-02-04,33229.0,33226.0
2019-02-05,33281.0,33239.0
2019-02-06,33210.0,33209.0
2019-02-07,33000.0,32964.0
2019-02-08,33043.0,33005.0
2019-02-11,33009.0,32913.0
2019-02-12,32891.0,32885.0
2019-02-13,32855.0,32795.0
2019-02-14,32845.0,32824.0
2019-02-15,33193.0,33136.0
2019-02-18,33396.0,33371.0
2019-02-19,33519.0,33447.0
2019-02-20,33730.0,33693.0
2019-02-21,33580.0,33531.0
2019-02-22,33317.0,33252.0
2019-02-25,33373.0,33326.0
2019-02-26,33322.0,33264.0
2019-02-27,33418.0,33367.0
2019-02-28,33250.0,33143.0
2019-03-01,32906.0,32819.0
2019-03-05,32320.0,32138.0
2019-03-06,32262.0,32174.0
2019-03-07,31982.0,31952.0
2019-03-08,32134.0,32123.0
2019-03-11,32181.0,32110.0
2019-03-12,32033.0,31994.0
2019-03-13,32225.0,32204.0
2019-03-14,32159.0,31960.0
2019-03-15,31966.0,31963.0
2019-03-18,31725.0,31716.0
2019-03-19,31952.0,31784.0
2019-03-20,31816.0,31812.0
2019-03-22,32007.0,31835.0
2019-03-25,32056.0,32054.0
2019-03-26,32044.0,31987.0
2019-03-27,32067.0,32033.0
2019-03-28,31918.0,31854.0
2019-03-29,31601.0,31500.0
2019-04-01,31647.0,31643.0
2019-04-02,31518.0,31499.0
2019-04-03,31454.0,31397.0
2019-04-04,31557.0,31505.0
2019-04-05,31615.0,31539.0
2019-04-08,31930.0,31852.0
2019-04-09,31886.0,31882.0
2019-04-10,31907.0,31889.0
2019-04-11,31847.0,31770.0
2019-04-12,31689.0,31673.0
2019-04-15,31574.0,31536.0
2019-04-16,31641.0,31635.0
2019-04-18,31394.0,31369.0
2019-04-22,31561.0,31560.0
2019-04-23,31560.0,31560.0
2019-04-24,31501.0,31496.0
2019-04-25,31794.0,31645.0
2019-04-26,31845.0,31764.0
2019-04-30,31770.0,31723.0
2019-05-02,31402.0,31310.0
2019-05-03,31255.0,31220.0
2019-05-06,31545.0,31490.0
2019-05-07,31496.0,31471.0
2019-05-08,31776.0,31676.0
2019-05-09,31742.0,31730.0
2019-05-10,31751.0,31714.0
2019-05-13,31961.0,31898.0
2019-05-14,32273.0,32245.0
2019-05-15,32243.0,32167.0
2019-05-16,32195.0,32051.0
2019-05-17,31922.0,31911.0
2019-05-20,31550.0,31457.0
2019-05-21,31540.0,31527.0
2019-05-22,31504.0,31499.0
2019-05-23,31699.0,31501.0
2019-05-24,31658.0,31591.0
2019-05-27,31708.0,31663.0
2019-05-28,31710.0,31694.0
2019-05-29,31814.0,31802.0
2019-05-30,31674.0,31649.0
2019-05-31,32056.0,31994.0
2019-06-03,32217.0,32206.0
2019-06-04,32434.0,32407.0
2019-06-06,32611.0,32528.0
2019-06-07,32607.0,32507.0
2019-06-10,32527.0,32458.0
2019-06-11,32391.0,32331.0
2019-06-12,32590.0,32579.0
2019-06-13,32632.0,32631.0
2019-06-14,33061.0,33012.0
2019-06-17,32772.0,32733.0
2019-06-18,32918.0,32914.0
2019-06-19,32850.0,32843.0
2019-06-20,33582.0,33520.0
2019-06-21,33909.0,33848.0
2019-06-24,34041.0,33998.0
2019-06-25,34481.0,34329.0
2019-06-26,33997.0,33885.0
2019-06-27,33849.0,33834.0
2019-06-28,34006.0,33947.0
2019-07-01,33549.0,33524.0
2019-07-02,33577.0,33574.0
2019-07-03,34191.0,34134.0
2019-07-04,34134.0,34134.0
2019-07-05,34655.0,34571.0
2019-07-08,34514.0,34437.0
2019-07-09,34187.0,34075.0
2019-07-10,34189.0,34101.0
2019-07-11,34633.0,34575.0
2019-07-12,34441.0,34407.0
2019-07-15,34558.0,34498.0
2019-07-16,34583.0,34542.0
2019-07-17,34428.0,34428.0
2019-07-18,34709.0,34709.0
2019-07-19,35091.0,35091.0
2019-07-22,34932.0,34932.0
2019-07-23,34852.0,34792.0
2019-07-24,34897.0,34858.0
2019-07-25,34943.0,34901.0
2019-07-26,34794.0,34781.0
2019-07-29,34730.0,34727.0
2019-07-30,34801.0,34757.0
2019-07-31,34805.0,34753.0
2019-08-01,34572.0,34532.0
2019-08-02,35341.0,35295.0
2019-08-05,36289.0,36140.0
2019-08-06,36463.0,36386.0
2019-08-07,37039.0,36970.0
2019-08-08,37244.0,37047.0
2019-08-09,37270.0,37190.0
2019-08-13,37799.0,37739.0
2019-08-14,37574.0,37243.0
2019-08-16,37466.0,37418.0
2019-08-19,37512.0,37469.0
2019-08-20,37688.0,37571.0
2019-08-21,37550.0,37520.0
2019-08-22,37668.0,37611.0
2019-08-23,37620.0,37599.0
2019-08-26,38578.0,38521.0
2019-08-27,38523.0,38404.0
2019-08-28,38795.0,38714.0
2019-08-29,38895.0,38743.0
2019-08-30,38452.0,38405.0
2019-09-03,39007.0,38921.0
2019-09-04,39045.0,39011.0
2019-09-05,39142.0,39006.0
2019-09-06,38257.0,38185.0
2019-09-09,38254.0,38083.0
2019-09-11,37943.0,37902.0
2019-09-12,37688.0,37669.0
2019-09-13,37592.0,37540.0
2019-09-16,37780.0,37757.0
2019-09-17,37855.0,37726.0
2019-09-18,37585.0,37542.0
2019-09-19,37456.0,37344.0
2019-09-20,37399.0,37390.0
2019-09-23,37743.0,37642.0
2019-09-24,37771.0,37720.0
2019-09-25,38006.0,37967.0
2019-09-26,37622.0,37496.0
2019-09-27,37614.0,37481.0
2019-09-30,37572.0,37475.0
2019-10-01,37201.0,36968.0
2019-10-03,37919.0,37813.0
2019-10-04,38151.0,38067.0
2019-10-07,38110.0,38043.0
2019-10-09,38311.0,38179.0
2019-10-10,38361.0,38305.0
2019-10-11,38233.0,38154.0
2019-10-14,38386.0,38140.0
2019-10-15,38534.0,38333.0
2019-10-16,38269.0,38203.0
2019-10-17,38318.0,38227.0
2019-10-18,38246.0,38241.0
2019-10-22,38192.0,38173.0
2019-10-23,38295.0,38273.0
2019-10-24,38295.0,38281.0
2019-10-25,38630.0,38587.0
2019-10-29,38630.0,38630.0
2019-10-30,38630.0,38630.0
2019-10-31,38650.0,38378.0
2019-11-01,38725.0,38703.0
2019-11-04,38692.0,38652.0
2019-11-05,38602.0,38565.0
2019-11-06,38304.0,38265.0
2019-11-07,38401.0,38180.0
2019-11-08,38011.0,37919.0
2019-11-11,37993.0,37945.0
2019-11-13,38205.0,38011.0
2019-11-14,38217.0,38187.0
2019-11-15,38096.0,38031.0
2019-11-18,37985.0,37931.0
2019-11-19,38236.0,38069.0
2019-11-20,38305.0,38242.0
2019-11-21,38142.0,38096.0
2019-11-22,38157.0,38092.0
2019-11-25,37862.0,37835.0
2019-11-26,37799.0,37767.0
2019-11-27,37751.0,37743.0
2019-11-28,37771.0,37758.0
2019-11-29,37887.0,37876.0
2019-12-02,37884.0,37795.0
2019-12-03,38062.0,37858.0
2019-12-04,38356.0,38162.0
2019-12-05,38161.0,38042.0
2019-12-06,38032.0,37990.0
2019-12-09,37651.0,37650.0
2019-12-10,37590.0,37567.0
2019-12-11,37631.0,37564.0
2019-12-12,37763.0,37702.0
2019-12-13,37691.0,37533.0
2019-12-16,37891.0,37863.0
2019-12-17,37936.0,37881.0
2019-12-18,37955.0,37943.0
2019-12-19,37899.0,37882.0
2019-12-20,38024.0,37957.0
2019-12-23,38128.0,38126.0
2019-12-24,38297.0,38277.0
2019-12-26,38641.0,38627.0
2019-12-27,38791.0,38697.0
2019-12-30,38880.0,38806.0
2019-12-31,39095.0,39076.0
2020-01-01,38995.0,38977.0
2020-01-02,39068.0,39035.0
2020-01-03,39948.0,39730.0
2020-01-06,40678.0,40624.0
2020-01-07,40372.0,40338.0
2020-01-08,40977.0,40694.0
2020-01-09,39785.0,39706.0
2020-01-10,39692.0,39607.0
2020-01-13,39671.0,39602.0
2020-01-14,39602.0,39602.0
2020-01-15,39602.0,39602.0
2020-01-16,39727.0,39643.0
2020-01-17,39804.0,39774.0
2020-01-20,39959.0,39947.0
2020-01-21,40004.0,39851.0
2020-01-22,39912.0,39832.0
2020-01-23,39902.0,39872.0
2020-01-24,40002.0,39992.0
2020-01-27,40638.0,40487.0
2020-01-28,40456.0,40433.0
2020-01-29,40312.0,40230.0
2020-01-30,40717.0,40699.0
2020-01-31,40694.0,40592.0
2020-02-01,40694.0,40694.0
2020-02-03,40704.0,40703.0
2020-02-04,40492.0,40471.0
2020-02-05,40271.0,40059.0
2020-02-06,40406.0,40271.0
2020-02-07,40556.0,40391.0
2020-02-10,40589.0,40567.0
2020-02-11,40468.0,40465.0
2020-02-12,40467.0,40392.0
2020-02-13,40654.0,40619.0
2020-02-14,40676.0,40662.0
2020-02-17,40854.0,40728.0
2020-02-18,40976.0,40911.0
2020-02-19,41491.0,41386.0
2020-02-20,41590.0,41493.0
2020-02-24,43392.0,43041.0
2020-02-25,42717.0,42306.0
2020-02-26,42530.0,42481.0
2020-02-27,42451.0,42381.0
2020-02-28,42352.0,42310.0
2020-03-02,42232.0,41770.0
2020-03-03,42315.0,42009.0
2020-03-04,43146.0,43111.0
2020-03-05,43294.0,43082.0
2020-03-06,44315.0,43975.0
2020-03-09,43915.0,43750.0
2020-03-11,43427.0,43366.0
2020-03-12,43228.0,43140.0
2020-03-13,41859.0,41827.0
2020-03-16,41018.0,39867.0
2020-03-17,40063.0,39741.0
2020-03-18,40775.0,40649.0
2020-03-19,40618.0,40395.0
2020-03-20,41125.0,41125.0
2020-03-23,40989.0,40989.0
2020-03-24,40989.0,40989.0
2020-03-25,40989.0,40989.0
2020-03-26,40989.0,40989.0
2020-03-27,40989.0,40989.0
2020-03-30,40989.0,40989.0
2020-03-31,40989.0,40989.0
2020-04-01,40989.0,40989.0
2020-04-03,40989.0,40989.0
2020-04-07,40989.0,40989.0
2020-04-08,40989.0,40989.0
2020-04-09,40989.0,40989.0
2020-04-13,40989.0,40989.0
2020-04-15,40989.0,40989.0
2020-04-16,40989.0,40989.0
2020-04-17,40989.0,40989.0
2020-04-20,40989.0,40989.0
2020-04-21,40989.0,40989.0
2020-04-22,40989.0,40989.0
2020-04-23,40989.0,40989.0
2020-04-24,40989.0,40989.0
2020-04-27,40989.0,40989.0
2020-04-28,40989.0,40989.0
2020-04-29,40989.0,40989.0
2020-04-30,40989.0,40989.0
2020-05-01,40989.0,40989.0
2020-05-04,40989.0,40989.0
2020-05-05,40989.0,40989.0
2020-05-06,40989.0,40989.0
2020-05-07,40989.0,40989.0
2020-05-08,40989.0,40989.0
2020-05-11,40989.0,40989.0
2020-05-12,40989.0,40989.0
2020-05-13,40989.0,40989.0
2020-05-14,40989.0,40989.0
2020-05-15,40989.0,40989.0
2020-05-18,40989.0,40989.0
2020-05-19,40989.0,40989.0
2020-05-20,40989.0,40989.0
2020-05-21,40989.0,40989.0
2020-05-22,40989.0,40989.0
2020-05-25,40989.0,40989.0
2020-05-26,40989.0,40989.0
2020-05-27,40989.0,40989.0
2020-05-28,40989.0,40989.0
2020-05-29,40989.0,40989.0
2020-06-01,40989.0,40989.0
2020-06-02,40989.0,40989.0
2020-06-03,46609.0,46562.0
2020-06-04,46640.0,46180.0
2020-06-05,46549.0,46525.0
2020-06-08,46363.0,46264.0
2020-06-09,46588.0,46261.0
2020-06-10,46823.0,46782.0
2020-06-11,47225.0,47206.0
2020-06-12,47337.0,47266.0
2020-06-15,46994.0,46803.0
2020-06-16,47374.0,47301.0
2020-06-17,47385.0,47202.0
2020-06-18,47399.0,47302.0
2020-06-19,47529.0,47519.0
2020-06-22,47928.0,47911.0
2020-06-23,47942.0,47871.0
2020-06-24,48389.0,48369.0
2020-06-25,48099.0,48021.0
2020-06-26,48117.0,48026.0
2020-06-29,48376.0,48341.0
2020-06-30,48379.0,48304.0
2020-07-01,48908.0,48730.0
2020-07-02,48339.0,48173.0
2020-07-03,48256.0,48227.0
2020-07-06,48168.0,48156.0
2020-07-07,48427.0,48235.0
2020-07-08,48965.0,48764.0
2020-07-09,49175.0,49054.0
2020-07-10,49143.0,48968.0
2020-07-13,49140.0,49079.0
2020-07-14,49055.0,48998.0
2020-07-15,49234.0,49062.0
2020-07-16,49113.0,49077.0
2020-07-17,48942.0,48844.0
2020-07-20,49118.0,49061.0
2020-07-21,49265.0,49264.0
2020-07-22,50015.0,50015.0
2020-07-23,50619.0,50484.0
2020-07-24,51005.0,50960.0
2020-07-27,52260.0,52116.0
2020-07-28,52278.0,52078.0
2020-07-29,52953.0,52853.0
2020-07-30,53099.0,53071.0
2020-07-31,53655.0,53615.0
2020-08-03,53615.0,53615.0
2020-08-04,53792.0,53772.0
2020-08-05,55230.0,55029.0
2020-08-06,55560.0,55522.0
2020-08-07,56018.0,55922.0
2020-08-10,55331.0,55323.0
2020-08-11,54538.0,53758.0
2020-08-12,53758.0,53758.0
2020-08-13,52441.0,52438.0
2020-08-14,52688.0,52630.0
2020-08-17,52768.0,52690.0
2020-08-18,53776.0,53752.0
2020-08-19,53235.0,53185.0
2020-08-20,52352.0,52317.0
2020-08-21,52448.0,51840.0
2020-08-24,52356.0,52024.0
2020-08-25,51635.0,51440.0
2020-08-26,51135.0,51018.0
2020-08-27,51468.0,51234.0
2020-08-28,50981.0,50906.0
2020-08-31,51353.0,51246.0
2020-09-01,51521.0,51520.0
2020-09-02,51088.0,50957.0
2020-09-03,50893.0,50840.0
2020-09-04,50940.0,50917.0
2020-09-07,51066.0,51008.0
2020-09-08,51148.0,50967.0
2020-09-09,51150.0,51066.0
2020-09-10,51416.0,51226.0
2020-09-11,51350.0,51174.0
2020-09-14,51276.0,51260.0
2020-09-15,51915.0,51757.0
2020-09-16,51802.0,51797.0
2020-09-17,51495.0,51443.0
2020-09-18,51619.0,51578.0
2020-09-21,51572.0,51258.0
2020-09-22,50623.0,50491.0
2020-09-23,50251.0,50139.0
2020-09-24,49707.0,49638.0
2020-09-25,49876.0,49589.0
2020-09-28,49588.0,49550.0
2020-09-29,50313.0,50297.0
2020-09-30,50325.0,50310.0
2020-10-01,50434.0,50249.0
2020-10-05,50418.0,50180.0
2020-10-06,50817.0,50780.0
2020-10-07,50341.0,50069.0
2020-10-08,50180.0,50180.0
2020-10-09,50695.0,50544.0
2020-10-12,51034.0,51023.0
2020-10-13,50921.0,50914.0
2020-10-14,50467.0,50415.0
2020-10-15,50548.0,50476.0
2020-10-16,50796.0,50727.0
2020-10-19,50828.0,50809.0
2020-10-20,50766.0,50637.0
2020-10-21,51230.0,51142.0
2020-10-22,51149.0,51128.0
2020-10-23,51044.0,50837.0
2020-10-26,51048.0,50857.0
2020-10-27,50962.0,50847.0
2020-10-28,51029.0,50656.0
2020-10-29,50699.0,50530.0
2020-10-30,50645.0,50583.0
2020-11-02,50890.0,50744.0
2020-11-03,51068.0,50968.0
2020-11-04,51213.0,51069.0
2020-11-05,51313.0,51282.0
2020-11-06,52192.0,52037.0
2020-11-09,52280.0,52208.0
2020-11-10,50732.0,50446.0
2020-11-11,50530.0,50478.0
2020-11-12,50536.0,50473.0
2020-11-13,50780.0,50738.0
2020-11-14,50738.0,50738.0
2020-11-16,50738.0,50738.0
2020-11-17,50738.0,50738.0
2020-11-18,50738.0,50738.0
2020-11-19,50199.0,50141.0
2020-11-20,50199.0,50161.0
2020-11-23,50395.0,50180.0
2020-11-24,49258.0,48958.0
2020-11-25,48988.0,48947.0
2020-11-26,48965.0,48891.0
2020-11-27,48778.0,48751.0
2020-11-30,48778.0,48778.0
2020-12-01,48314.0,47891.0
2020-12-02,48973.0,48575.0
2020-12-03,49361.0,49242.0
2020-12-04,49285.0,49153.0
2020-12-07,49089.0,49059.0
2020-12-08,49796.0,49671.0
2020-12-09,49531.0,49505.0
2020-12-10,49049.0,49017.0
2020-12-11,48985.0,48933.0
2020-12-14,48830.0,48695.0
2020-12-15,49103.0,49099.0
2020-12-16,49601.0,49377.0
2020-12-17,49790.0,49694.0
2020-12-18,49980.0,49939.0
2020-12-21,50420.0,50115.0
2020-12-22,49979.0,49897.0
2020-12-23,49758.0,49706.0
2020-12-24,49847.0,49787.0
2020-12-28,50074.0,49866.0
2020-12-29,49854.0,49851.0
2020-12-30,49881.0,49774.0
2020-12-31,50005.0,49993.0
2021-01-04,51012.0,50791.0
2021-01-05,51465.0,51248.0
2021-01-06,51539.0,51392.0
2021-01-07,50871.0,50832.0
2021-01-08,50679.0,50256.0
2021-01-11,49344.0,49267.0
2021-01-12,49503.0,49488.0
2021-01-13,49337.0,49285.0
2021-01-14,49285.0,49285.0
2021-01-15,49285.0,49285.0
2021-01-18,48828.0,48812.0
2021-01-19,48977.0,48873.0
2021-01-20,49149.0,49086.0
2021-01-21,49513.0,49442.0
2021-01-22,49267.0,48920.0
2021-01-25,49239.0,48954.0
2021-01-27,48855.0,48814.0
2021-01-28,48819.0,48740.0
2021-01-29,49205.0,48988.0
2021-02-01,48724.0,48680.0
2021-02-02,48208.0,48182.0
2021-02-03,47808.0,47768.0
2021-02-04,47554.0,47263.0
2021-02-05,47048.0,46882.0
2021-02-08,47457.0,47250.0
2021-02-09,47907.0,47862.0
2021-02-10,47891.0,47778.0
2021-02-11,47782.0,47776.0
2021-02-12,47213.0,47193.0
2021-02-15,47195.0,47127.0
2021-02-16,47257.0,47204.0
2021-02-17,46568.0,46490.0
2021-02-18,46263.0,46222.0
2021-02-19,45976.0,45954.0
2021-02-22,46475.0,46322.0
2021-02-23,46724.0,46711.0
2021-02-24,46621.0,46617.0
2021-02-25,46344.0,46339.0
2021-02-26,46425.0,45961.0
2021-03-01,45905.0,45826.0
2021-03-02,45314.0,45193.0
2021-03-03,45241.0,44970.0
2021-03-04,44686.0,44660.0
2021-03-05,44310.0,44266.0
2021-03-08,44503.0,44349.0
2021-03-09,44451.0,44300.0
2021-03-10,44599.0,44478.0
2021-03-11,44478.0,44478.0
2021-03-12,44323.0,44177.0
2021-03-15,44674.0,44625.0
2021-03-16,44740.0,44648.0
2021-03-17,44794.0,44763.0
2021-03-18,44883.0,44706.0
2021-03-19,44855.0,44788.0
2021-03-22,44641.0,44634.0
2021-03-23,44818.0,44708.0
2021-03-24,44696.0,44679.0
2021-03-25,44754.0,44653.0
2021-03-26,44569.0,44538.0
2021-03-29,44569.0,44569.0
2021-03-30,44331.0,44236.0
2021-03-31,44106.0,43994.0
2021-04-01,44823.0,44741.0
2021-04-05,45076.0,45058.0
2021-04-06,45191.0,45136.0
2021-04-07,45895.0,45829.0
2021-04-08,46189.0,45998.0
2021-04-09,46340.0,46284.0
2021-04-12,46397.0,46232.0
2021-04-13,46391.0,46221.0
2021-04-14,46391.0,46391.0
2021-04-15,46632.0,46607.0
2021-04-16,47021.0,46648.0
2021-04-19,47475.0,47391.0
2021-04-20,47314.0,47110.0
2021-04-21,47314.0,47314.0
2021-04-22,47682.0,47569.0
2021-04-23,47569.0,47569.0
2021-04-26,47569.0,47569.0
2021-04-27,47569.0,47569.0
2021-04-28,47569.0,47569.0
2021-04-29,47569.0,47569.0
2021-04-30,47569.0,47569.0
2021-05-03,47569.0,47569.0
2021-05-04,47569.0,47569.0
2021-05-05,47569.0,47569.0
2021-05-06,47569.0,47569.0
2021-05-07,47569.0,47569.0
2021-05-10,47569.0,47569.0
2021-05-11,47569.0,47569.0
2021-05-12,47569.0,47569.0
2021-05-13,47569.0,47569.0
2021-05-14,47569.0,47569.0
2021-05-17,47569.0,47569.0
2021-05-18,47569.0,47569.0
2021-05-19,47569.0,47569.0
2021-05-20,47569.0,47569.0
2021-05-21,47569.0,47569.0
2021-05-24,48527.0,48447.0
2021-05-25,48534.0,48482.0
2021-05-26,49051.0,48960.0
2021-05-27,48773.0,48690.0
2021-05-28,48541.0,48426.0
2021-05-31,48933.0,48849.0
2021-06-01,49228.0,49173.0
2021-06-02,49120.0,49049.0
2021-06-03,48995.0,48854.0
2021-06-04,48410.0,48403.0
2021-06-07,48624.0,48576.0
2021-06-08,48857.0,48845.0
2021-06-09,48799.0,48736.0
2021-06-10,48654.0,48634.0
2021-06-11,49053.0,48872.0
2021-06-14,48262.0,48134.0
2021-06-15,48483.0,48445.0
2021-06-16,48349.0,48217.0
2021-06-17,47471.0,47393.0
2021-06-18,47122.0,47037.0
2021-06-21,47005.0,46889.0
2021-06-22,47155.0,46897.0
2021-06-23,47021.0,46964.0
2021-06-24,46991.0,46857.0
2021-06-25,46991.0,46982.0
2021-06-28,47012.0,46903.0
2021-06-29,46895.0,46782.0
2021-06-30,46586.0,46504.0
2021-07-01,47075.0,46976.0
2021-07-02,47434.0,47222.0
2021-07-05,47275.0,47272.0
2021-07-06,47793.0,47571.0
2021-07-07,47835.0,47793.0
2021-07-08,48096.0,47632.0
2021-07-09,47723.0,47588.0
2021-07-12,47723.0,47723.0
2021-07-13,47824.0,47758.0
2021-07-14,47965.0,47900.0
2021-07-15,48336.0,48199.0
2021-07-16,48237.0,48182.0
2021-07-19,47931.0,47860.0
2021-07-20,48189.0,48033.0
2021-07-21,48033.0,48033.0
2021-07-22,47547.0,47471.0
2021-07-23,47726.0,47560.0
2021-07-26,47763.0,47723.0
2021-07-27,47562.0,47501.0
2021-07-28,47688.0,47617.0
2021-07-29,48149.0,47962.0
2021-07-30,48263.0,48250.0
2021-08-02,47867.0,47849.0
2021-08-03,47850.0,47801.0
2021-08-04,47852.0,47842.0
2021-08-05,47782.0,47764.0
2021-08-06,47498.0,47464.0
2021-08-09,46421.0,46337.0
2021-08-10,46212.0,46047.0
2021-08-11,46151.0,46103.0
2021-08-12,46509.0,46426.0
2021-08-13,46554.0,46498.0
2021-08-16,46856.0,46816.0
2021-08-17,47404.0,47294.0
2021-08-18,47303.0,47133.0
2021-08-19,47133.0,47133.0
2021-08-20,47243.0,47078.0
2021-08-23,47199.0,47116.0
2021-08-24,47502.0,47458.0
2021-08-25,47365.0,47287.0
2021-08-26,47106.0,47090.0
2021-08-27,47455.0,47025.0
2021-08-30,47025.0,47025.0
2021-08-31,47188.0,47106.0
2021-09-01,47094.0,47090.0
2021-09-02,47098.0,47020.0
2021-09-03,47033.0,46998.0
2021-09-06,47384.0,47337.0
2021-09-07,47275.0,47224.0
2021-09-08,47003.0,46977.0
2021-09-09,46898.0,46843.0
2021-09-10,46898.0,46898.0
2021-09-13,46841.0,46786.0
2021-09-14,46897.0,46802.0
2021-09-15,47171.0,47065.0
2021-09-16,46612.0,46430.0
2021-09-17,46195.0,46178.0
2021-09-20,46149.0,46017.0
2021-09-21,46332.0,46208.0
2021-09-22,46692.0,46637.0
2021-09-23,46473.0,46302.0
2021-09-24,46058.0,46053.0
2021-09-27,46109.0,45989.0
2021-09-28,45940.0,45778.0
2021-09-29,46054.0,45912.0
2021-09-30,45751.0,45624.0
2021-10-01,46314.0,46212.0
2021-10-04,46336.0,46204.0
2021-10-05,46507.0,46462.0
2021-10-06,46663.0,46426.0
2021-10-07,46757.0,46701.0
2021-10-08,46806.0,46772.0
2021-10-11,46897.0,46781.0
2021-10-12,47119.0,47041.0
2021-10-13,47248.0,47146.0
2021-10-14,47899.0,47798.0
2021-10-15,47899.0,47899.0
2021-10-18,47189.0,47184.0
2021-10-19,47388.0,47368.0
2021-10-20,47363.0,47323.0
2021-10-21,47380.0,47313.0
2021-10-22,47604.0,47530.0
2021-10-25,47913.0,47899.0
2021-10-26,48120.0,47975.0
2021-10-27,47697.0,47654.0
2021-10-28,47881.0,47876.0
2021-10-29,47794.0,47763.0
2021-11-01,47794.0,47586.0
2021-11-02,47729.0,47652.0
2021-11-03,47277.0,47257.0
2021-11-04,47257.0,47257.0
2021-11-05,47257.0,47257.0
2021-11-08,47257.0,47257.0
2021-11-09,48052.0,47257.0
2021-11-10,48207.0,48142.0
2021-11-11,49167.0,48940.0
2021-11-12,49042.0,48805.0
2021-11-15,49177.0,48981.0
2021-11-16,49336.0,49209.0
2021-11-17,48968.0,48895.0
2021-11-18,49038.0,48995.0
2021-11-19,49038.0,49038.0
2021-11-22,48710.0,48701.0
2021-11-23,47835.0,47669.0
2021-11-24,47548.0,47447.0
2021-11-25,47522.0,47522.0
2021-11-26,48153.0,47838.0
2021-11-29,47964.0,47950.0
2021-11-30,48031.0,47917.0
2021-12-01,47688.0,47590.0
2021-12-02,47443.0,47394.0
2021-12-03,47361.0,47305.0
2021-12-06,47712.0,47690.0
2021-12-07,47682.0,47657.0
2021-12-08,47979.0,47921.0
2021-12-09,47828.0,47825.0
2021-12-10,47633.0,47622.0
2021-12-13,47997.0,47961.0
2021-12-14,48116.0,47976.0
2021-12-15,47872.0,47795.0
2021-12-16,48236.0,48160.0
2021-12-17,48656.0,48614.0
2021-12-20,48537.0,48373.0
2021-12-21,48092.0,48012.0
2021-12-22,47947.0,47946.0
2021-12-23,48148.0,48125.0
2021-12-24,48123.0,48088.0
2021-12-27,48102.0,48018.0
2021-12-28,48071.0,48041.0
2021-12-29,47895.0,47794.0
2021-12-30,47625.0,47565.0
2021-12-31,47899.0,47860.0
2022-01-03,48157.0,48100.0
2022-01-04,47853.0,47776.0
2022-01-05,47979.0,47935.0
2022-01-06,47679.0,47576.0
2022-01-07,47395.0,47355.0
2022-01-10,47415.0,47337.0
2022-01-11,47522.0,47500.0
2022-01-12,47804.0,47753.0
2022-01-13,47886.0,47851.0
2022-01-14,47851.0,47851.0
2022-01-17,47996.0,47983.0
2022-01-18,47969.0,47943.0
2022-01-19,48075.0,48070.0
2022-01-20,48535.0,48437.0
2022-01-21,48570.0,48458.0
2022-01-24,48650.0,48573.0
2022-01-25,48750.0,48687.0
2022-01-27,48432.0,48348.0
2022-01-28,47972.0,47875.0
2022-01-31,47782.0,47706.0
2022-02-01,48044.0,47883.0
2022-02-02,47927.0,47833.0
2022-02-03,48015.0,47958.0
2022-02-04,48082.0,47961.0
2022-02-07,48075.0,48061.0
2022-02-08,48258.0,48256.0
2022-02-09,48487.0,48472.0
2022-02-10,48740.0,48686.0
2022-02-11,48745.0,48697.0
2022-02-14,49597.0,49529.0
2022-02-15,50178.0,49431.0
2022-02-16,49329.0,49271.0
2022-02-17,49906.0,49738.0
2022-02-18,49989.0,49894.0
2022-02-21,49899.0,49698.0
2022-02-22,50392.0,50082.0
2022-02-23,49972.0,49882.0
2022-02-24,52228.0,51333.0
2022-02-25,50801.0,50617.0
2022-02-28,50752.0,50479.0
2022-03-01,50479.0,50479.0
2022-03-02,51542.0,51258.0
2022-03-03,51401.0,51256.0
2022-03-04,51559.0,51501.0
2022-03-07,53267.0,53076.0
2022-03-08,53404.0,53192.0
2022-03-09,54062.0,52940.0
2022-03-10,52265.0,52051.0
2022-03-11,52263.0,52118.0
2022-03-14,51960.0,51764.0
2022-03-15,51396.0,51365.0
2022-03-16,51125.0,51109.0
2022-03-17,51371.0,51208.0
2022-03-18,51371.0,51371.0
2022-03-21,51274.0,51142.0
2022-03-22,51526.0,51273.0
2022-03-23,51383.0,51123.0
2022-03-24,51656.0,51587.0
2022-03-25,51780.0,51762.0
2022-03-28,51584.0,51493.0
2022-03-29,51315.0,51264.0
2022-03-30,51283.0,51212.0
2022-03-31,51317.0,51285.0
2022-04-01,51661.0,51599.0
2022-04-04,51211.0,51200.0
2022-04-05,51342.0,51215.0
2022-04-06,51533.0,51225.0
2022-04-07,51533.0,51423.0
2022-04-08,51671.0,51559.0
2022-04-11,52292.0,51968.0
2022-04-12,52475.0,52376.0
2022-04-13,52912.0,52741.0
2022-04-14,52912.0,52912.0
2022-04-18,53440.0,53367.0
2022-04-19,53264.0,53147.0
2022-04-20,52494.0,52335.0
2022-04-21,52507.0,52310.0
2022-04-22,52619.0,52234.0
2022-04-25,52023.0,51976.0
2022-04-26,51673.0,51664.0
2022-04-27,51591.0,51463.0
2022-04-28,51276.0,51050.0
2022-04-29,51847.0,51773.0
2022-05-02,51249.0,51119.0
2022-05-03,51119.0,51119.0
2022-05-04,50900.0,50797.0
2022-05-05,51445.0,51378.0
2022-05-06,51458.0,51260.0
2022-05-09,51484.0,51271.0
2022-05-10,51229.0,51128.0
2022-05-11,50968.0,50821.0
2022-05-12,51120.0,50968.0
2022-05-13,50349.0,50275.0
2022-05-16,50153.0,50071.0
2022-05-17,50511.0,50460.0
2022-05-18,50248.0,50069.0
2022-05-19,50487.0,50157.0
2022-05-20,50846.0,50785.0
2022-05-23,51156.0,51002.0
2022-05-24,51054.0,51004.0
2022-05-25,51028.0,50986.0
2022-05-26,50787.0,50754.0
2022-05-27,51017.0,50998.0
2022-05-30,51073.0,50990.0
2022-05-31,50986.0,50861.0
2022-06-01,50477.0,50423.0
2022-06-02,50988.0,50900.0
2022-06-03,51263.0,51243.0
2022-06-06,50963.0,50955.0
2022-06-07,50857.0,50679.0
2022-06-08,50868.0,50823.0
2022-06-09,50919.0,50887.0
2022-06-10,50807.0,50779.0
2022-06-13,51444.0,51251.0
2022-06-14,50576.0,50410.0
2022-06-15,50587.0,50467.0
2022-06-16,50637.0,50447.0
2022-06-17,50989.0,50966.0
2022-06-20,50873.0,50810.0
2022-06-21,50737.0,50718.0
2022-06-22,50687.0,50560.0
2022-06-23,50779.0,50731.0
2022-06-24,50675.0,50567.0
2022-06-27,50944.0,50851.0
2022-06-28,50919.0,50895.0
2022-06-29,50933.0,50798.0
2022-06-30,50761.0,50699.0
2022-07-01,50699.0,50699.0
2022-07-04,52081.0,51967.0
2022-07-05,52213.0,52164.0
2022-07-06,51415.0,51269.0
2022-07-07,50666.0,50629.0
2022-07-08,50696.0,50657.0
2022-07-11,50741.0,50665.0
2022-07-12,50683.0,50603.0
2022-07-13,50562.0,50499.0
2022-07-14,50564.0,50357.0
2022-07-15,50107.0,50103.0
2022-07-18,50524.0,50385.0
2022-07-19,50460.0,50314.0
2022-07-20,50439.0,50294.0
2022-07-21,49973.0,49811.0
2022-07-22,50605.0,50551.0
2022-07-25,50743.0,50655.0
2022-07-26,50700.0,50580.0
2022-07-27,50659.0,50606.0
2022-07-28,51016.0,51009.0
2022-07-29,51428.0,51301.0
2022-08-01,51520.0,51350.0
2022-08-02,51341.0,51310.0
2022-08-03,51329.0,51320.0
2022-08-04,51834.0,51666.0
2022-08-05,52010.0,51948.0
2022-08-08,51938.0,51833.0
2022-08-09,51938.0,51938.0
2022-08-10,52202.0,52113.0
2022-08-11,52202.0,52202.0
2022-08-12,52301.0,52190.0
2022-08-16,51924.0,51853.0
2022-08-17,51923.0,51852.0
2022-08-18,51845.0,51734.0
2022-08-19,51845.0,51845.0
2022-08-22,51318.0,51205.0
2022-08-23,51220.0,51208.0
2022-08-24,51402.0,51362.0
2022-08-25,51856.0,51755.0
2022-08-26,51686.0,51458.0
2022-08-29,51044.0,51022.0
2022-08-30,51087.0,50986.0
2022-08-31,50986.0,50986.0
2022-09-01,50243.0,50216.0
2022-09-02,50381.0,50298.0
2022-09-05,50572.0,50570.0
2022-09-06,50699.0,50518.0
2022-09-07,50353.0,50272.0
2022-09-08,50679.0,50609.0
2022-09-09,50727.0,50669.0
2022-09-12,50655.0,50563.0
2022-09-13,50533.0,50382.0
2022-09-14,50131.0,50085.0
2022-09-15,49842.0,49748.0
2022-09-16,49112.0,49111.0
2022-09-19,49182.0,49176.0
2022-09-20,49379.0,49236.0
2022-09-21,49491.0,49399.0
2022-09-22,49745.0,49472.0
2022-09-23,49911.0,49603.0
2022-09-26,49459.0,49301.0
2022-09-27,49363.0,49277.0
2022-09-28,49347.0,49121.0
2022-09-29,49838.0,49803.0
2022-09-30,50145.0,50074.0
2022-10-03,50200.0,50122.0
2022-10-04,51094.0,51042.0
2022-10-05,51094.0,51094.0
2022-10-06,51635.0,51600.0
2022-10-07,51653.0,51570.0
2022-10-10,51086.0,50880.0
2022-10-11,50564.0,50421.0
2022-10-12,50650.0,50557.0
2022-10-13,50688.0,50558.0
2022-10-14,50572.0,50160.0
2022-10-17,50219.0,50103.0
2022-10-18,50142.0,50122.0
2022-10-19,50075.0,49887.0
2022-10-20,50015.0,50013.0
2022-10-21,49818.0,49688.0
2022-10-24,49818.0,49818.0
2022-10-25,49818.0,49818.0
2022-10-26,49818.0,49818.0
2022-10-27,49818.0,49818.0
2022-10-28,49818.0,49818.0
2022-10-31,50187.0,50117.0
2022-11-01,50441.0,50288.0
2022-11-02,50616.0,50520.0
2022-11-03,50186.0,49926.0
2022-11-04,50342.0,50303.0
2022-11-07,50755.0,50713.0
2022-11-08,50755.0,50755.0
2022-11-09,51313.0,51300.0
2022-11-10,51468.0,51365.0
2022-11-11,52217.0,52082.0
2022-11-14,52343.0,52239.0
2022-11-15,52672.0,52641.0
2022-11-16,52927.0,52732.0
2022-11-17,52716.0,52699.0
2022-11-18,52764.0,52740.0
2022-11-21,52339.0,52218.0
2022-11-22,52331.0,52227.0
2022-11-23,52187.0,52159.0
2022-11-24,52555.0,52528.0
2022-11-25,52509.0,52444.0
2022-11-28,52715.0,52486.0
2022-11-29,52591.0,52507.0
2022-11-30,52574.0,52507.0
2022-12-01,52982.0,52932.0
2022-12-02,53447.0,53407.0
2022-12-05,53686.0,53662.0
2022-12-06,53407.0,53240.0
2022-12-07,53402.0,53379.0
2022-12-08,53633.0,53621.0
2022-12-09,53715.0,53709.0
2022-12-12,53752.0,53672.0
2022-12-13,53812.0,53785.0
2022-12-14,54236.0,54162.0
2022-12-15,53885.0,53652.0
2022-12-16,53761.0,53758.0
2022-12-19,53999.0,53904.0
2022-12-20,54319.0,53976.0
2022-12-21,54498.0,54489.0
2022-12-22,54451.0,54444.0
2022-12-23,54131.0,54041.0
2022-12-26,54226.0,54138.0
2022-12-27,54374.0,54317.0
2022-12-28,54414.0,54302.0
2022-12-29,54384.0,54369.0
2022-12-30,54656.0,54556.0
2023-01-02,54874.0,54825.0
2023-01-03,55405.0,55352.0
2023-01-04,55770.0,55621.0
2023-01-05,55691.0,55547.0
2023-01-06,55335.0,55334.0
2023-01-09,56105.0,56034.0
2023-01-10,55918.0,55749.0
2023-01-11,55892.0,55848.0
2023-01-12,55855.0,55826.0
2023-01-13,56150.0,55986.0
2023-01-16,56608.0,56497.0
2023-01-17,56549.0,56510.0
2023-01-18,56503.0,56376.0
2023-01-19,56468.0,56424.0
2023-01-20,56777.0,56770.0
2023-01-23,56798.0,56752.0
2023-01-24,57091.0,57065.0
2023-01-25,56933.0,56903.0
2023-01-27,56878.0,56777.0
2023-01-30,57028.0,56950.0
2023-01-31,56809.0,56719.0
2023-02-01,57669.0,57627.0
2023-02-02,58671.0,58447.0
2023-02-03,57814.0,57541.0
2023-02-06,57206.0,57179.0
2023-02-07,57251.0,57242.0
2023-02-08,57335.0,57292.0
2023-02-09,57374.0,57315.0
2023-02-10,56837.0,56796.0
2023-02-13,56967.0,56854.0
2023-02-14,56959.0,56890.0
2023-02-15,56533.0,56248.0
2023-02-16,56210.0,56137.0
2023-02-17,55922.0,55915.0
2023-02-20,56361.0,56349.0
2023-02-21,56215.0,56175.0
2023-02-22,56199.0,56192.0
2023-02-23,56007.0,55858.0
2023-02-24,55813.0,55747.0
2023-02-27,55451.0,55430.0
2023-02-28,55481.0,55320.0
2023-03-01,55929.0,55849.0
2023-03-02,55833.0,55831.0
2023-03-03,55875.0,55851.0
2023-03-06,55934.0,55893.0
2023-03-07,55934.0,55934.0
2023-03-08,55934.0,55934.0
2023-03-09,55036.0,54892.0
2023-03-10,55441.0,55353.0
2023-03-13,56754.0,56508.0
2023-03-14,57544.0,57449.0
2023-03-15,57678.0,57316.0
2023-03-16,58041.0,57886.0
2023-03-17,58034.0,58009.0
2023-03-20,59618.0,59233.0
2023-03-21,59147.0,58960.0
2023-03-22,58508.0,58499.0
2023-03-23,59056.0,59000.0
2023-03-24,59545.0,59149.0
2023-03-27,58852.0,58661.0
2023-03-28,58765.0,58631.0
2023-03-29,59114.0,58923.0
2023-03-30,59114.0,59114.0
2023-03-31,59560.0,59530.0
2023-04-03,59404.0,59087.0
2023-04-04,59404.0,59404.0
2023-04-05,60703.0,60546.0
2023-04-06,60397.0,60304.0
2023-04-10,60051.0,59884.0
2023-04-11,60206.0,60100.0
2023-04-12,60497.0,60206.0
2023-04-13,60616.0,60592.0
2023-04-14,60616.0,60616.0
2023-04-17,60455.0,60403.0
2023-04-18,60307.0,60239.0
2023-04-19,60108.0,59741.0
2023-04-20,60365.0,60308.0
2023-04-21,59980.0,59973.0
2023-04-24,59839.0,59774.0
2023-04-25,60125.0,59875.0
2023-04-26,60229.0,60180.0
2023-04-27,60280.0,60162.0
2023-04-28,59903.0,59897.0
2023-05-01,59897.0,59897.0
2023-05-02,60108.0,59979.0
2023-05-03,60880.0,60816.0
2023-05-04,61346.0,61301.0
2023-05-05,61460.0,61223.0
2023-05-08,60951.0,60860.0
2023-05-09,61253.0,61085.0
2023-05-10,61278.0,61253.0
2023-05-11,61257.0,61238.0
2023-05-12,60822.0,60750.0
2023-05-15,61038.0,61010.0
2023-05-16,60852.0,60805.0
2023-05-17,60418.0,60404.0
2023-05-18,60271.0,60268.0
2023-05-19,60099.0,60031.0
2023-05-22,60630.0,60545.0
2023-05-23,60189.0,60051.0
2023-05-24,60411.0,60398.0
2023-05-25,60133.0,60021.0
2023-05-26,59858.0,59818.0
2023-05-29,59884.0,59776.0
2023-05-30,60167.0,59753.0
2023-05-31,60269.0,60133.0
2023-06-01,59898.0,59851.0
2023-06-02,60105.0,60099.0
2023-06-05,59427.0,59370.0
2023-06-06,59864.0,59794.0
2023-06-07,59801.0,59684.0
2023-06-08,59391.0,59366.0
2023-06-09,59729.0,59714.0
2023-06-12,59712.0,59612.0
2023-06-13,59609.0,59607.0
2023-06-14,59116.0,59093.0
2023-06-15,58753.0,58746.0
2023-06-16,59347.0,59289.0
2023-06-19,59145.0,59023.0
2023-06-20,59023.0,59023.0
2023-06-21,58669.0,58628.0
2023-06-22,58420.0,58418.0
2023-06-23,58169.0,58127.0
2023-06-26,58521.0,58257.0
2023-06-27,58324.0,58312.0
2023-06-28,57992.0,57918.0
2023-06-29,57918.0,57918.0
2023-06-30,57840.0,57810.0
2023-07-03,57929.0,57920.0
2023-07-04,58335.0,58243.0
2023-07-05,58416.0,58212.0
2023-07-06,58383.0,58337.0
2023-07-07,58356.0,58319.0
2023-07-10,58485.0,58467.0
2023-07-11,58686.0,58617.0
2023-07-12,58577.0,58566.0
2023-07-13,59182.0,59106.0
2023-07-14,59061.0,59058.0
2023-07-17,59097.0,59021.0
2023-07-18,59212.0,59099.0
2023-07-19,59633.0,59618.0
2023-07-20,59681.0,59678.0
2023-07-21,59406.0,59191.0
2023-07-24,59178.0,59110.0
2023-07-25,59110.0,59087.0
2023-07-26,59405.0,59364.0
2023-07-27,59521.0,59474.0
2023-07-28,59182.0,59150.0
2023-07-31,59283.0,59259.0
2023-08-01,59330.0,59243.0
2023-08-02,59338.0,59253.0
2023-08-03,59010.0,58999.0
2023-08-04,59045.0,59040.0
2023-08-07,59111.0,59095.0
2023-08-08,59109.0,59104.0
2023-08-09,59016.0,58947.0
2023-08-10,58706.0,58704.0
2023-08-11,58704.0,58635.0
2023-08-14,58726.0,58627.0
2023-08-16,58606.0,58574.0
2023-08-17,58323.0,58294.0
2023-08-18,58223.0,58180.0
2023-08-21,58154.0,58134.0
2023-08-22,58393.0,58331.0
2023-08-23,58390.0,58263.0
2023-08-24,58548.0,58523.0
2023-08-25,58501.0,58438.0
2023-08-28,58478.0,58433.0
2023-08-29,58659.0,58640.0
2023-08-30,58659.0,58659.0
2023-08-31,59262.0,59143.0
2023-09-01,59226.0,59117.0
2023-09-04,59273.0,59216.0
2023-09-05,59192.0,59136.0
2023-09-06,59104.0,59040.0
2023-09-07,59104.0,59104.0
2023-09-08,59063.0,58937.0
2023-09-11,58952.0,58943.0
2023-09-12,58770.0,58735.0
2023-09-13,58526.0,58500.0
2023-09-14,58441.0,58416.0
2023-09-15,58790.0,58709.0
2023-09-18,59104.0,59095.0
2023-09-19,59095.0,59095.0
2023-09-20,59168.0,59113.0
2023-09-21,59052.0,58927.0
2023-09-22,58870.0,58855.0
2023-09-25,58922.0,58912.0
2023-09-26,58702.0,58650.0
2023-09-27,58361.0,58263.0
2023-09-28,57756.0,57733.0
2023-09-29,57594.0,57574.0
2023-10-03,56538.0,56430.0
2023-10-04,56446.0,56382.0
2023-10-05,56333.0,56319.0
2023-10-06,56327.0,56247.0
2023-10-09,57141.0,57104.0
2023-10-10,57274.0,57235.0
2023-10-11,57591.0,57391.0
2023-10-12,57924.0,57859.0
2023-10-13,58092.0,57808.0
2023-10-16,58877.0,58710.0
2023-10-17,59046.0,58873.0
2023-10-18,59570.0,59356.0
2023-10-19,59687.0,59630.0
2023-10-20,60451.0,60321.0
2023-10-23,60418.0,60359.0
2023-10-24,60418.0,60418.0
2023-10-25,60311.0,60310.0
2023-10-26,60764.0,60683.0
2023-10-27,60735.0,60629.0
2023-10-30,61053.0,61027.0
2023-10-31,61080.0,61018.0
2023-11-01,60778.0,60672.0
2023-11-02,60865.0,60766.0
2023-11-03,60843.0,60818.0
2023-11-06,60805.0,60746.0
2023-11-07,60448.0,60372.0
2023-11-08,60383.0,60201.0
2023-11-09,59911.0,59816.0
2023-11-10,60177.0,60029.0
2023-11-13,60029.0,60029.0
2023-11-14,60029.0,60029.0
2023-11-15,60029.0,60029.0
2023-11-16,60029.0,60029.0
2023-11-17,60029.0,60029.0
2023-11-20,60784.0,60686.0
2023-11-21,61088.0,61043.0
2023-11-22,61338.0,61308.0
2023-11-23,61208.0,61138.0
2023-11-24,61229.0,61175.0
2023-11-27,61229.0,61229.0
2023-11-28,61650.0,61618.0
2023-11-29,62536.0,62350.0
2023-11-30,62527.0,62440.0
2023-12-01,62546.0,62442.0
2023-12-04,63357.0,63153.0
2023-12-05,62268.0,62101.0
2023-12-06,62045.0,61969.0
2023-12-07,62272.0,62127.0
2023-12-08,62197.0,62196.0
2023-12-11,61379.0,61221.0
2023-12-12,61120.0,61050.0
2023-12-13,60938.0,60759.0
2023-12-14,62293.0,62215.0
2023-12-15,62241.0,62161.0
2023-12-18,61743.0,61700.0
2023-12-19,61888.0,61846.0
2023-12-20,62224.0,62197.0
2023-12-21,62181.0,62112.0
2023-12-22,62574.0,62439.0
2023-12-26,62848.0,62833.0
2023-12-27,62966.0,62932.0
2023-12-28,63412.0,63254.0
2023-12-29,63093.0,62939.0
2024-01-01,63103.0,63083.0
2024-01-02,63366.0,63308.0
2024-01-03,63078.0,62818.0
2024-01-04,62566.0,62548.0
2024-01-05,62395.0,62313.0
2024-01-08,62100.0,62018.0
2024-01-09,62221.0,62125.0
2024-01-10,62129.0,61967.0
2024-01-11,62050.0,62028.0
2024-01-12,62178.0,62066.0
2024-01-15,62178.0,62178.0
2024-01-16,62433.0,62334.0
2024-01-17,62009.0,61817.0
2024-01-18,61755.0,61712.0
2024-01-19,62143.0,62014.0
2024-01-22,62143.0,62143.0
2024-01-23,62324.0,62181.0
2024-01-24,62319.0,62220.0
2024-01-25,62151.0,62052.0
2024-01-29,62375.0,62351.0
2024-01-30,62541.0,62514.0
2024-01-31,62591.0,62518.0
2024-02-01,62709.0,62505.0
2024-02-02,62901.0,62875.0
2024-02-05,62383.0,62247.0
2024-02-06,62305.0,62224.0
2024-02-07,62408.0,62376.0
2024-02-08,62449.0,62395.0
2024-02-09,62387.0,62379.0
2024-02-12,62147.0,62043.0
2024-02-13,62154.0,62124.0
2024-02-14,61271.0,61249.0
2024-02-15,61299.0,61228.0
2024-02-16,61469.0,61436.0
2024-02-19,61828.0,61811.0
2024-02-20,61928.0,61760.0
2024-02-21,61980.0,61953.0
2024-02-22,61960.0,61930.0
2024-02-23,61732.0,61692.0
2024-02-26,62019.0,61989.0
2024-02-27,62077.0,62010.0
2024-02-28,61951.0,61891.0
2024-02-29,62095.0,62010.0
2024-03-01,62442.0,62333.0
2024-03-04,63289.0,63215.0
2024-03-05,64413.0,64172.0
2024-03-06,64420.0,64420.0
2024-03-07,65007.0,64867.0
2024-03-08,65007.0,65007.0
2024-03-11,65548.0,65517.0
2024-03-12,65531.0,65420.0
2024-03-13,65182.0,65169.0
2024-03-14,65338.0,65309.0
2024-03-15,65365.0,65304.0
2024-03-18,65258.0,65029.0
2024-03-19,65349.0,65278.0
2024-03-20,65478.0,65446.0
2024-03-21,66679.0,66647.0
2024-03-22,65975.0,65964.0
2024-03-25,65975.0,65975.0
2024-03-26,66432.0,65962.0
2024-03-27,66501.0,66171.0
2024-03-28,66987.0,66746.0
2024-04-01,68778.0,68431.0
2024-04-02,68807.0,68582.0
2024-04-03,69230.0,69101.0
2024-04-04,69656.0,69645.0
2024-04-05,69720.0,69368.0
2024-04-08,71011.0,70850.0
2024-04-09,71607.0,71202.0
2024-04-10,71742.0,71536.0
2024-04-11,71536.0,71536.0
2024-04-12,72931.0,72901.0
2024-04-15,72319.0,72266.0
2024-04-16,73012.0,72985.0
2024-04-17,73012.0,73012.0
2024-04-18,73119.0,73030.0
2024-04-19,73280.0,73262.0
2024-04-22,72723.0,72711.0
2024-04-23,71357.0,71315.0
2024-04-24,71911.0,71700.0
2024-04-25,71794.0,71786.0
2024-04-26,72301.0,72116.0
2024-04-29,72228.0,71900.0
2024-04-30,71777.0,71529.0
2024-05-01,71529.0,71529.0
2024-05-02,71290.0,70997.0
2024-05-03,70941.0,70906.0
2024-05-06,71525.0,71326.0
2024-05-07,71525.0,71525.0
2024-05-08,71405.0,71389.0
2024-05-09,71337.0,71216.0
2024-05-10,72886.0,72718.0
2024-05-13,72209.0,71995.0
2024-05-14,72129.0,71922.0
2024-05-15,72720.0,72445.0
2024-05-16,73212.0,73155.0
2024-05-17,73161.0,73016.0
2024-05-20,73016.0,73016.0
2024-05-21,73932.0,73853.0
2024-05-22,73912.0,73880.0
2024-05-23,72557.0,72516.0
2024-05-24,71754.0,71668.0
2024-05-27,71926.0,71922.0
2024-05-28,71973.0,71933.0
2024-05-29,72343.0,72178.0
2024-05-30,71751.0,71746.0
2024-05-31,72127.0,72030.0
2024-06-03,71486.0,71235.0
2024-06-04,72166.0,71969.0
2024-06-05,71710.0,71696.0
2024-06-06,72704.0,72527.0
2024-06-07,72847.0,71748.0
2024-06-10,70855.0,70665.0
2024-06-11,71164.0,70969.0
2024-06-12,71343.0,71318.0
2024-06-13,71384.0,71290.0
2024-06-14,71596.0,71205.0
2024-06-17,71596.0,71596.0
2024-06-18,71312.0,71029.0
2024-06-19,71527.0,71481.0
2024-06-20,71961.0,71807.0
2024-06-21,72442.0,72434.0
2024-06-24,71452.0,71432.0
2024-06-25,71580.0,71397.0
2024-06-26,71140.0,71077.0
2024-06-27,71100.0,70823.0
2024-06-28,71563.0,71456.0
2024-07-01,71511.0,71384.0
2024-07-02,71583.0,71447.0
2024-07-03,71975.0,71853.0
2024-07-04,72177.0,72169.0
2024-07-05,72355.0,72348.0
2024-07-08,72625.0,72550.0
2024-07-09,72271.0,72241.0
2024-07-10,72441.0,72438.0
2024-07-11,72560.0,72524.0
2024-07-12,72753.0,72743.0
2024-07-15,73011.0,72655.0
2024-07-16,73320.0,72980.0
2024-07-17,73320.0,73320.0
2024-07-18,74094.0,73926.0
2024-07-19,73168.0,73115.0
2024-07-22,72875.0,72866.0
2024-07-23,69742.0,69296.0
2024-07-24,68947.0,68918.0
2024-07-25,67984.0,67936.0
2024-07-26,67896.0,67884.0
2024-07-29,68541.0,68527.0
2024-07-30,68514.0,68481.0
2024-07-31,69051.0,69046.0
2024-08-01,69582.0,69405.0
2024-08-02,70196.0,70095.0
2024-08-05,69419.0,69257.0
2024-08-06,68996.0,68804.0
2024-08-07,68639.0,68625.0
2024-08-08,68656.0,68633.0
2024-08-09,69236.0,69026.0
2024-08-12,69677.0,69491.0
2024-08-13,70180.0,70158.0
2024-08-14,70448.0,70260.0
2024-08-16,70265.0,70030.0
2024-08-19,70265.0,70265.0
2024-08-20,71676.0,71160.0
2024-08-21,71635.0,71417.0
2024-08-22,71392.0,71379.0
2024-08-23,71096.0,71007.0
2024-08-26,71096.0,71096.0
2024-08-27,71609.0,71433.0
2024-08-28,71465.0,71420.0
2024-08-29,71703.0,71593.0
2024-08-30,71679.0,71641.0
2024-09-02,71259.0,71161.0
2024-09-03,71157.0,71135.0
2024-09-04,71004.0,70908.0
2024-09-05,71590.0,71319.0
2024-09-06,71625.0,71604.0
2024-09-09,71059.0,70902.0
2024-09-10,71352.0,71307.0
2024-09-11,71766.0,71698.0
2024-09-12,71564.0,71543.0
2024-09-13,72761.0,72742.0
2024-09-16,73338.0,73267.0
2024-09-17,73265.0,72947.0
2024-09-18,72855.0,72798.0
2024-09-19,73282.0,72874.0
2024-09-20,73715.0,73632.0
2024-09-23,74216.0,74152.0
2024-09-24,74492.0,74359.0
2024-09-25,75029.0,74929.0
2024-09-26,75402.0,75216.0
2024-09-27,75402.0,75340.0
2024-09-30,75444.0,75051.0
2024-10-01,75213.0,75114.0
2024-10-03,75486.0,75320.0
2024-10-04,75713.0,75694.0
2024-10-07,75656.0,75276.0
2024-10-08,75279.0,75087.0
2024-10-09,74590.0,74464.0
2024-10-10,74534.0,74452.0
2024-10-11,75319.0,75225.0
2024-10-14,75832.0,75743.0
2024-10-15,75690.0,75496.0
2024-10-16,76188.0,76187.0
2024-10-17,76520.0,76391.0
2024-10-18,77164.0,77070.0
2024-10-21,77771.0,77767.0
2024-10-22,77909.0,77872.0
2024-10-23,78387.0,78362.0
2024-10-24,77997.0,77897.0
2024-10-25,77824.0,77622.0
2024-10-28,78131.0,77917.0
2024-10-29,78540.0,78493.0
2024-10-30,79408.0,79362.0
2024-10-31,79269.0,79181.0
2024-11-01,79181.0,79181.0
2024-11-04,79181.0,79181.0
2024-11-05,79181.0,79181.0
2024-11-06,78026.0,78016.0
2024-11-07,76503.0,76340.0
2024-11-08,77031.0,76994.0
2024-11-11,76706.0,76577.0
2024-11-12,74987.0,74631.0
2024-11-13,74916.0,74833.0
2024-11-14,73572.0,73281.0
2024-11-15,73281.0,73281.0
2024-11-18,74468.0,74300.0
2024-11-19,75564.0,75242.0
2024-11-20,75564.0,75564.0
2024-11-21,76529.0,76303.0
2024-11-22,77518.0,77157.0
2024-11-25,76487.0,76382.0
2024-11-26,75383.0,75131.0
2024-11-27,75953.0,75935.0
2024-11-28,75983.0,75696.0
2024-11-29,76400.0,76377.0
2024-12-02,75950.0,75673.0
2024-12-03,76137.0,76046.0
2024-12-04,76118.0,76031.0
2024-12-05,76171.0,76160.0
2024-12-06,75910.0,75873.0
2024-12-09,76375.0,76044.0
2024-12-10,76861.0,76757.0
2024-12-11,77579.0,77509.0
2024-12-12,78039.0,77933.0
2024-12-13,77130.0,76735.0
2024-12-16,76588.0,76349.0
2024-12-17,76331.0,76082.0
2024-12-18,76391.0,76309.0
2024-12-19,75696.0,75492.0
2024-12-20,75297.0,75233.0
2024-12-23,75926.0,75671.0
2024-12-24,75657.0,75640.0
2024-12-26,75990.0,75975.0
2024-12-27,76425.0,76124.0
2024-12-30,75935.0,75874.0
2024-12-31,75913.0,75746.0
2025-01-01,76308.0,76244.0
2025-01-02,76720.0,76518.0
2025-01-03,77178.0,77098.0
2025-01-06,76670.0,76635.0
2025-01-07,76890.0,76811.0
2025-01-08,77128.0,77122.0
2025-01-09,77403.0,77355.0
2025-01-10,77784.0,77725.0
2025-01-13,78111.0,77971.0
2025-01-14,77971.0,77971.0
2025-01-15,78098.0,77972.0
2025-01-16,78708.0,78454.0
2025-01-17,78960.0,78872.0
2025-01-20,79105.0,79002.0
2025-01-21,79177.0,79113.0
2025-01-22,79826.0,79765.0
2025-01-23,79747.0,79630.0
2025-01-24,80114.0,80105.0
2025-01-27,80028.0,79771.0
2025-01-28,79999.0,79752.0
2025-01-29,80581.0,80482.0
2025-01-30,81028.0,80651.0
2025-01-31,81806.0,81798.0
2025-02-03,82313.0,82019.0
2025-02-04,82792.0,82740.0
2025-02-05,84377.0,83799.0
2025-02-06,84262.0,84252.0
2025-02-07,84288.0,84204.0
2025-02-10,85379.0,85065.0
2025-02-11,85327.0,85081.0
2025-02-12,84814.0,84688.0
2025-02-13,85443.0,85376.0
2025-02-14,85786.0,85769.0
2025-02-17,84923.0,84742.0
2025-02-18,85387.0,85373.0
2025-02-19,86360.0,85987.0
2025-02-20,86243.0,86200.0
2025-02-21,85695.0,85659.0
2025-02-24,86086.0,85972.0
2025-02-25,86275.0,86139.0
2025-02-26,86275.0,86275.0
2025-02-27,85352.0,85225.0
2025-02-28,84789.0,84782.0
2025-03-03,84828.0,84683.0
2025-03-04,86022.0,85400.0
2025-03-05,86032.0,85992.0
2025-03-06,85988.0,85468.0
2025-03-07,85730.0,85670.0
2025-03-10,85793.0,85721.0
2025-03-11,85663.0,85546.0
2025-03-12,85765.0,85749.0
2025-03-13,86410.0,86297.0
2025-03-14,86410.0,86410.0
2025-03-17,87722.0,87497.0
2025-03-18,88025.0,88000.0
2025-03-19,88444.0,88288.0
2025-03-20,88421.0,88153.0
2025-03-21,88024.0,87821.0
2025-03-24,87546.0,87447.0
2025-03-25,87438.0,87280.0
2025-03-26,87504.0,87363.0
2025-03-27,88112.0,87718.0
2025-03-28,88996.0,88691.0
2025-03-31,88691.0,88691.0
2025-04-01,90797.0,90632.0
2025-04-02,90764.0,90456.0
2025-04-03,90792.0,90121.0
2025-04-04,89798.0,89762.0
2025-04-07,88314.0,88059.0
2025-04-08,88047.0,87887.0
2025-04-09,89297.0,89168.0
2025-04-10,89297.0,89297.0
2025-04-11,93127.0,92769.0
2025-04-14,93127.0,93127.0
2025-04-15,92822.0,92785.0
2025-04-16,94304.0,94171.0
2025-04-17,94745.0,94629.0
2025-04-21,96305.0,96276.0
2025-04-22,98713.0,98228.0
2025-04-23,95641.0,95143.0
2025-04-24,95950.0,95719.0
2025-04-25,95413.0,95244.0
2025-04-28,94834.0,94600.0
2025-04-29,95788.0,95561.0
2025-04-30,95023.0,93928.0
2025-05-01,93928.0,93928.0
2025-05-02,93577.0,92956.0
2025-05-05,94883.0,93374.0
2025-05-06,96708.0,96388.0
2025-05-07,97192.0,97153.0
2025-05-08,96664.0,95860.0
2025-05-09,96251.0,96061.0
2025-05-12,94003.0,92631.0
2025-05-13,94036.0,93802.0
2025-05-14,93407.0,93360.0
2025-05-15,92020.0,91497.0
2025-05-16,93070.0,92708.0
2025-05-19,93428.0,93266.0
2025-05-20,93190.0,92551.0
2025-05-21,95215.0,95175.0
2025-05-22,95502.0,95395.0
2025-05-23,95505.0,95213.0
2025-05-26,95488.0,95038.0
2025-05-27,95225.0,94936.0
2025-05-28,95521.0,95455.0
2025-05-29,94954.0,94461.0
2025-05-30,95058.0,94973.0
2025-06-02,96430.0,96153.0
2025-06-03,96449.0,96342.0
2025-06-04,96726.0,96722.0
2025-06-05,97553.0,96858.0
2025-06-06,96786.0,96648.0
2025-06-09,95677.0,95473.0
2025-06-10,95802.0,95722.0
2025-06-11,95848.0,95784.0
2025-06-12,96879.0,96795.0
2025-06-13,98732.0,98526.0
2025-06-16,98858.0,98848.0
2025-06-17,98768.0,98275.0
2025-06-18,98931.0,98566.0
2025-06-19,98886.0,98469.0
2025-06-20,98305.0,98071.0
2025-06-23,98718.0,98448.0
2025-06-24,96837.0,96781.0
2025-06-25,96813.0,96802.0
2025-06-26,96733.0,96691.0
2025-06-27,95583.0,95398.0
2025-06-30,95676.0,95608.0
2025-07-01,96900.0,96545.0
2025-07-02,97057.0,96793.0
2025-07-03,97298.0,96933.0
2025-07-04,96711.0,96609.0
2025-07-07,96323.0,96317.0
2025-07-08,96888.0,96537.0
2025-07-09,95772.0,95654.0
2025-07-10,96499.0,96405.0
2025-07-11,97095.0,96926.0
2025-07-14,97961.0,97910.0
2025-07-15,97604.0,97502.0
2025-07-16,97196.0,97069.0
2025-07-17,97100.0,97074.0
2025-07-18,97800.0,97524.0
2025-07-21,98391.0,98351.0
2025-07-22,99026.0,98988.0
2025-07-23,100130.0,100096.0
2025-07-24,98762.0,98442.0
2025-07-25,98350.0,98044.0
2025-07-28,98040.0,97954.0
2025-07-29,97912.0,97772.0
2025-07-30,98616.0,98354.0
2025-07-31,98068.0,97899.0
2025-08-01,97770.0,97511.0
2025-08-04,99515.0,99508.0
2025-08-05,99988.0,99760.0
2025-08-06,100190.0,99977.0
2025-08-07,100711.0,100132.0
2025-08-08,100974.0,100672.0
2025-08-11,99669.0,99629.0
2025-08-12,99371.0,99104.0
2025-08-13,99722.0,99662.0
2025-08-14,99665.0,99569.0
2025-08-18,99299.0,99202.0
2025-08-19,98702.0,98684.0
2025-08-20,98365.0,98315.0
2025-08-21,98904.0,98531.0
2025-08-22,98965.0,98855.0
2025-08-25,100036.0,99994.0
2025-08-26,100465.0,100351.0
2025-08-27,100351.0,100351.0
2025-08-28,100999.0,100998.0
2025-08-29,101967.0,101655.0
2025-09-01,104357.0,103969.0
2025-09-02,104002.0,103987.0
2025-09-03,105279.0,105268.0
2025-09-04,105570.0,105527.0
2025-09-05,106063.0,105967.0
2025-09-08,107595.0,107107.0
2025-09-09,109013.0,108813.0
2025-09-10,109173.0,108896.0
2025-09-11,108732.0,108690.0
2025-09-12,109390.0,109298.0
2025-09-15,109072.0,108968.0
2025-09-16,110494.0,110231.0
2025-09-17,109451.0,109303.0
2025-09-18,109696.0,108874.0
2025-09-19,109388.0,109281.0
2025-09-22,111599.0,111133.0
2025-09-23,113884.0,112966.0
2025-09-24,113504.0,113167.0
2025-09-25,113054.0,112602.0
2025-09-26,112879.0,112733.0
2025-09-29,114803.0,114745.0
2025-09-30,116166.0,114761.0
2025-10-01,116933.0,116182.0
2025-10-03,116438.0,116289.0
2025-10-06,118807.0,118671.0
2025-10-07,119400.0,119195.0
2025-10-08,121814.0,121444.0
2025-10-09,122169.0,121800.0
2025-10-10,120859.0,120054.0
2025-10-13,123377.0,123305.0
2025-10-14,125675.0,124945.0
2025-10-15,126401.0,126338.0
2025-10-16,126815.0,126650.0
2025-10-17,130233.0,129828.0
2025-10-20,126854.0,126655.0
2025-10-21,126854.0,126854.0
2025-10-22,126854.0,126854.0
2025-10-23,126854.0,126854.0
2025-10-24,126854.0,126854.0
2025-10-27,121841.0,120909.0
2025-10-28,118200.0,117583.0
2025-10-29,120367.0,119283.0
2025-10-30,119905.0,119117.0
2025-10-31,120450.0,120395.0
2025-11-03,120677.0,120156.0
2025-11-04,119944.0,119645.0
2025-11-05,119289.0,119277.0
2025-11-06,120183.0,119817.0
2025-11-07,120020.0,119957.0
2025-11-10,121817.0,121559.0
2025-11-11,123623.0,123539.0
2025-11-12,123375.0,123256.0
2025-11-13,126587.0,125775.0
2025-11-14,124702.0,124550.0
2025-11-17,122902.0,122336.0
2025-11-18,121519.0,120778.0
2025-11-19,123452.0,122888.0
2025-11-20,122359.0,122235.0
2025-11-21,122572.0,121330.0
2025-11-24,122780.0,122574.0
2025-11-25,124951.0,124691.0
2025-11-26,125665.0,125458.0
2025-11-27,125537.0,125471.0
2025-11-28,126220.0,126033.0
2025-12-01,128527.99999999999,128121.00000000001
2025-12-02,127723.0,127081.0
2025-12-03,127967.0,127860.0
2025-12-04,127441.0,127244.0
2025-12-05,128221.0,128138.0
2025-12-08,128276.00000000001,128020.99999999999
2025-12-09,127762.0,127291.0
2025-12-10,127798.0,127440.0
2025-12-11,128693.99999999999,128211.00000000001
2025-12-12,131684.0,130490.00000000001
2025-12-15,133069.0,132940.0
2025-12-16,131661.0,131555.0
2025-12-17,132046.0,131922.0
2025-12-18,131965.0,131927.0
2025-12-19,131874.0,131340.0
2025-12-22,133671.0,133589.0
2025-12-23,135850.0,135821.0
2025-12-24,136153.0,136139.0
2025-12-26,137591.0,137450.0
2025-12-29,136649.0,136526.0
2025-12-30,133826.0,133788.0
2025-12-31,132820.0,132640.0
2026-01-01,132941.0,132614.0
2026-01-02,134143.0,133883.0
2026-01-05,135779.0,135268.0
2026-01-06,136484.0,136210.0
2026-01-07,136103.0,135984.0
2026-01-08,135373.0,135293.0
2026-01-09,136723.0,136645.0
2026-01-12,139967.0,139704.0
2026-01-13,139799.0,139594.0
2026-01-14,139799.0,139799.0
2026-01-15,139799.0,139799.0
2026-01-16,141147.0,141020.0
2026-01-19,143779.0,143670.0
2026-01-20,147088.0,146089.0
2026-01-21,154486.0,153662.0
2026-01-22,150890.0,150671.0
2026-01-23,154624.0,154120.0
2026-01-27,158885.0,158767.0
2026-01-28,164621.0,163894.0
2026-01-29,176306.0,175231.0
2026-01-30,167095.0,164389.0
2026-02-02,147878.0,143926.0
2026-02-03,151858.0,151376.0
2026-02-04,157620.0,156709.0
2026-02-05,152434.0,151519.0
2026-02-06,151677.0,151063.0
2026-02-09,154902.0,154262.0
2026-02-10,155646.0,154945.0
2026-02-11,155999.0,155648.0
2026-02-12,155398.0,155317.0
2026-02-13,152730.0,152497.0
2026-02-16,153782.0,153662.0
2026-02-17,151525.0,151010.0
2026-02-18,151548.0,151196.0
2026-02-19,154908.0,154137.0
2026-02-20,154463.0,154127.0
2026-02-23,157781.0,157497.0
2026-02-24,158728.0,158701.0
2026-02-25,159383.0,158903.0
2026-02-26,158211.0,157595.0
2026-02-27,158588.0,158585.0
2026-03-02,167090.0,167059.0
2026-03-03,167090.0,162029.0
2026-03-04,162029.0,162029.0
2026-03-05,159918.0,159878.0
2026-03-06,158664.0,157967.0
2026-03-09,159038.0,158618.0
2026-03-10,159718.0,159691.0
2026-03-11,160408.0,160150.0
2026-03-12,159809.0,159397.0
2026-03-13,158013.0,157863.0
2026-03-16,155556.0,154395.0
2026-03-17,155562.0,155297.0
2026-03-18,155203.0,154597.0
2026-03-19,149733.0,147418.0
2026-03-20,146842.0,146640.0
2026-03-23,135846.0,133513.0
2026-03-24,140309.0,139818.0
2026-03-25,144783.0,144347.0
2026-03-26,144783.0,144783.0
2026-03-27,143537.0,142344.0
2026-03-30,146126.0,145777.0
2026-04-01,150102.0,149432.0
2026-04-02,146091.0,146006.0
2026-04-06,148308.0,147403.0
2026-04-07,147056.0,146980.0
2026-04-08,151223.0,150464.0
2026-04-09,149423.0,148668.0
2026-04-10,149646.0,149588.0
