date,mcx_gold
2015-01-01,27167.0
2015-01-02,27167.0
2015-01-05,27468.0
2015-01-06,27468.0
2015-01-07,27730.0
2015-01-08,27997.0
2015-01-09,28168.0
2015-01-12,28017.0
2015-01-13,28017.0
2015-01-14,28017.0
2015-01-15,27775.0
2015-01-16,27930.0
2015-01-19,27630.0
2015-01-20,27630.0
2015-01-21,27907.0
2015-01-22,27955.0
2015-01-23,27731.0
2015-01-26,27666.0
2015-01-27,27666.0
2015-01-28,27343.0
2015-01-29,27295.0
2015-01-30,27276.0
2015-02-02,27069.0
2015-02-03,27069.0
2015-02-04,27189.0
2015-02-05,27189.0
2015-02-06,26660.0
2015-02-09,26655.0
2015-02-10,26655.0
2015-02-11,26429.0
2015-02-12,26499.0
2015-02-13,26547.0
2015-02-16,26309.0
2015-02-17,26559.0
2015-02-18,26559.0
2015-02-19,26745.0
2015-02-20,26553.0
2015-02-23,26545.0
2015-02-24,26545.0
2015-02-25,26545.0
2015-02-26,26139.0
2015-02-27,25882.0
2015-03-02,25872.0
2015-03-03,25872.0
2015-03-04,25838.0
2015-03-05,25646.0
2015-03-06,25596.0
2015-03-09,25925.0
2015-03-10,25925.0
2015-03-11,26056.0
2015-03-12,26231.0
2015-03-13,26267.0
2015-03-16,26484.0
2015-03-17,26484.0
2015-03-18,26278.0
2015-03-19,26232.0
2015-03-20,26169.0
2015-03-23,26169.0
2015-03-24,26169.0
2015-03-25,26851.0
2015-03-26,26714.0
2015-03-27,26697.0
2015-03-30,26550.0
2015-03-31,26550.0
2015-04-01,26544.0
2015-04-02,26544.0
2015-04-03,26544.0
2015-04-06,26654.0
2015-04-07,26605.0
2015-04-08,26605.0
2015-04-09,26730.0
2015-04-10,26687.0
2015-04-13,26610.0
2015-04-14,26780.0
2015-04-15,26780.0
2015-04-16,26632.0
2015-04-17,26866.0
2015-04-20,27047.0
2015-04-21,27047.0
2015-04-22,27047.0
2015-04-23,27047.0
2015-04-24,26762.0
2015-04-27,26904.0
2015-04-28,26845.0
2015-04-29,26845.0
2015-04-30,26848.0
2015-05-01,27100.0
2015-05-04,27412.0
2015-05-05,27252.0
2015-05-06,27252.0
2015-05-07,27596.0
2015-05-08,27441.0
2015-05-11,27212.0
2015-05-12,27225.0
2015-05-13,27225.0
2015-05-14,27066.0
2015-05-15,27032.0
2015-05-18,26858.0
2015-05-19,26843.0
2015-05-20,26843.0
2015-05-21,26772.0
2015-05-22,26914.0
2015-05-25,26798.0
2015-05-26,26556.0
2015-05-27,26556.0
2015-05-28,26628.0
2015-05-29,26731.0
2015-06-01,26687.0
2015-06-02,26700.0
2015-06-03,26700.0
2015-06-04,26630.0
2015-06-05,26846.0
2015-06-08,26844.0
2015-06-09,26884.0
2015-06-10,26884.0
2015-06-11,26716.0
2015-06-12,26509.0
2015-06-15,26322.0
2015-06-16,26349.0
2015-06-17,26349.0
2015-06-18,26544.0
2015-06-19,26356.0
2015-06-22,26042.0
2015-06-23,26148.0
2015-06-24,26148.0
2015-06-25,26086.0
2015-06-26,26081.0
2015-06-29,26026.0
2015-06-30,26014.0
2015-07-01,26014.0
2015-07-02,25922.0
2015-07-03,25858.0
2015-07-06,25708.0
2015-07-07,25693.0
2015-07-08,25693.0
2015-07-09,25248.0
2015-07-10,25059.0
2015-07-13,25010.0
2015-07-14,24599.0
2015-07-15,24599.0
2015-07-16,24951.0
2015-07-17,24800.0
2015-07-20,24684.0
2015-07-21,24592.0
2015-07-22,24592.0
2015-07-23,24830.0
2015-07-24,24696.0
2015-07-27,24562.0
2015-07-28,24668.0
2015-07-29,24668.0
2015-07-30,24761.0
2015-07-31,25264.0
2015-08-03,25710.0
2015-08-04,25690.0
2015-08-05,25690.0
2015-08-06,25804.0
2015-08-07,25919.0
2015-08-10,26351.0
2015-08-11,26802.0
2015-08-12,26802.0
2015-08-13,27166.0
2015-08-14,26700.0
2015-08-17,26245.0
2015-08-18,26371.0
2015-08-19,26371.0
2015-08-20,26556.0
2015-08-21,26718.0
2015-08-24,26326.0
2015-08-25,26325.0
2015-08-26,26325.0
2015-08-27,26401.0
2015-08-28,26280.0
2015-08-31,25952.0
2015-09-01,26001.0
2015-09-02,26001.0
2015-09-03,25902.0
2015-09-04,25859.0
2015-09-07,25859.0
2015-09-08,26377.0
2015-09-09,26377.0
2015-09-10,26630.0
2015-09-11,26177.0
2015-09-14,26424.0
2015-09-15,26424.0
2015-09-16,26424.0
2015-09-17,26334.0
2015-09-18,26145.0
2015-09-21,25754.0
2015-09-22,25754.0
2015-09-23,25754.0
2015-09-24,26127.0
2015-09-25,26242.0
2015-09-28,26247.0
2015-09-29,26388.0
2015-09-30,26388.0
2015-10-01,26620.0
2015-10-02,26469.0
2015-10-05,26934.0
2015-10-06,26876.0
2015-10-07,26876.0
2015-10-08,26711.0
2015-10-09,26852.0
2015-10-12,26852.0
2015-10-13,26764.0
2015-10-14,26764.0
2015-10-15,26669.0
2015-10-16,26652.0
2015-10-19,26654.0
2015-10-20,26461.0
2015-10-21,26461.0
2015-10-22,26387.0
2015-10-23,26232.0
2015-10-26,25803.0
2015-10-27,25854.0
2015-10-28,25854.0
2015-10-29,25800.0
2015-10-30,25743.0
2015-11-02,25743.0
2015-11-03,25743.0
2015-11-04,25743.0
2015-11-05,25610.0
2015-11-06,25304.0
2015-11-09,25240.0
2015-11-10,25488.0
2015-11-11,25488.0
2015-11-12,25225.0
2015-11-13,25296.0
2015-11-16,25338.0
2015-11-17,25263.0
2015-11-18,25263.0
2015-11-19,25049.0
2015-11-20,25235.0
2015-11-23,24887.0
2015-11-24,25143.0
2015-11-25,25143.0
2015-11-26,25547.0
2015-11-27,25315.0
2015-11-30,25324.0
2015-12-01,25231.0
2015-12-02,25231.0
2015-12-03,25344.0
2015-12-04,25250.0
2015-12-07,25136.0
2015-12-08,24954.0
2015-12-09,24954.0
2015-12-10,25221.0
2015-12-11,25307.0
2015-12-14,25307.0
2015-12-15,25307.0
2015-12-16,25307.0
2015-12-17,25153.0
2015-12-18,25196.0
2015-12-21,24994.0
2015-12-22,25042.0
2015-12-23,25042.0
2015-12-24,25292.0
2015-12-25,25292.0
2015-12-28,25648.0
2015-12-29,25887.0
2015-12-30,25858.0
2015-12-31,25858.0
2016-01-01,26003.0
2016-01-04,25576.0
2016-01-05,25576.0
2016-01-06,25576.0
2016-01-07,25576.0
2016-01-08,26056.0
2016-01-11,26264.0
2016-01-12,26334.0
2016-01-13,26186.0
2016-01-14,26186.0
2016-01-15,26373.0
2016-01-18,26731.0
2016-01-19,26808.0
2016-01-20,26575.0
2016-01-21,26575.0
2016-01-22,26778.0
2016-01-25,27052.0
2016-01-26,27221.0
2016-01-27,27486.0
2016-01-28,27486.0
2016-01-29,27789.0
2016-02-01,28199.0
2016-02-02,28934.0
2016-02-03,29305.0
2016-02-04,29305.0
2016-02-05,28459.0
2016-02-08,28473.0
2016-02-09,28560.0
2016-02-10,28918.0
2016-02-11,28918.0
2016-02-12,28598.0
2016-02-15,29154.0
2016-02-16,29177.0
2016-02-17,29187.0
2016-02-18,29187.0
2016-02-19,29181.0
2016-02-22,28800.0
2016-02-23,28977.0
2016-02-24,29450.0
2016-02-25,29450.0
2016-02-26,29450.0
2016-02-29,29080.0
2016-03-01,29080.0
2016-03-02,29080.0
2016-03-03,29080.0
2016-03-04,29080.0
2016-03-07,29080.0
2016-03-08,29080.0
2016-03-09,29080.0
2016-03-10,29080.0
2016-03-11,29080.0
2016-03-14,29080.0
2016-03-15,29080.0
2016-03-16,29080.0
2016-03-17,29080.0
2016-03-18,29080.0
2016-03-21,29080.0
2016-03-22,29080.0
2016-03-23,29080.0
2016-03-24,29080.0
2016-03-25,29080.0
2016-03-28,29080.0
2016-03-29,29080.0
2016-03-30,29080.0
2016-03-31,29080.0
2016-04-01,29080.0
2016-04-04,29080.0
2016-04-05,28901.0
2016-04-06,28901.0
2016-04-07,28901.0
2016-04-08,28901.0
2016-04-11,28901.0
2016-04-12,29240.0
2016-04-13,29479.0
2016-04-14,29320.0
2016-04-15,29320.0
2016-04-18,29062.0
2016-04-19,29304.0
2016-04-20,29501.0
2016-04-21,29918.0
2016-04-22,29918.0
2016-04-25,30149.0
2016-04-26,29986.0
2016-04-27,29925.0
2016-04-28,30003.0
2016-04-29,30003.0
2016-05-02,29746.0
2016-05-03,29885.0
2016-05-04,29735.0
2016-05-05,29880.0
2016-05-06,29880.0
2016-05-09,29861.0
2016-05-10,29850.0
2016-05-11,29667.0
2016-05-12,29729.0
2016-05-13,29729.0
2016-05-16,29493.0
2016-05-17,28980.0
2016-05-18,29003.0
2016-05-19,28802.0
2016-05-20,28802.0
2016-05-23,28615.0
2016-05-24,28742.0
2016-05-25,28678.0
2016-05-26,28616.0
2016-05-27,28616.0
2016-05-30,28927.0
2016-05-31,29069.0
2016-06-01,29154.0
2016-06-02,29167.0
2016-06-03,29167.0
2016-06-06,29892.0
2016-06-07,29873.0
2016-06-08,30598.0
2016-06-09,29939.0
2016-06-10,29939.0
2016-06-13,29952.0
2016-06-14,29680.0
2016-06-15,29639.0
2016-06-16,30971.0
2016-06-17,30971.0
2016-06-20,30698.0
2016-06-21,30597.0
2016-06-22,30539.0
2016-06-23,30980.0
2016-06-24,30980.0
2016-06-27,31095.0
2016-06-28,31095.0
2016-06-29,31529.0
2016-06-30,31204.0
2016-07-01,31204.0
2016-07-04,31139.0
2016-07-05,31012.0
2016-07-06,30753.0
2016-07-07,30889.0
2016-07-08,30889.0
2016-07-11,30851.0
2016-07-12,30742.0
2016-07-13,30699.0
2016-07-14,30754.0
2016-07-15,30754.0
2016-07-18,30764.0
2016-07-19,30777.0
2016-07-20,31025.0
2016-07-21,30939.0
2016-07-22,30939.0
2016-07-25,31283.0
2016-07-26,31383.0
2016-07-27,31182.0
2016-07-28,31285.0
2016-07-29,31285.0
2016-08-01,30895.0
2016-08-02,31180.0
2016-08-03,31225.0
2016-08-04,31018.0
2016-08-05,31018.0
2016-08-08,31295.0
2016-08-09,31073.0
2016-08-10,31073.0
2016-08-11,31252.0
2016-08-12,31252.0
2016-08-15,31280.0
2016-08-16,31281.0
2016-08-17,31281.0
2016-08-18,31066.0
2016-08-19,31066.0
2016-08-22,31014.0
2016-08-23,30814.0
2016-08-24,30703.0
2016-08-25,30761.0
2016-08-26,30761.0
2016-08-29,31030.0
2016-08-30,31278.0
2016-08-31,31240.0
2016-09-01,31191.0
2016-09-02,31191.0
2016-09-05,31191.0
2016-09-06,31191.0
2016-09-07,31073.0
2016-09-08,31115.0
2016-09-09,30920.0
2016-09-12,30967.0
2016-09-13,30982.0
2016-09-14,31106.0
2016-09-15,31263.0
2016-09-16,31316.0
2016-09-19,31305.0
2016-09-20,31227.0
2016-09-21,31038.0
2016-09-22,31096.0
2016-09-23,31175.0
2016-09-26,30940.0
2016-09-27,30725.0
2016-09-28,30033.0
2016-09-29,29959.0
2016-09-30,29783.0
2016-10-03,29863.0
2016-10-04,29863.0
2016-10-05,29863.0
2016-10-06,29940.0
2016-10-07,29752.0
2016-10-10,29738.0
2016-10-11,29845.0
2016-10-12,29957.0
2016-10-13,30011.0
2016-10-14,29950.0
2016-10-17,29959.0
2016-10-18,30002.0
2016-10-19,30095.0
2016-10-20,30072.0
2016-10-21,30049.0
2016-10-24,30049.0
2016-10-25,30049.0
2016-10-26,30551.0
2016-10-27,30477.0
2016-10-28,30421.0
2016-10-31,30292.0
2016-11-01,30292.0
2016-11-02,30648.0
2016-11-03,30389.0
2016-11-04,30389.0
2016-11-07,29949.0
2016-11-08,29808.0
2016-11-09,29666.0
2016-11-10,29354.0
2016-11-11,29354.0
2016-11-14,29409.0
2016-11-15,29391.0
2016-11-16,29013.0
2016-11-17,28820.0
2016-11-18,28820.0
2016-11-21,28891.0
2016-11-22,28837.0
2016-11-23,28356.0
2016-11-24,28401.0
2016-11-25,28401.0
2016-11-28,28249.0
2016-11-29,28233.0
2016-11-30,28131.0
2016-12-01,28070.0
2016-12-02,28070.0
2016-12-05,27844.0
2016-12-06,27857.0
2016-12-07,27335.0
2016-12-08,27305.0
2016-12-09,27305.0
2016-12-12,27305.0
2016-12-13,27343.0
2016-12-14,27208.0
2016-12-15,27221.0
2016-12-16,27221.0
2016-12-19,27562.0
2016-12-20,27532.0
2016-12-21,27671.0
2016-12-22,27830.0
2016-12-23,27830.0
2016-12-26,27791.0
2016-12-27,28092.0
2016-12-28,28159.0
2016-12-29,28302.0
2016-12-30,28302.0
2017-01-02,28507.0
2017-01-03,28678.0
2017-01-04,28891.0
2017-01-05,28809.0
2017-01-06,28809.0
2017-01-09,29215.0
2017-01-10,29203.0
2017-01-11,29053.0
2017-01-12,29024.0
2017-01-13,29024.0
2017-01-16,29259.0
2017-01-17,29092.0
2017-01-18,29092.0
2017-01-19,28696.0
2017-01-20,28696.0
2017-01-23,29008.0
2017-01-24,29030.0
2017-01-25,29207.0
2017-01-26,28977.0
2017-01-27,28977.0
2017-01-30,29305.0
2017-01-31,29376.0
2017-02-01,29366.0
2017-02-02,29015.0
2017-02-03,29015.0
2017-02-06,29112.0
2017-02-07,29042.0
2017-02-08,29341.0
2017-02-09,29412.0
2017-02-10,29412.0
2017-02-13,29171.0
2017-02-14,29309.0
2017-02-15,29300.0
2017-02-16,29300.0
2017-02-17,29300.0
2017-02-20,29591.0
2017-02-21,29464.0
2017-02-22,29397.0
2017-02-23,29126.0
2017-02-24,29126.0
2017-02-27,28978.0
2017-02-28,28802.0
2017-03-01,28662.0
2017-03-02,28430.0
2017-03-03,28430.0
2017-03-06,28333.0
2017-03-07,28084.0
2017-03-08,28491.0
2017-03-09,28487.0
2017-03-10,28487.0
2017-03-13,28423.0
2017-03-14,28793.0
2017-03-15,28870.0
2017-03-16,28787.0
2017-03-17,28787.0
2017-03-20,28834.0
2017-03-21,28733.0
2017-03-22,28697.0
2017-03-23,28527.0
2017-03-24,28527.0
2017-03-27,28527.0
2017-03-28,28817.0
2017-03-29,28796.0
2017-03-30,28845.0
2017-03-31,28845.0
2017-04-03,28814.0
2017-04-04,29140.0
2017-04-05,29313.0
2017-04-06,29313.0
2017-04-07,29313.0
2017-04-10,29416.0
2017-04-11,29322.0
2017-04-12,29249.0
2017-04-13,29320.0
2017-04-14,29320.0
2017-04-17,29076.0
2017-04-18,28972.0
2017-04-19,28836.0
2017-04-20,28804.0
2017-04-21,28887.0
2017-04-24,28887.0
2017-04-25,28634.0
2017-04-26,28563.0
2017-04-27,28184.0
2017-04-28,28227.0
2017-05-01,28161.0
2017-05-02,28100.0
2017-05-03,28087.0
2017-05-04,27970.0
2017-05-05,28066.0
2017-05-08,28042.0
2017-05-09,28029.0
2017-05-10,28294.0
2017-05-11,28871.0
2017-05-12,28659.0
2017-05-15,28673.0
2017-05-16,28853.0
2017-05-17,28701.0
2017-05-18,28702.0
2017-05-19,28782.0
2017-05-22,28846.0
2017-05-23,28849.0
2017-05-24,28839.0
2017-05-25,28828.0
2017-05-26,28757.0
2017-05-29,29081.0
2017-05-30,29323.0
2017-05-31,29232.0
2017-06-01,29161.0
2017-06-02,28916.0
2017-06-05,28878.0
2017-06-06,28720.0
2017-06-07,28822.0
2017-06-08,28703.0
2017-06-09,28657.0
2017-06-12,28558.0
2017-06-13,28531.0
2017-06-14,28567.0
2017-06-15,28702.0
2017-06-16,28753.0
2017-06-19,28753.0
2017-06-20,28738.0
2017-06-21,28797.0
2017-06-22,28782.0
2017-06-23,28803.0
2017-06-26,28292.0
2017-06-27,28149.0
2017-06-28,28066.0
2017-06-29,28135.0
2017-06-30,28009.0
2017-07-03,27719.0
2017-07-04,27772.0
2017-07-05,27878.0
2017-07-06,27936.0
2017-07-07,27850.0
2017-07-10,28036.0
2017-07-11,28188.0
2017-07-12,28198.0
2017-07-13,28165.0
2017-07-14,28320.0
2017-07-17,28539.0
2017-07-18,28423.0
2017-07-19,28327.0
2017-07-20,28327.0
2017-07-21,28443.0
2017-07-24,28513.0
2017-07-25,28544.0
2017-07-26,28467.0
2017-07-27,28374.0
2017-07-28,28554.0
2017-07-31,28554.0
2017-08-01,28447.0
2017-08-02,28560.0
2017-08-03,28901.0
2017-08-04,29002.0
2017-08-07,28901.0
2017-08-08,28901.0
2017-08-09,28726.0
2017-08-10,28989.0
2017-08-11,29134.0
2017-08-14,28944.0
2017-08-15,28919.0
2017-08-16,28975.0
2017-08-17,28879.0
2017-08-18,28879.0
2017-08-21,29140.0
2017-08-22,29636.0
2017-08-23,29601.0
2017-08-24,29456.0
2017-08-25,29742.0
2017-08-28,30165.0
2017-08-29,30151.0
2017-08-30,30205.0
2017-08-31,30164.0
2017-09-01,30388.0
2017-09-04,30092.0
2017-09-05,29876.0
2017-09-06,30001.0
2017-09-07,29972.0
2017-09-08,29925.0
2017-09-11,29723.0
2017-09-12,29661.0
2017-09-13,29753.0
2017-09-14,29576.0
2017-09-15,29551.0
2017-09-18,29713.0
2017-09-19,30127.0
2017-09-20,29828.0
2017-09-21,29667.0
2017-09-22,29692.0
2017-09-25,29692.0
2017-09-26,29434.0
2017-09-27,29428.0
2017-09-28,29405.0
2017-09-29,29337.0
2017-10-02,29594.0
2017-10-03,29732.0
2017-10-04,29659.0
2017-10-05,29732.0
2017-10-06,29675.0
2017-10-09,29868.0
2017-10-10,29671.0
2017-10-11,29611.0
2017-10-12,29611.0
2017-10-13,29611.0
2017-10-16,29611.0
2017-10-17,29611.0
2017-10-18,29372.0
2017-10-19,29393.0
2017-10-20,29258.0
2017-10-23,29269.0
2017-10-24,29333.0
2017-10-25,29264.0
2017-10-26,29206.0
2017-10-27,29167.0
2017-10-30,29123.0
2017-10-31,29312.0
2017-11-01,29382.0
2017-11-02,29391.0
2017-11-03,29501.0
2017-11-06,29514.0
2017-11-07,29397.0
2017-11-08,29544.0
2017-11-09,29426.0
2017-11-10,29461.0
2017-11-13,29634.0
2017-11-14,29434.0
2017-11-15,29429.0
2017-11-16,29499.0
2017-11-17,29447.0
2017-11-20,29469.0
2017-11-21,29453.0
2017-11-22,29441.0
2017-11-23,29236.0
2017-11-24,29176.0
2017-11-27,29086.0
2017-11-28,29068.0
2017-11-29,28977.0
2017-11-30,28742.0
2017-12-01,28492.0
2017-12-04,28535.0
2017-12-05,28443.0
2017-12-06,28411.0
2017-12-07,28411.0
2017-12-08,28585.0
2017-12-11,28555.0
2017-12-12,28629.0
2017-12-13,28630.0
2017-12-14,28676.0
2017-12-15,28686.0
2017-12-18,28686.0
2017-12-19,28883.0
2017-12-20,29092.0
2017-12-21,29250.0
2017-12-22,29252.0
2017-12-25,29252.0
2017-12-26,29363.0
2017-12-27,29374.0
2017-12-28,29434.0
2017-12-29,29341.0
2018-01-01,29341.0
2018-01-02,29492.0
2018-01-03,29499.0
2018-01-04,29563.0
2018-01-05,29606.0
2018-01-08,29606.0
2018-01-09,29838.0
2018-01-10,30056.0
2018-01-11,30094.0
2018-01-12,29891.0
2018-01-15,29891.0
2018-01-16,29965.0
2018-01-17,30058.0
2018-01-18,30239.0
2018-01-19,30489.0
2018-01-22,30489.0
2018-01-23,30223.0
2018-01-24,30305.0
2018-01-25,30207.0
2018-01-26,30286.0
2018-01-29,30286.0
2018-01-30,30267.0
2018-01-31,30433.0
2018-02-01,30182.0
2018-02-02,29881.0
2018-02-05,29881.0
2018-02-06,30063.0
2018-02-07,30063.0
2018-02-08,30200.0
2018-02-09,30542.0
2018-02-12,30542.0
2018-02-13,30635.0
2018-02-14,30567.0
2018-02-15,30393.0
2018-02-16,30384.0
2018-02-19,30384.0
2018-02-20,30573.0
2018-02-21,30496.0
2018-02-22,30398.0
2018-02-23,30269.0
2018-02-26,30269.0
2018-02-27,30488.0
2018-02-28,30438.0
2018-03-01,30565.0
2018-03-02,30459.0
2018-03-05,30459.0
2018-03-06,30271.0
2018-03-07,30238.0
2018-03-08,30375.0
2018-03-09,30320.0
2018-03-12,30320.0
2018-03-13,30154.0
2018-03-14,30251.0
2018-03-15,30300.0
2018-03-16,30495.0
2018-03-19,30495.0
2018-03-20,30756.0
2018-03-21,30718.0
2018-03-22,30630.0
2018-03-23,30630.0
2018-03-26,30630.0
2018-03-27,30443.0
2018-03-28,30684.0
2018-03-29,30844.0
2018-03-30,30844.0
2018-04-02,30396.0
2018-04-03,30396.0
2018-04-04,30526.0
2018-04-05,30624.0
2018-04-06,31023.0
2018-04-09,30874.0
2018-04-10,30874.0
2018-04-11,31049.0
2018-04-12,31099.0
2018-04-13,31276.0
2018-04-16,31298.0
2018-04-17,31298.0
2018-04-18,31213.0
2018-04-19,31131.0
2018-04-20,31304.0
2018-04-23,31190.0
2018-04-24,31190.0
2018-04-25,31033.0
2018-04-26,31033.0
2018-04-27,30918.0
2018-04-30,31003.0
2018-05-01,31003.0
2018-05-02,31191.0
2018-05-03,31082.0
2018-05-04,31143.0
2018-05-07,31379.0
2018-05-08,31379.0
2018-05-09,31427.0
2018-05-10,31342.0
2018-05-11,30954.0
2018-05-14,30921.0
2018-05-15,30921.0
2018-05-16,30881.0
2018-05-17,31065.0
2018-05-18,31176.0
2018-05-21,31171.0
2018-05-22,31171.0
2018-05-23,30901.0
2018-05-24,31185.0
2018-05-25,30924.0
2018-05-28,30764.0
2018-05-29,30764.0
2018-05-30,30716.0
2018-05-31,30623.0
2018-06-01,30660.0
2018-06-04,31027.0
2018-06-05,31027.0
2018-06-06,30781.0
2018-06-07,30858.0
2018-06-08,30385.0
2018-06-11,31068.0
2018-06-12,31068.0
2018-06-13,30693.0
2018-06-14,30757.0
2018-06-15,30589.0
2018-06-18,30484.0
2018-06-19,30484.0
2018-06-20,30540.0
2018-06-21,30394.0
2018-06-22,30536.0
2018-06-25,30341.0
2018-06-26,30341.0
2018-06-27,30348.0
2018-06-28,30282.0
2018-06-29,30510.0
2018-07-02,30540.0
2018-07-03,30540.0
2018-07-04,30622.0
2018-07-05,30399.0
2018-07-06,30403.0
2018-07-09,30080.0
2018-07-10,30080.0
2018-07-11,30172.0
2018-07-12,30044.0
2018-07-13,29729.0
2018-07-16,29849.0
2018-07-17,29849.0
2018-07-18,29948.0
2018-07-19,29897.0
2018-07-20,29904.0
2018-07-23,29722.0
2018-07-24,29722.0
2018-07-25,29773.0
2018-07-26,29660.0
2018-07-27,29664.0
2018-07-30,29428.0
2018-07-31,29428.0
2018-08-01,29491.0
2018-08-02,29521.0
2018-08-03,29418.0
2018-08-06,29477.0
2018-08-07,29477.0
2018-08-08,29674.0
2018-08-09,29541.0
2018-08-10,29541.0
2018-08-13,29361.0
2018-08-14,29361.0
2018-08-15,29381.0
2018-08-16,29529.0
2018-08-17,29529.0
2018-08-20,29561.0
2018-08-21,29561.0
2018-08-22,29869.0
2018-08-23,30097.0
2018-08-24,30048.0
2018-08-27,30226.0
2018-08-28,30226.0
2018-08-29,30226.0
2018-08-30,30191.0
2018-08-31,30274.0
2018-09-03,30402.0
2018-09-04,30402.0
2018-09-05,30402.0
2018-09-06,30605.0
2018-09-07,30478.0
2018-09-10,30558.0
2018-09-11,30558.0
2018-09-12,30614.0
2018-09-13,30737.0
2018-09-14,30722.0
2018-09-17,30697.0
2018-09-18,30697.0
2018-09-19,30664.0
2018-09-20,30728.0
2018-09-21,30672.0
2018-09-24,30296.0
2018-09-25,30296.0
2018-09-26,30499.0
2018-09-27,30499.0
2018-09-28,30997.0
2018-10-01,31216.0
2018-10-02,31216.0
2018-10-03,31156.0
2018-10-04,31049.0
2018-10-05,31021.0
2018-10-08,31565.0
2018-10-09,31565.0
2018-10-10,31892.0
2018-10-11,31799.0
2018-10-12,31722.0
2018-10-15,31706.0
2018-10-16,31706.0
2018-10-17,31607.0
2018-10-18,31909.0
2018-10-19,31692.0
2018-10-22,31868.0
2018-10-23,31868.0
2018-10-24,31784.0
2018-10-25,31688.0
2018-10-26,31698.0
2018-10-29,31565.0
2018-10-30,31565.0
2018-10-31,31739.0
2018-11-01,31773.0
2018-11-02,31773.0
2018-11-05,31773.0
2018-11-06,31773.0
2018-11-07,31200.0
2018-11-08,30898.0
2018-11-09,30759.0
2018-11-12,30912.0
2018-11-13,30912.0
2018-11-14,30918.0
2018-11-15,30913.0
2018-11-16,30862.0
2018-11-19,30862.0
2018-11-20,30862.0
2018-11-21,30705.0
2018-11-22,30673.0
2018-11-23,30394.0
2018-11-26,30240.0
2018-11-27,30240.0
2018-11-28,30664.0
2018-11-29,30945.0
2018-11-30,30855.0
2018-12-03,31050.0
2018-12-04,31050.0
2018-12-05,31423.0
2018-12-06,31616.0
2018-12-07,31577.0
2018-12-10,31374.0
2018-12-11,31374.0
2018-12-12,31287.0
2018-12-13,31205.0
2018-12-14,31043.0
2018-12-17,31114.0
2018-12-18,31114.0
2018-12-19,31190.0
2018-12-20,31190.0
2018-12-21,31452.0
2018-12-24,31547.0
2018-12-25,31547.0
2018-12-26,31547.0
2018-12-27,31566.0
2018-12-28,31531.0
2018-12-31,31883.0
2019-01-01,31769.0
2019-01-02,31769.0
2019-01-03,31764.0
2019-01-04,31734.0
2019-01-07,32116.0
2019-01-08,32117.0
2019-01-09,32117.0
2019-01-10,32117.0
2019-01-11,32117.0
2019-01-14,32396.0
2019-01-15,32276.0
2019-01-16,32276.0
2019-01-17,32154.0
2019-01-18,32324.0
2019-01-21,32226.0
2019-01-22,32303.0
2019-01-23,32303.0
2019-01-24,32691.0
2019-01-25,32862.0
2019-01-28,33209.0
2019-01-29,33262.0
2019-01-30,33262.0
2019-01-31,33226.0
2019-02-01,33239.0
2019-02-04,33000.0
2019-02-05,33043.0
2019-02-06,33043.0
2019-02-07,32913.0
2019-02-08,32891.0
2019-02-11,32845.0
2019-02-12,33193.0
2019-02-13,33193.0
2019-02-14,33371.0
2019-02-15,33519.0
2019-02-18,33531.0
2019-02-19,33252.0
2019-02-20,33252.0
2019-02-21,33326.0
2019-02-22,33264.0
2019-02-25,33250.0
2019-02-26,32819.0
2019-02-27,32819.0
2019-02-28,32819.0
2019-03-01,32138.0
2019-03-04,31982.0
2019-03-05,32123.0
2019-03-06,32123.0
2019-03-07,32110.0
2019-03-08,32033.0
2019-03-11,31960.0
2019-03-12,31966.0
2019-03-13,31966.0
2019-03-14,31725.0
2019-03-15,31952.0
2019-03-18,31952.0
2019-03-19,32007.0
2019-03-20,32007.0
2019-03-21,32054.0
2019-03-22,31987.0
2019-03-25,31854.0
2019-03-26,31601.0
2019-03-27,31601.0
2019-03-28,31643.0
2019-03-29,31499.0
2019-04-01,31557.0
2019-04-02,31615.0
2019-04-03,31615.0
2019-04-04,31930.0
2019-04-05,31886.0
2019-04-08,31770.0
2019-04-09,31673.0
2019-04-10,31673.0
2019-04-11,31574.0
2019-04-12,31641.0
2019-04-15,31394.0
2019-04-16,31394.0
2019-04-17,31394.0
2019-04-18,31560.0
2019-04-19,31560.0
2019-04-22,31501.0
2019-04-23,31794.0
2019-04-24,31764.0
2019-04-25,31764.0
2019-04-26,31764.0
2019-04-29,31764.0
2019-04-30,31310.0
2019-05-01,31220.0
2019-05-02,31220.0
2019-05-03,31490.0
2019-05-06,31776.0
2019-05-07,31730.0
2019-05-08,31751.0
2019-05-09,31751.0
2019-05-10,31961.0
2019-05-13,32243.0
2019-05-14,32051.0
2019-05-15,31911.0
2019-05-16,31911.0
2019-05-17,31550.0
2019-05-20,31504.0
2019-05-21,31699.0
2019-05-22,31591.0
2019-05-23,31591.0
2019-05-24,31708.0
2019-05-27,31802.0
2019-05-28,31674.0
2019-05-29,32056.0
2019-05-30,32056.0
2019-05-31,32206.0
2019-06-03,32206.0
2019-06-04,32611.0
2019-06-05,32607.0
2019-06-06,32607.0
2019-06-07,32527.0
2019-06-10,32590.0
2019-06-11,32632.0
2019-06-12,33061.0
2019-06-13,33061.0
2019-06-14,32733.0
2019-06-17,32850.0
2019-06-18,33520.0
2019-06-19,33909.0
2019-06-20,33909.0
2019-06-21,34041.0
2019-06-24,33885.0
2019-06-25,33849.0
2019-06-26,34006.0
2019-06-27,34006.0
2019-06-28,33549.0
2019-07-01,34134.0
2019-07-02,34134.0
2019-07-03,34655.0
2019-07-04,34655.0
2019-07-05,34437.0
2019-07-08,34189.0
2019-07-09,34575.0
2019-07-10,34407.0
2019-07-11,34407.0
2019-07-12,34558.0
2019-07-15,34428.0
2019-07-16,34709.0
2019-07-17,35091.0
2019-07-18,35091.0
2019-07-19,34932.0
2019-07-22,34897.0
2019-07-23,34943.0
2019-07-24,34781.0
2019-07-25,34781.0
2019-07-26,34730.0
2019-07-29,34805.0
2019-07-30,34572.0
2019-07-31,35341.0
2019-08-01,35341.0
2019-08-02,36289.0
2019-08-05,37039.0
2019-08-06,37047.0
2019-08-07,37270.0
2019-08-08,37270.0
2019-08-09,37270.0
2019-08-12,37574.0
2019-08-13,37574.0
2019-08-14,37466.0
2019-08-15,37466.0
2019-08-16,37469.0
2019-08-19,37550.0
2019-08-20,37668.0
2019-08-21,37599.0
2019-08-22,37599.0
2019-08-23,38578.0
2019-08-26,38795.0
2019-08-27,38743.0
2019-08-28,38405.0
2019-08-29,38405.0
2019-08-30,38405.0
2019-09-02,38405.0
2019-09-03,39011.0
2019-09-04,39006.0
2019-09-05,38185.0
2019-09-06,38185.0
2019-09-09,38185.0
2019-09-10,37902.0
2019-09-11,37669.0
2019-09-12,37592.0
2019-09-13,37592.0
2019-09-16,37855.0
2019-09-17,37542.0
2019-09-18,37456.0
2019-09-19,37390.0
2019-09-20,37390.0
2019-09-23,37771.0
2019-09-24,38006.0
2019-09-25,37622.0
2019-09-26,37481.0
2019-09-27,37481.0
2019-09-30,37201.0
2019-10-01,37201.0
2019-10-02,37919.0
2019-10-03,38151.0
2019-10-04,38151.0
2019-10-07,38151.0
2019-10-08,38179.0
2019-10-09,38361.0
2019-10-10,38154.0
2019-10-11,38154.0
2019-10-14,38534.0
2019-10-15,38203.0
2019-10-16,38227.0
2019-10-17,38241.0
2019-10-18,38241.0
2019-10-21,38173.0
2019-10-22,38295.0
2019-10-23,38281.0
2019-10-24,38630.0
2019-10-25,38630.0
2019-10-28,38630.0
2019-10-29,38650.0
2019-10-30,38703.0
2019-10-31,38703.0
2019-11-01,38692.0
2019-11-04,38304.0
2019-11-05,38180.0
2019-11-06,37919.0
2019-11-07,37919.0
2019-11-08,37993.0
2019-11-11,38205.0
2019-11-12,38217.0
2019-11-13,38096.0
2019-11-14,38096.0
2019-11-15,37931.0
2019-11-18,38305.0
2019-11-19,38096.0
2019-11-20,38157.0
2019-11-21,38157.0
2019-11-22,37862.0
2019-11-25,37751.0
2019-11-26,37771.0
2019-11-27,37876.0
2019-11-28,37876.0
2019-11-29,37795.0
2019-12-02,38162.0
2019-12-03,38042.0
2019-12-04,38032.0
2019-12-05,38032.0
2019-12-06,37650.0
2019-12-09,37631.0
2019-12-10,37763.0
2019-12-11,37691.0
2019-12-12,37691.0
2019-12-13,37891.0
2019-12-16,37955.0
2019-12-17,37882.0
2019-12-18,37957.0
2019-12-19,37957.0
2019-12-20,38128.0
2019-12-23,38128.0
2019-12-24,38641.0
2019-12-25,38641.0
2019-12-26,38791.0
2019-12-27,38791.0
2019-12-30,39076.0
2019-12-31,38995.0
2020-01-01,39068.0
2020-01-02,39948.0
2020-01-03,39948.0
2020-01-06,40372.0
2020-01-07,40694.0
2020-01-08,39706.0
2020-01-09,39607.0
2020-01-10,39607.0
2020-01-13,39602.0
2020-01-14,39602.0
2020-01-15,39727.0
2020-01-16,39804.0
2020-01-17,39804.0
2020-01-20,39851.0
2020-01-21,39912.0
2020-01-22,39872.0
2020-01-23,40002.0
2020-01-24,40002.0
2020-01-27,40456.0
2020-01-28,40312.0
2020-01-29,40717.0
2020-01-30,40694.0
2020-01-31,40694.0
2020-02-03,40471.0
2020-02-04,40059.0
2020-02-05,40406.0
2020-02-06,40556.0
2020-02-07,40556.0
2020-02-10,40468.0
2020-02-11,40467.0
2020-02-12,40619.0
2020-02-13,40676.0
2020-02-14,40676.0
2020-02-17,40976.0
2020-02-18,41491.0
2020-02-19,41590.0
2020-02-20,41590.0
2020-02-21,41590.0
2020-02-24,42717.0
2020-02-25,42530.0
2020-02-26,42451.0
2020-02-27,42352.0
2020-02-28,42352.0
2020-03-02,42315.0
2020-03-03,43146.0
2020-03-04,43294.0
2020-03-05,44315.0
2020-03-06,44315.0
2020-03-09,44315.0
2020-03-10,43427.0
2020-03-11,43228.0
2020-03-12,41859.0
2020-03-13,41859.0
2020-03-16,39741.0
2020-03-17,40649.0
2020-03-18,40395.0
2020-03-19,41125.0
2020-03-20,41125.0
2020-03-23,40989.0
2020-03-24,40989.0
2020-03-25,40989.0
2020-03-26,40989.0
2020-03-27,40989.0
2020-03-30,40989.0
2020-03-31,40989.0
2020-04-01,40989.0
2020-04-02,40989.0
2020-04-03,40989.0
2020-04-06,40989.0
2020-04-07,40989.0
2020-04-08,40989.0
2020-04-09,40989.0
2020-04-10,40989.0
2020-04-13,40989.0
2020-04-14,40989.0
2020-04-15,40989.0
2020-04-16,40989.0
2020-04-17,40989.0
2020-04-20,40989.0
2020-04-21,40989.0
2020-04-22,40989.0
2020-04-23,40989.0
2020-04-24,40989.0
2020-04-27,40989.0
2020-04-28,40989.0
2020-04-29,40989.0
2020-04-30,40989.0
2020-05-01,40989.0
2020-05-04,40989.0
2020-05-05,40989.0
2020-05-06,40989.0
2020-05-07,40989.0
2020-05-08,40989.0
2020-05-11,40989.0
2020-05-12,40989.0
2020-05-13,40989.0
2020-05-14,40989.0
2020-05-15,40989.0
2020-05-18,40989.0
2020-05-19,40989.0
2020-05-20,40989.0
2020-05-21,40989.0
2020-05-22,40989.0
2020-05-25,40989.0
2020-05-26,40989.0
2020-05-27,40989.0
2020-05-28,40989.0
2020-05-29,40989.0
2020-06-01,40989.0
2020-06-02,40989.0
2020-06-03,40989.0
2020-06-04,46609.0
2020-06-05,46640.0
2020-06-08,46640.0
2020-06-09,46264.0
2020-06-10,46588.0
2020-06-11,46782.0
2020-06-12,47206.0
2020-06-15,47206.0
2020-06-16,46803.0
2020-06-17,47374.0
2020-06-18,47202.0
2020-06-19,47302.0
2020-06-22,47302.0
2020-06-23,47911.0
2020-06-24,47942.0
2020-06-25,48389.0
2020-06-26,48021.0
2020-06-29,48021.0
2020-06-30,48376.0
2020-07-01,48304.0
2020-07-02,48730.0
2020-07-03,48173.0
2020-07-06,48173.0
2020-07-07,48168.0
2020-07-08,48235.0
2020-07-09,48965.0
2020-07-10,49054.0
2020-07-13,49054.0
2020-07-14,49140.0
2020-07-15,48998.0
2020-07-16,49062.0
2020-07-17,49077.0
2020-07-20,49077.0
2020-07-21,49118.0
2020-07-22,49264.0
2020-07-23,50015.0
2020-07-24,50619.0
2020-07-27,50619.0
2020-07-28,52260.0
2020-07-29,52278.0
2020-07-30,52853.0
2020-07-31,53099.0
2020-08-03,53099.0
2020-08-04,53615.0
2020-08-05,53772.0
2020-08-06,55230.0
2020-08-07,55560.0
2020-08-10,55560.0
2020-08-11,55331.0
2020-08-12,53758.0
2020-08-13,53758.0
2020-08-14,52441.0
2020-08-17,52441.0
2020-08-18,52690.0
2020-08-19,53752.0
2020-08-20,53185.0
2020-08-21,52317.0
2020-08-24,52317.0
2020-08-25,52024.0
2020-08-26,51440.0
2020-08-27,51018.0
2020-08-28,51234.0
2020-08-31,51234.0
2020-09-01,51246.0
2020-09-02,51521.0
2020-09-03,51088.0
2020-09-04,50840.0
2020-09-07,50840.0
2020-09-08,51008.0
2020-09-09,50967.0
2020-09-10,51066.0
2020-09-11,51416.0
2020-09-14,51416.0
2020-09-15,51260.0
2020-09-16,51915.0
2020-09-17,51797.0
2020-09-18,51495.0
2020-09-21,51495.0
2020-09-22,51258.0
2020-09-23,50623.0
2020-09-24,50251.0
2020-09-25,49638.0
2020-09-28,49638.0
2020-09-29,49550.0
2020-09-30,50313.0
2020-10-01,50325.0
2020-10-02,50249.0
2020-10-05,50249.0
2020-10-06,50418.0
2020-10-07,50817.0
2020-10-08,50069.0
2020-10-09,50180.0
2020-10-12,50180.0
2020-10-13,51034.0
2020-10-14,50914.0
2020-10-15,50467.0
2020-10-16,50476.0
2020-10-19,50476.0
2020-10-20,50828.0
2020-10-21,50766.0
2020-10-22,51230.0
2020-10-23,51149.0
2020-10-26,51149.0
2020-10-27,51048.0
2020-10-28,50847.0
2020-10-29,50656.0
2020-10-30,50699.0
2020-11-02,50699.0
2020-11-03,50890.0
2020-11-04,51068.0
2020-11-05,51069.0
2020-11-06,51313.0
2020-11-09,51313.0
2020-11-10,52280.0
2020-11-11,50446.0
2020-11-12,50530.0
2020-11-13,50738.0
2020-11-16,50738.0
2020-11-17,50738.0
2020-11-18,50738.0
2020-11-19,50738.0
2020-11-20,50141.0
2020-11-23,50141.0
2020-11-24,50180.0
2020-11-25,48958.0
2020-11-26,48947.0
2020-11-27,48965.0
2020-11-30,48965.0
2020-12-01,48778.0
2020-12-02,48314.0
2020-12-03,48973.0
2020-12-04,49361.0
2020-12-07,49361.0
2020-12-08,49059.0
2020-12-09,49671.0
2020-12-10,49505.0
2020-12-11,49049.0
2020-12-14,49049.0
2020-12-15,48695.0
2020-12-16,49103.0
2020-12-17,49601.0
2020-12-18,49790.0
2020-12-21,49790.0
2020-12-22,50115.0
2020-12-23,49979.0
2020-12-24,49706.0
2020-12-25,49706.0
2020-12-28,49706.0
2020-12-29,49706.0
2020-12-30,49866.0
2020-12-31,49854.0
2021-01-01,49774.0
2021-01-04,49774.0
2021-01-05,49774.0
2021-01-06,51012.0
2021-01-07,51465.0
2021-01-08,51539.0
2021-01-11,50256.0
2021-01-12,50256.0
2021-01-13,49344.0
2021-01-14,49488.0
2021-01-15,49285.0
2021-01-18,49285.0
2021-01-19,49285.0
2021-01-20,48812.0
2021-01-21,48977.0
2021-01-22,49086.0
2021-01-25,48920.0
2021-01-26,48920.0
2021-01-27,49239.0
2021-01-28,49239.0
2021-01-29,48814.0
2021-02-01,49205.0
2021-02-02,49205.0
2021-02-03,48724.0
2021-02-04,48182.0
2021-02-05,47768.0
2021-02-08,47048.0
2021-02-09,47048.0
2021-02-10,47457.0
2021-02-11,47907.0
2021-02-12,47778.0
2021-02-15,47193.0
2021-02-16,47193.0
2021-02-17,47195.0
2021-02-18,47257.0
2021-02-19,46490.0
2021-02-22,45954.0
2021-02-23,45954.0
2021-02-24,46475.0
2021-02-25,46711.0
2021-02-26,46621.0
2021-03-01,46425.0
2021-03-02,46425.0
2021-03-03,45826.0
2021-03-04,45314.0
2021-03-05,44970.0
2021-03-08,44310.0
2021-03-09,44310.0
2021-03-10,44349.0
2021-03-11,44451.0
2021-03-12,44478.0
2021-03-15,44177.0
2021-03-16,44177.0
2021-03-17,44674.0
2021-03-18,44740.0
2021-03-19,44763.0
2021-03-22,44788.0
2021-03-23,44788.0
2021-03-24,44641.0
2021-03-25,44818.0
2021-03-26,44679.0
2021-03-29,44569.0
2021-03-30,44569.0
2021-03-31,44569.0
2021-04-01,44331.0
2021-04-02,43994.0
2021-04-05,43994.0
2021-04-06,43994.0
2021-04-07,45058.0
2021-04-08,45191.0
2021-04-09,45829.0
2021-04-12,46284.0
2021-04-13,46284.0
2021-04-14,46397.0
2021-04-15,46391.0
2021-04-16,46391.0
2021-04-19,47021.0
2021-04-20,47021.0
2021-04-21,47475.0
2021-04-22,47314.0
2021-04-23,47314.0
2021-04-26,47569.0
2021-04-27,47569.0
2021-04-28,47569.0
2021-04-29,47569.0
2021-04-30,47569.0
2021-05-03,47569.0
2021-05-04,47569.0
2021-05-05,47569.0
2021-05-06,47569.0
2021-05-07,47569.0
2021-05-10,47569.0
2021-05-11,47569.0
2021-05-12,47569.0
2021-05-13,47569.0
2021-05-14,47569.0
2021-05-17,47569.0
2021-05-18,47569.0
2021-05-19,47569.0
2021-05-20,47569.0
2021-05-21,47569.0
2021-05-24,47569.0
2021-05-25,47569.0
2021-05-26,48447.0
2021-05-27,48482.0
2021-05-28,49051.0
2021-05-31,48541.0
2021-06-01,48541.0
2021-06-02,48933.0
2021-06-03,49173.0
2021-06-04,49049.0
2021-06-07,48403.0
2021-06-08,48403.0
2021-06-09,48624.0
2021-06-10,48857.0
2021-06-11,48736.0
2021-06-14,48872.0
2021-06-15,48872.0
2021-06-16,48134.0
2021-06-17,48445.0
2021-06-18,48217.0
2021-06-21,47122.0
2021-06-22,47122.0
2021-06-23,47005.0
2021-06-24,47155.0
2021-06-25,47021.0
2021-06-28,46991.0
2021-06-29,46991.0
2021-06-30,46903.0
2021-07-01,46782.0
2021-07-02,46504.0
2021-07-05,47434.0
2021-07-06,47434.0
2021-07-07,47272.0
2021-07-08,47793.0
2021-07-09,47835.0
2021-07-12,47723.0
2021-07-13,47723.0
2021-07-14,47723.0
2021-07-15,47758.0
2021-07-16,47965.0
2021-07-19,48182.0
2021-07-20,48182.0
2021-07-21,47931.0
2021-07-22,48033.0
2021-07-23,48033.0
2021-07-26,47560.0
2021-07-27,47560.0
2021-07-28,47763.0
2021-07-29,47562.0
2021-07-30,47617.0
2021-08-02,48250.0
2021-08-03,48250.0
2021-08-04,47849.0
2021-08-05,47850.0
2021-08-06,47852.0
2021-08-09,47464.0
2021-08-10,47464.0
2021-08-11,46337.0
2021-08-12,46047.0
2021-08-13,46151.0
2021-08-16,46554.0
2021-08-17,46554.0
2021-08-18,46856.0
2021-08-19,47404.0
2021-08-20,47133.0
2021-08-23,47078.0
2021-08-24,47078.0
2021-08-25,47199.0
2021-08-26,47502.0
2021-08-27,47287.0
2021-08-30,47025.0
2021-08-31,47025.0
2021-09-01,47025.0
2021-09-02,47106.0
2021-09-03,47094.0
2021-09-06,46998.0
2021-09-07,46998.0
2021-09-08,47337.0
2021-09-09,47224.0
2021-09-10,47003.0
2021-09-13,46898.0
2021-09-14,46898.0
2021-09-15,46841.0
2021-09-16,46802.0
2021-09-17,47065.0
2021-09-20,46178.0
2021-09-21,46178.0
2021-09-22,46149.0
2021-09-23,46332.0
2021-09-24,46637.0
2021-09-27,46058.0
2021-09-28,46058.0
2021-09-29,45989.0
2021-09-30,45778.0
2021-10-01,46054.0
2021-10-04,46212.0
2021-10-05,46212.0
2021-10-06,46204.0
2021-10-07,46462.0
2021-10-08,46663.0
2021-10-11,46806.0
2021-10-12,46806.0
2021-10-13,46897.0
2021-10-14,47119.0
2021-10-15,47248.0
2021-10-18,47899.0
2021-10-19,47899.0
2021-10-20,47184.0
2021-10-21,47388.0
2021-10-22,47363.0
2021-10-25,47604.0
2021-10-26,47604.0
2021-10-27,47913.0
2021-10-28,47975.0
2021-10-29,47697.0
2021-11-01,47794.0
2021-11-02,47794.0
2021-11-03,47621.0
2021-11-04,47652.0
2021-11-05,47257.0
2021-11-08,47257.0
2021-11-09,47257.0
2021-11-10,47257.0
2021-11-11,48052.0
2021-11-12,48207.0
2021-11-15,48805.0
2021-11-16,48805.0
2021-11-17,49177.0
2021-11-18,49336.0
2021-11-19,48968.0
2021-11-22,49038.0
2021-11-23,49038.0
2021-11-24,48710.0
2021-11-25,47669.0
2021-11-26,47447.0
2021-11-29,48153.0
2021-11-30,48153.0
2021-12-01,47964.0
2021-12-02,48031.0
2021-12-03,47590.0
2021-12-06,47361.0
2021-12-07,47361.0
2021-12-08,47690.0
2021-12-09,47682.0
2021-12-10,47979.0
2021-12-13,47622.0
2021-12-14,47622.0
2021-12-15,47997.0
2021-12-16,47976.0
2021-12-17,47872.0
2021-12-20,48614.0
2021-12-21,48614.0
2021-12-22,48373.0
2021-12-23,48092.0
2021-12-24,47947.0
2021-12-27,48088.0
2021-12-28,48088.0
2021-12-29,48018.0
2021-12-30,48041.0
2021-12-31,47794.0
2022-01-03,47899.0
2022-01-04,47899.0
2022-01-05,48157.0
2022-01-06,47853.0
2022-01-07,47979.0
2022-01-10,47395.0
2022-01-11,47395.0
2022-01-12,47415.0
2022-01-13,47500.0
2022-01-14,47753.0
2022-01-17,47851.0
2022-01-18,47851.0
2022-01-19,47983.0
2022-01-20,47943.0
2022-01-21,48070.0
2022-01-24,48458.0
2022-01-25,48458.0
2022-01-26,48650.0
2022-01-27,48687.0
2022-01-28,48687.0
2022-01-31,47875.0
2022-02-01,47875.0
2022-02-02,47706.0
2022-02-03,48044.0
2022-02-04,47927.0
2022-02-07,48082.0
2022-02-08,48082.0
2022-02-09,48075.0
2022-02-10,48256.0
2022-02-11,48472.0
2022-02-14,48745.0
2022-02-15,48745.0
2022-02-16,49597.0
2022-02-17,49431.0
2022-02-18,49329.0
2022-02-21,49894.0
2022-02-22,49894.0
2022-02-23,49899.0
2022-02-24,50082.0
2022-02-25,49882.0
2022-02-28,50617.0
2022-03-01,50617.0
2022-03-02,50479.0
2022-03-03,50479.0
2022-03-04,51258.0
2022-03-07,51559.0
2022-03-08,51559.0
2022-03-09,53267.0
2022-03-10,53192.0
2022-03-11,52940.0
2022-03-14,52263.0
2022-03-15,52263.0
2022-03-16,51764.0
2022-03-17,51396.0
2022-03-18,51125.0
2022-03-21,51371.0
2022-03-22,51371.0
2022-03-23,51274.0
2022-03-24,51273.0
2022-03-25,51383.0
2022-03-28,51780.0
2022-03-29,51780.0
2022-03-30,51584.0
2022-03-31,51264.0
2022-04-01,51283.0
2022-04-04,51599.0
2022-04-05,51599.0
2022-04-06,51211.0
2022-04-07,51215.0
2022-04-08,51533.0
2022-04-11,51671.0
2022-04-12,51671.0
2022-04-13,52292.0
2022-04-14,52376.0
2022-04-15,52376.0
2022-04-18,52912.0
2022-04-19,52912.0
2022-04-20,52912.0
2022-04-21,53367.0
2022-04-22,53264.0
2022-04-25,52310.0
2022-04-26,52234.0
2022-04-27,52234.0
2022-04-28,51976.0
2022-04-29,51673.0
2022-05-02,51276.0
2022-05-03,51847.0
2022-05-04,51847.0
2022-05-05,51119.0
2022-05-06,51119.0
2022-05-09,51445.0
2022-05-10,51458.0
2022-05-11,51458.0
2022-05-12,51271.0
2022-05-13,51128.0
2022-05-16,50968.0
2022-05-17,50275.0
2022-05-18,50275.0
2022-05-19,50071.0
2022-05-20,50460.0
2022-05-23,50487.0
2022-05-24,50785.0
2022-05-25,50785.0
2022-05-26,51156.0
2022-05-27,51054.0
2022-05-30,50754.0
2022-05-31,51017.0
2022-06-01,51017.0
2022-06-02,50990.0
2022-06-03,50861.0
2022-06-06,50988.0
2022-06-07,51243.0
2022-06-08,51243.0
2022-06-09,50955.0
2022-06-10,50857.0
2022-06-13,50887.0
2022-06-14,50779.0
2022-06-15,50779.0
2022-06-16,51251.0
2022-06-17,50410.0
2022-06-20,50447.0
2022-06-21,50989.0
2022-06-22,50989.0
2022-06-23,50810.0
2022-06-24,50737.0
2022-06-27,50731.0
2022-06-28,50675.0
2022-06-29,50675.0
2022-06-30,50944.0
2022-07-01,50895.0
2022-07-04,50699.0
2022-07-05,50699.0
2022-07-06,50699.0
2022-07-07,51967.0
2022-07-08,52164.0
2022-07-11,50629.0
2022-07-12,50657.0
2022-07-13,50657.0
2022-07-14,50665.0
2022-07-15,50603.0
2022-07-18,50357.0
2022-07-19,50103.0
2022-07-20,50103.0
2022-07-21,50524.0
2022-07-22,50460.0
2022-07-25,49811.0
2022-07-26,50605.0
2022-07-27,50605.0
2022-07-28,50743.0
2022-07-29,50580.0
2022-08-01,51016.0
2022-08-02,51301.0
2022-08-03,51301.0
2022-08-04,51520.0
2022-08-05,51341.0
2022-08-08,51834.0
2022-08-09,51948.0
2022-08-10,51948.0
2022-08-11,51938.0
2022-08-12,51938.0
2022-08-15,52202.0
2022-08-16,52190.0
2022-08-17,52190.0
2022-08-18,52190.0
2022-08-19,51853.0
2022-08-22,51845.0
2022-08-23,51845.0
2022-08-24,51845.0
2022-08-25,51205.0
2022-08-26,51220.0
2022-08-29,51856.0
2022-08-30,51458.0
2022-08-31,51458.0
2022-09-01,51022.0
2022-09-02,50986.0
2022-09-05,50216.0
2022-09-06,50381.0
2022-09-07,50381.0
2022-09-08,50570.0
2022-09-09,50518.0
2022-09-12,50679.0
2022-09-13,50727.0
2022-09-14,50727.0
2022-09-15,50655.0
2022-09-16,50533.0
2022-09-19,49842.0
2022-09-20,49112.0
2022-09-21,49112.0
2022-09-22,49182.0
2022-09-23,49236.0
2022-09-26,49745.0
2022-09-27,49603.0
2022-09-28,49603.0
2022-09-29,49459.0
2022-09-30,49363.0
2022-10-03,49838.0
2022-10-04,50074.0
2022-10-05,50074.0
2022-10-06,50200.0
2022-10-07,51094.0
2022-10-10,51635.0
2022-10-11,51570.0
2022-10-12,51570.0
2022-10-13,50880.0
2022-10-14,50421.0
2022-10-17,50688.0
2022-10-18,50160.0
2022-10-19,50160.0
2022-10-20,50219.0
2022-10-21,50122.0
2022-10-24,50013.0
2022-10-25,49818.0
2022-10-26,49818.0
2022-10-27,49818.0
2022-10-28,49818.0
2022-10-31,49818.0
2022-11-01,49818.0
2022-11-02,49818.0
2022-11-03,50187.0
2022-11-04,50441.0
2022-11-07,49926.0
2022-11-08,50303.0
2022-11-09,50303.0
2022-11-10,50755.0
2022-11-11,50755.0
2022-11-14,51365.0
2022-11-15,52217.0
2022-11-16,52217.0
2022-11-17,52239.0
2022-11-18,52641.0
2022-11-21,52716.0
2022-11-22,52764.0
2022-11-23,52764.0
2022-11-24,52218.0
2022-11-25,52331.0
2022-11-28,52555.0
2022-11-29,52444.0
2022-11-30,52444.0
2022-12-01,52715.0
2022-12-02,52591.0
2022-12-05,52932.0
2022-12-06,53447.0
2022-12-07,53447.0
2022-12-08,53662.0
2022-12-09,53407.0
2022-12-12,53633.0
2022-12-13,53715.0
2022-12-14,53715.0
2022-12-15,53752.0
2022-12-16,53812.0
2022-12-19,53652.0
2022-12-20,53758.0
2022-12-21,53758.0
2022-12-22,53999.0
2022-12-23,54319.0
2022-12-26,54444.0
2022-12-27,54131.0
2022-12-28,54131.0
2022-12-29,54138.0
2022-12-30,54374.0
2023-01-02,54369.0
2023-01-03,54556.0
2023-01-04,54556.0
2023-01-05,54874.0
2023-01-06,55352.0
2023-01-09,55547.0
2023-01-10,55334.0
2023-01-11,55334.0
2023-01-12,56034.0
2023-01-13,55749.0
2023-01-16,55826.0
2023-01-17,56150.0
2023-01-18,56150.0
2023-01-19,56608.0
2023-01-20,56510.0
2023-01-23,56424.0
2023-01-24,56770.0
2023-01-25,56770.0
2023-01-26,56798.0
2023-01-27,57065.0
2023-01-30,57065.0
2023-01-31,56878.0
2023-02-01,56878.0
2023-02-02,56950.0
2023-02-03,56719.0
2023-02-06,58671.0
2023-02-07,57541.0
2023-02-08,57541.0
2023-02-09,57206.0
2023-02-10,57242.0
2023-02-13,57374.0
2023-02-14,56837.0
2023-02-15,56837.0
2023-02-16,56854.0
2023-02-17,56959.0
2023-02-20,56210.0
2023-02-21,55915.0
2023-02-22,55915.0
2023-02-23,56361.0
2023-02-24,56175.0
2023-02-27,55858.0
2023-02-28,55747.0
2023-03-01,55747.0
2023-03-02,55430.0
2023-03-03,55320.0
2023-03-06,55833.0
2023-03-07,55851.0
2023-03-08,55851.0
2023-03-09,55934.0
2023-03-10,55934.0
2023-03-13,55036.0
2023-03-14,55441.0
2023-03-15,55441.0
2023-03-16,56754.0
2023-03-17,57449.0
2023-03-20,58041.0
2023-03-21,58034.0
2023-03-22,58034.0
2023-03-23,59233.0
2023-03-24,58960.0
2023-03-27,59056.0
2023-03-28,59545.0
2023-03-29,59545.0
2023-03-30,58661.0
2023-03-31,58765.0
2023-04-03,59114.0
2023-04-04,59560.0
2023-04-05,59560.0
2023-04-06,59404.0
2023-04-07,59404.0
2023-04-10,60397.0
2023-04-11,60397.0
2023-04-12,60397.0
2023-04-13,60051.0
2023-04-14,60206.0
2023-04-17,60616.0
2023-04-18,60616.0
2023-04-19,60616.0
2023-04-20,60403.0
2023-04-21,60307.0
2023-04-24,60365.0
2023-04-25,59980.0
2023-04-26,59980.0
2023-04-27,59839.0
2023-04-28,59875.0
2023-05-01,60280.0
2023-05-02,59897.0
2023-05-03,59897.0
2023-05-04,59897.0
2023-05-05,60108.0
2023-05-08,61346.0
2023-05-09,61223.0
2023-05-10,61223.0
2023-05-11,60951.0
2023-05-12,61253.0
2023-05-15,61238.0
2023-05-16,60750.0
2023-05-17,60750.0
2023-05-18,61038.0
2023-05-19,60852.0
2023-05-22,60268.0
2023-05-23,60031.0
2023-05-24,60031.0
2023-05-25,60630.0
2023-05-26,60051.0
2023-05-29,60133.0
2023-05-30,59818.0
2023-05-31,59818.0
2023-06-01,59884.0
2023-06-02,60167.0
2023-06-05,59898.0
2023-06-06,60099.0
2023-06-07,60099.0
2023-06-08,59427.0
2023-06-09,59864.0
2023-06-12,59391.0
2023-06-13,59714.0
2023-06-14,59714.0
2023-06-15,59712.0
2023-06-16,59609.0
2023-06-19,58746.0
2023-06-20,59347.0
2023-06-21,59347.0
2023-06-22,59023.0
2023-06-23,59023.0
2023-06-26,58420.0
2023-06-27,58169.0
2023-06-28,58169.0
2023-06-29,58521.0
2023-06-30,58312.0
2023-07-03,57918.0
2023-07-04,57810.0
2023-07-05,57810.0
2023-07-06,57929.0
2023-07-07,58335.0
2023-07-10,58337.0
2023-07-11,58356.0
2023-07-12,58356.0
2023-07-13,58467.0
2023-07-14,58686.0
2023-07-17,59106.0
2023-07-18,59061.0
2023-07-19,59061.0
2023-07-20,59097.0
2023-07-21,59212.0
2023-07-24,59678.0
2023-07-25,59191.0
2023-07-26,59191.0
2023-07-27,59178.0
2023-07-28,59087.0
2023-07-31,59474.0
2023-08-01,59182.0
2023-08-02,59182.0
2023-08-03,59283.0
2023-08-04,59243.0
2023-08-07,59010.0
2023-08-08,59040.0
2023-08-09,59040.0
2023-08-10,59095.0
2023-08-11,59109.0
2023-08-14,58706.0
2023-08-15,58704.0
2023-08-16,58704.0
2023-08-17,58726.0
2023-08-18,58726.0
2023-08-21,58294.0
2023-08-22,58223.0
2023-08-23,58223.0
2023-08-24,58154.0
2023-08-25,58393.0
2023-08-28,58523.0
2023-08-29,58501.0
2023-08-30,58501.0
2023-08-31,58433.0
2023-09-01,58659.0
2023-09-04,59262.0
2023-09-05,59226.0
2023-09-06,59226.0
2023-09-07,59216.0
2023-09-08,59136.0
2023-09-11,59104.0
2023-09-12,58937.0
2023-09-13,58937.0
2023-09-14,58952.0
2023-09-15,58735.0
2023-09-18,58441.0
2023-09-19,58790.0
2023-09-20,58790.0
2023-09-21,59095.0
2023-09-22,59095.0
2023-09-25,58927.0
2023-09-26,58870.0
2023-09-27,58870.0
2023-09-28,58912.0
2023-09-29,58702.0
2023-10-02,57756.0
2023-10-03,57594.0
2023-10-04,57594.0
2023-10-05,57594.0
2023-10-06,56538.0
2023-10-09,56333.0
2023-10-10,56327.0
2023-10-11,56327.0
2023-10-12,57104.0
2023-10-13,57274.0
2023-10-16,57924.0
2023-10-17,58092.0
2023-10-18,58092.0
2023-10-19,58877.0
2023-10-20,59046.0
2023-10-23,59687.0
2023-10-24,60451.0
2023-10-25,60451.0
2023-10-26,60418.0
2023-10-27,60418.0
2023-10-30,60764.0
2023-10-31,60629.0
2023-11-01,60629.0
2023-11-02,61027.0
2023-11-03,61080.0
2023-11-06,60865.0
2023-11-07,60843.0
2023-11-08,60843.0
2023-11-09,60805.0
2023-11-10,59816.0
2023-11-13,60029.0
2023-11-14,60029.0
2023-11-15,60029.0
2023-11-16,60029.0
2023-11-17,60029.0
2023-11-20,60029.0
2023-11-21,60029.0
2023-11-22,60686.0
2023-11-23,61043.0
2023-11-24,61338.0
2023-11-27,61229.0
2023-11-28,61229.0
2023-11-29,61229.0
2023-11-30,61618.0
2023-12-01,62350.0
2023-12-04,62546.0
2023-12-05,62546.0
2023-12-06,63153.0
2023-12-07,62101.0
2023-12-08,61969.0
2023-12-11,62197.0
2023-12-12,62197.0
2023-12-13,61221.0
2023-12-14,61050.0
2023-12-15,60938.0
2023-12-18,62241.0
2023-12-19,62241.0
2023-12-20,61743.0
2023-12-21,61888.0
2023-12-22,62197.0
2023-12-25,62197.0
2023-12-26,62574.0
2023-12-27,62574.0
2023-12-28,62833.0
2023-12-29,62932.0
2024-01-01,62939.0
2024-01-02,62939.0
2024-01-03,63103.0
2024-01-04,63366.0
2024-01-05,62818.0
2024-01-08,62313.0
2024-01-09,62313.0
2024-01-10,62018.0
2024-01-11,62221.0
2024-01-12,62129.0
2024-01-15,62178.0
2024-01-16,62178.0
2024-01-17,62178.0
2024-01-18,62334.0
2024-01-19,61712.0
2024-01-22,61712.0
2024-01-23,62143.0
2024-01-24,62181.0
2024-01-25,62319.0
2024-01-26,62151.0
2024-01-29,62151.0
2024-01-30,62375.0
2024-01-31,62541.0
2024-02-01,62591.0
2024-02-02,62505.0
2024-02-05,62505.0
2024-02-06,62247.0
2024-02-07,62224.0
2024-02-08,62376.0
2024-02-09,62449.0
2024-02-12,62449.0
2024-02-13,62043.0
2024-02-14,62154.0
2024-02-15,61249.0
2024-02-16,61299.0
2024-02-19,61299.0
2024-02-20,61811.0
2024-02-21,61928.0
2024-02-22,61953.0
2024-02-23,61930.0
2024-02-26,61930.0
2024-02-27,62019.0
2024-02-28,62077.0
2024-02-29,61891.0
2024-03-01,62442.0
2024-03-04,63289.0
2024-03-05,64413.0
2024-03-06,64420.0
2024-03-07,65007.0
2024-03-08,65007.0
2024-03-11,65548.0
2024-03-12,65531.0
2024-03-13,65182.0
2024-03-14,65309.0
2024-03-15,65365.0
2024-03-18,65258.0
2024-03-19,65349.0
2024-03-20,65446.0
2024-03-21,66679.0
2024-03-22,65975.0
2024-03-25,65975.0
2024-03-26,66432.0
2024-03-27,66501.0
2024-03-28,66987.0
2024-03-29,66987.0
2024-04-01,66987.0
2024-04-02,68431.0
2024-04-03,68807.0
2024-04-04,69101.0
2024-04-05,69656.0
2024-04-08,69656.0
2024-04-09,71011.0
2024-04-10,71607.0
2024-04-11,71536.0
2024-04-12,71536.0
2024-04-15,71536.0
2024-04-16,72266.0
2024-04-17,73012.0
2024-04-18,73012.0
2024-04-19,73119.0
2024-04-22,73119.0
2024-04-23,72723.0
2024-04-24,71315.0
2024-04-25,71700.0
2024-04-26,71794.0
2024-04-29,71794.0
2024-04-30,72228.0
2024-05-01,71529.0
2024-05-02,71529.0
2024-05-03,70997.0
2024-05-06,70997.0
2024-05-07,71525.0
2024-05-08,71525.0
2024-05-09,71389.0
2024-05-10,71216.0
2024-05-13,71216.0
2024-05-14,71995.0
2024-05-15,72129.0
2024-05-16,72720.0
2024-05-17,73016.0
2024-05-20,73016.0
2024-05-21,73932.0
2024-05-22,73912.0
2024-05-23,72557.0
2024-05-24,71754.0
2024-05-27,71926.0
2024-05-28,71973.0
2024-05-29,72178.0
2024-05-30,71751.0
2024-05-31,72127.0
2024-06-03,71486.0
2024-06-04,71969.0
2024-06-05,71696.0
2024-06-06,72527.0
2024-06-07,71748.0
2024-06-10,70855.0
2024-06-11,71164.0
2024-06-12,71318.0
2024-06-13,71384.0
2024-06-14,71596.0
2024-06-17,71596.0
2024-06-18,71029.0
2024-06-19,71527.0
2024-06-20,71807.0
2024-06-21,72442.0
2024-06-24,71452.0
2024-06-25,71580.0
2024-06-26,71077.0
2024-06-27,71100.0
2024-06-28,71563.0
2024-07-01,71511.0
2024-07-02,71447.0
2024-07-03,71975.0
2024-07-04,72169.0
2024-07-05,72348.0
2024-07-08,72550.0
2024-07-09,72271.0
2024-07-10,72438.0
2024-07-11,72524.0
2024-07-12,72743.0
2024-07-15,73011.0
2024-07-16,73320.0
2024-07-17,73320.0
2024-07-18,73926.0
2024-07-19,73168.0
2024-07-22,72875.0
2024-07-23,69296.0
2024-07-24,68918.0
2024-07-25,67984.0
2024-07-26,67884.0
2024-07-29,68527.0
2024-07-30,68481.0
2024-07-31,69046.0
2024-08-01,69405.0
2024-08-02,70095.0
2024-08-05,69257.0
2024-08-06,68996.0
2024-08-07,68639.0
2024-08-08,68656.0
2024-08-09,69236.0
2024-08-12,69677.0
2024-08-13,70158.0
2024-08-14,70448.0
2024-08-15,70448.0
2024-08-16,70265.0
2024-08-19,70265.0
2024-08-20,71676.0
2024-08-21,71417.0
2024-08-22,71379.0
2024-08-23,71096.0
2024-08-26,71096.0
2024-08-27,71433.0
2024-08-28,71420.0
2024-08-29,71703.0
2024-08-30,71679.0
2024-09-02,71259.0
2024-09-03,71135.0
2024-09-04,71004.0
2024-09-05,71590.0
2024-09-06,71604.0
2024-09-09,71059.0
2024-09-10,71352.0
2024-09-11,71698.0
2024-09-12,71543.0
2024-09-13,72761.0
2024-09-16,73267.0
2024-09-17,72947.0
2024-09-18,72855.0
2024-09-19,73282.0
2024-09-20,73715.0
2024-09-23,74152.0
2024-09-24,74492.0
2024-09-25,75029.0
2024-09-26,75402.0
2024-09-27,75340.0
2024-09-30,75051.0
2024-10-01,75213.0
2024-10-02,75213.0
2024-10-03,75320.0
2024-10-04,75694.0
2024-10-07,75656.0
2024-10-08,75279.0
2024-10-09,74590.0
2024-10-10,74534.0
2024-10-11,75319.0
2024-10-14,75743.0
2024-10-15,75690.0
2024-10-16,76188.0
2024-10-17,76520.0
2024-10-18,77164.0
2024-10-21,77767.0
2024-10-22,77909.0
2024-10-23,78387.0
2024-10-24,77997.0
2024-10-25,77622.0
2024-10-28,77917.0
2024-10-29,78493.0
2024-10-30,79362.0
2024-10-31,79181.0
2024-11-01,79181.0
2024-11-04,79181.0
2024-11-05,79181.0
2024-11-06,78026.0
2024-11-07,76503.0
2024-11-08,77031.0
2024-11-11,76577.0
2024-11-12,74631.0
2024-11-13,74916.0
2024-11-14,73281.0
2024-11-15,73281.0
2024-11-18,74468.0
2024-11-19,75564.0
2024-11-20,75564.0
2024-11-21,76529.0
2024-11-22,77518.0
2024-11-25,76487.0
2024-11-26,75383.0
2024-11-27,75953.0
2024-11-28,75983.0
2024-11-29,76400.0
2024-12-02,75950.0
2024-12-03,76046.0
2024-12-04,76031.0
2024-12-05,76160.0
2024-12-06,75910.0
2024-12-09,76375.0
2024-12-10,76757.0
2024-12-11,77509.0
2024-12-12,77933.0
2024-12-13,76735.0
2024-12-16,76588.0
2024-12-17,76082.0
2024-12-18,76391.0
2024-12-19,75696.0
2024-12-20,75233.0
2024-12-23,75671.0
2024-12-24,75640.0
2024-12-25,75640.0
2024-12-26,75640.0
2024-12-27,75990.0
2024-12-30,75990.0
2024-12-31,75874.0
2025-01-01,75913.0
2025-01-02,76308.0
2025-01-03,76720.0
2025-01-06,76720.0
2025-01-07,76670.0
2025-01-08,76811.0
2025-01-09,77122.0
2025-01-10,77355.0
2025-01-13,77355.0
2025-01-14,77971.0
2025-01-15,77971.0
2025-01-16,78098.0
2025-01-17,78708.0
2025-01-20,78708.0
2025-01-21,79002.0
2025-01-22,79177.0
2025-01-23,79765.0
2025-01-24,79630.0
2025-01-27,79630.0
2025-01-28,80028.0
2025-01-29,79999.0
2025-01-30,80581.0
2025-01-31,81798.0
2025-02-03,82313.0
2025-02-04,82792.0
2025-02-05,84377.0
2025-02-06,84252.0
2025-02-07,84288.0
2025-02-10,85379.0
2025-02-11,85081.0
2025-02-12,84688.0
2025-02-13,85443.0
2025-02-14,85769.0
2025-02-17,84923.0
2025-02-18,85387.0
2025-02-19,86360.0
2025-02-20,86243.0
2025-02-21,85695.0
2025-02-24,86086.0
2025-02-25,86275.0
2025-02-26,86275.0
2025-02-27,85225.0
2025-02-28,84789.0
2025-03-03,84828.0
2025-03-04,86022.0
2025-03-05,85992.0
2025-03-06,85468.0
2025-03-07,85730.0
2025-03-10,85721.0
2025-03-11,85663.0
2025-03-12,85765.0
2025-03-13,86410.0
2025-03-14,86410.0
2025-03-17,87722.0
2025-03-18,88025.0
2025-03-19,88288.0
2025-03-20,88153.0
2025-03-21,87821.0
2025-03-24,87447.0
2025-03-25,87438.0
2025-03-26,87363.0
2025-03-27,88112.0
2025-03-28,88691.0
2025-03-31,88691.0
2025-04-01,90797.0
2025-04-02,90764.0
2025-04-03,90121.0
2025-04-04,89762.0
2025-04-07,88314.0
2025-04-08,88047.0
2025-04-09,89297.0
2025-04-10,89297.0
2025-04-11,93127.0
2025-04-14,93127.0
2025-04-15,92822.0
2025-04-16,94304.0
2025-04-17,94629.0
2025-04-18,94629.0
2025-04-21,94629.0
2025-04-22,96276.0
2025-04-23,98228.0
2025-04-24,95641.0
2025-04-25,95719.0
2025-04-28,95719.0
2025-04-29,94600.0
2025-04-30,95561.0
2025-05-01,93928.0
2025-05-02,93928.0
2025-05-05,93928.0
2025-05-06,94883.0
2025-05-07,96708.0
2025-05-08,97192.0
2025-05-09,96664.0
2025-05-12,96664.0
2025-05-13,92631.0
2025-05-14,94036.0
2025-05-15,93407.0
2025-05-16,92020.0
2025-05-19,92020.0
2025-05-20,93428.0
2025-05-21,93190.0
2025-05-22,95215.0
2025-05-23,95395.0
2025-05-26,95395.0
2025-05-27,95488.0
2025-05-28,94936.0
2025-05-29,95521.0
2025-05-30,94954.0
2025-06-02,94954.0
2025-06-03,96153.0
2025-06-04,96449.0
2025-06-05,96722.0
2025-06-06,97553.0
2025-06-09,97553.0
2025-06-10,95677.0
2025-06-11,95802.0
2025-06-12,95848.0
2025-06-13,96795.0
2025-06-16,96795.0
2025-06-17,98858.0
2025-06-18,98768.0
2025-06-19,98931.0
2025-06-20,98886.0
2025-06-23,98886.0
2025-06-24,98718.0
2025-06-25,96781.0
2025-06-26,96813.0
2025-06-27,96733.0
2025-06-30,96733.0
2025-07-01,95676.0
2025-07-02,96900.0
2025-07-03,97057.0
2025-07-04,96933.0
2025-07-07,96933.0
2025-07-08,96317.0
2025-07-09,96537.0
2025-07-10,95654.0
2025-07-11,96499.0
2025-07-14,96499.0
2025-07-15,97961.0
2025-07-16,97604.0
2025-07-17,97196.0
2025-07-18,97100.0
2025-07-21,97100.0
2025-07-22,98351.0
2025-07-23,99026.0
2025-07-24,100130.0
2025-07-25,98442.0
2025-07-28,98442.0
2025-07-29,98040.0
2025-07-30,97912.0
2025-07-31,98616.0
2025-08-01,98068.0
2025-08-04,98068.0
2025-08-05,99515.0
2025-08-06,99760.0
2025-08-07,99977.0
2025-08-08,100132.0
2025-08-11,100132.0
2025-08-12,99669.0
2025-08-13,99371.0
2025-08-14,99722.0
2025-08-15,99665.0
2025-08-18,99665.0
2025-08-19,99202.0
2025-08-20,98702.0
2025-08-21,98365.0
2025-08-22,98904.0
2025-08-25,98904.0
2025-08-26,100036.0
2025-08-27,100351.0
2025-08-28,100351.0
2025-08-29,100999.0
2025-09-01,100999.0
2025-09-02,103969.0
2025-09-03,103987.0
2025-09-04,105279.0
2025-09-05,105570.0
2025-09-08,105570.0
2025-09-09,107595.0
2025-09-10,109013.0
2025-09-11,109173.0
2025-09-12,108690.0
2025-09-15,108690.0
2025-09-16,109072.0
2025-09-17,110494.0
2025-09-18,109303.0
2025-09-19,109696.0
2025-09-22,109696.0
2025-09-23,111599.0
2025-09-24,113884.0
2025-09-25,113167.0
2025-09-26,113054.0
2025-09-29,113054.0
2025-09-30,114745.0
2025-10-01,114761.0
2025-10-02,116933.0
2025-10-03,116933.0
2025-10-06,116933.0
2025-10-07,118807.0
2025-10-08,119400.0
2025-10-09,121814.0
2025-10-10,122169.0
2025-10-13,122169.0
2025-10-14,123377.0
2025-10-15,125675.0
2025-10-16,126338.0
2025-10-17,126815.0
2025-10-20,126815.0
2025-10-21,126854.0
2025-10-22,126854.0
2025-10-23,126854.0
2025-10-24,126854.0
2025-10-27,126854.0
2025-10-28,120909.0
2025-10-29,117583.0
2025-10-30,120367.0
2025-10-31,119905.0
2025-11-03,119905.0
2025-11-04,120156.0
2025-11-05,119944.0
2025-11-06,119289.0
2025-11-07,120183.0
2025-11-10,120183.0
2025-11-11,121817.0
2025-11-12,123623.0
2025-11-13,123375.0
2025-11-14,126587.0
2025-11-17,126587.0
2025-11-18,122902.0
2025-11-19,121519.0
2025-11-20,123452.0
2025-11-21,122235.0
2025-11-24,122235.0
2025-11-25,122780.0
2025-11-26,124691.0
2025-11-27,125665.0
2025-11-28,125471.0
2025-12-01,125471.0
2025-12-02,128528.0
2025-12-03,127081.0
2025-12-04,127860.0
2025-12-05,127441.0
2025-12-08,127441.0
2025-12-09,128021.0
2025-12-10,127762.0
2025-12-11,127440.0
2025-12-12,128694.0
2025-12-15,128694.0
2025-12-16,132940.0
2025-12-17,131555.0
2025-12-18,131922.0
2025-12-19,131927.0
2025-12-22,131927.0
2025-12-23,133589.0
2025-12-24,135850.0
2025-12-25,135850.0
2025-12-26,136139.0
2025-12-29,136139.0
2025-12-30,136526.0
2025-12-31,133826.0
2026-01-01,132640.0
2026-01-02,132941.0
2026-01-05,132941.0
2026-01-06,135779.0
2026-01-07,136210.0
2026-01-08,136103.0
2026-01-09,135293.0
2026-01-12,135293.0
2026-01-13,139967.0
2026-01-14,139799.0
2026-01-15,139799.0
2026-01-16,139799.0
2026-01-19,139799.0
2026-01-20,143670.0
2026-01-21,147088.0
2026-01-22,153662.0
2026-01-23,150671.0
2026-01-26,150671.0
2026-01-27,150671.0
2026-01-28,158885.0
2026-01-29,164621.0
2026-01-30,175231.0
2026-02-02,147878.0
2026-02-03,151858.0
2026-02-04,156709.0
2026-02-05,151519.0
2026-02-06,151677.0
2026-02-09,154262.0
2026-02-10,155646.0
2026-02-11,155999.0
2026-02-12,155398.0
2026-02-13,152730.0
2026-02-16,153782.0
2026-02-17,151525.0
2026-02-18,151196.0
2026-02-19,154137.0
2026-02-20,154463.0
2026-02-23,157781.0
2026-02-24,158701.0
2026-02-25,158903.0
2026-02-26,157595.0
2026-02-27,158585.0
2026-03-02,167090.0
2026-03-03,162029.0
2026-03-04,162029.0
2026-03-05,159878.0
2026-03-06,157967.0
2026-03-09,159038.0
2026-03-10,159691.0
2026-03-11,160150.0
2026-03-12,159809.0
2026-03-13,158013.0
2026-03-16,154395.0
2026-03-17,155297.0
2026-03-18,154597.0
2026-03-19,147418.0
2026-03-20,146842.0
2026-03-23,146842.0
2026-03-24,146842.0
2026-03-25,146842.0
2026-03-26,146842.0
2026-03-27,146842.0
